game_id,season,game_type,week,gameday,weekday,gametime,away_team,away_score,home_team,home_score,location,result,total,overtime,div_game,roof,surface,stadium,completed
2021_01_DAL_TB,2021,REG,1,2021-09-09,Thursday,20:20,DAL,29.0,TB,31.0,Home,2.0,60.0,0.0,0,outdoors,grass ,Raymond James Stadium,True
2021_01_PHI_ATL,2021,REG,1,2021-09-12,Sunday,13:00,PHI,32.0,ATL,6.0,Home,-26.0,38.0,0.0,0,open,fieldturf,Mercedes-Benz Stadium,True
2021_01_PIT_BUF,2021,REG,1,2021-09-12,Sunday,13:00,PIT,23.0,BUF,16.0,Home,-7.0,39.0,0.0,0,outdoors,a_turf,New Era Field,True
2021_01_NYJ_CAR,2021,REG,1,2021-09-12,Sunday,13:00,NYJ,14.0,CAR,19.0,Home,5.0,33.0,0.0,0,outdoors,grass ,Bank of America Stadium,True
2021_01_MIN_CIN,2021,REG,1,2021-09-12,Sunday,13:00,MIN,24.0,CIN,27.0,Home,3.0,51.0,1.0,0,outdoors,fieldturf,Paul Brown Stadium,True
2021_01_SF_DET,2021,REG,1,2021-09-12,Sunday,13:00,SF,41.0,DET,33.0,Home,-8.0,74.0,0.0,0,dome,fieldturf,Ford Field,True
2021_01_JAX_HOU,2021,REG,1,2021-09-12,Sunday,13:00,JAX,21.0,HOU,37.0,Home,16.0,58.0,0.0,1,closed,astroturf,NRG Stadium,True
2021_01_SEA_IND,2021,REG,1,2021-09-12,Sunday,13:00,SEA,28.0,IND,16.0,Home,-12.0,44.0,0.0,0,closed,fieldturf,Lucas Oil Stadium,True
2021_01_ARI_TEN,2021,REG,1,2021-09-12,Sunday,13:00,ARI,38.0,TEN,13.0,Home,-25.0,51.0,0.0,0,outdoors,grass ,Nissan Stadium,True
2021_01_LAC_WAS,2021,REG,1,2021-09-12,Sunday,13:00,LAC,20.0,WAS,16.0,Home,-4.0,36.0,0.0,0,outdoors,grass ,FedExField,True
2021_01_CLE_KC,2021,REG,1,2021-09-12,Sunday,16:25,CLE,29.0,KC,33.0,Home,4.0,62.0,0.0,0,outdoors,grass ,GEHA Field at Arrowhead Stadium,True
2021_01_MIA_NE,2021,REG,1,2021-09-12,Sunday,16:25,MIA,17.0,NE,16.0,Home,-1.0,33.0,0.0,1,outdoors,fieldturf,Gillette Stadium,True
2021_01_GB_NO,2021,REG,1,2021-09-12,Sunday,16:25,GB,3.0,NO,38.0,Neutral,35.0,41.0,0.0,0,outdoors,grass ,TIAA Bank Stadium,True
2021_01_DEN_NYG,2021,REG,1,2021-09-12,Sunday,16:25,DEN,27.0,NYG,13.0,Home,-14.0,40.0,0.0,0,outdoors,fieldturf,MetLife Stadium,True
2021_01_CHI_LA,2021,REG,1,2021-09-12,Sunday,20:20,CHI,14.0,LA,34.0,Home,20.0,48.0,0.0,0,dome,matrixturf,SoFi Stadium,True
2021_01_BAL_LV,2021,REG,1,2021-09-13,Monday,20:15,BAL,27.0,LV,33.0,Home,6.0,60.0,1.0,0,dome,grass,Allegiant Stadium,True
2021_02_NYG_WAS,2021,REG,2,2021-09-16,Thursday,20:20,NYG,29.0,WAS,30.0,Home,1.0,59.0,0.0,1,outdoors,grass ,FedExField,True
2021_02_NO_CAR,2021,REG,2,2021-09-19,Sunday,13:00,NO,7.0,CAR,26.0,Home,19.0,33.0,0.0,1,outdoors,grass ,Bank of America Stadium,True
2021_02_CIN_CHI,2021,REG,2,2021-09-19,Sunday,13:00,CIN,17.0,CHI,20.0,Home,3.0,37.0,0.0,0,outdoors,grass ,Soldier Field,True
2021_02_HOU_CLE,2021,REG,2,2021-09-19,Sunday,13:00,HOU,21.0,CLE,31.0,Home,10.0,52.0,0.0,0,outdoors,grass ,FirstEnergy Stadium,True
2021_02_LA_IND,2021,REG,2,2021-09-19,Sunday,13:00,LA,27.0,IND,24.0,Home,-3.0,51.0,0.0,0,closed,fieldturf,Lucas Oil Stadium,True
2021_02_DEN_JAX,2021,REG,2,2021-09-19,Sunday,13:00,DEN,23.0,JAX,13.0,Home,-10.0,36.0,0.0,0,outdoors,grass ,TIAA Bank Stadium,True
2021_02_BUF_MIA,2021,REG,2,2021-09-19,Sunday,13:00,BUF,35.0,MIA,0.0,Home,-35.0,35.0,0.0,1,outdoors,grass ,Hard Rock Stadium,True
2021_02_NE_NYJ,2021,REG,2,2021-09-19,Sunday,13:00,NE,25.0,NYJ,6.0,Home,-19.0,31.0,0.0,1,outdoors,fieldturf,MetLife Stadium,True
2021_02_SF_PHI,2021,REG,2,2021-09-19,Sunday,13:00,SF,17.0,PHI,11.0,Home,-6.0,28.0,0.0,0,outdoors,grass ,Lincoln Financial Field,True
2021_02_LV_PIT,2021,REG,2,2021-09-19,Sunday,13:00,LV,26.0,PIT,17.0,Home,-9.0,43.0,0.0,0,outdoors,grass ,Heinz Field,True
2021_02_MIN_ARI,2021,REG,2,2021-09-19,Sunday,16:05,MIN,33.0,ARI,34.0,Home,1.0,67.0,0.0,0,closed,grass ,State Farm Stadium,True
2021_02_ATL_TB,2021,REG,2,2021-09-19,Sunday,16:05,ATL,25.0,TB,48.0,Home,23.0,73.0,0.0,1,outdoors,grass ,Raymond James Stadium,True
2021_02_DAL_LAC,2021,REG,2,2021-09-19,Sunday,16:25,DAL,20.0,LAC,17.0,Home,-3.0,37.0,0.0,0,dome,matrixturf,SoFi Stadium,True
2021_02_TEN_SEA,2021,REG,2,2021-09-19,Sunday,16:25,TEN,33.0,SEA,30.0,Home,-3.0,63.0,1.0,0,outdoors,fieldturf,Lumen Field,True
2021_02_KC_BAL,2021,REG,2,2021-09-19,Sunday,20:20,KC,35.0,BAL,36.0,Home,1.0,71.0,0.0,0,outdoors,grass,M&T Bank Stadium,True
2021_02_DET_GB,2021,REG,2,2021-09-20,Monday,20:15,DET,17.0,GB,35.0,Home,18.0,52.0,0.0,1,outdoors,grass ,Lambeau Field,True
2021_03_CAR_HOU,2021,REG,3,2021-09-23,Thursday,20:20,CAR,24.0,HOU,9.0,Home,-15.0,33.0,0.0,0,closed,astroturf,NRG Stadium,True
2021_03_WAS_BUF,2021,REG,3,2021-09-26,Sunday,13:00,WAS,21.0,BUF,43.0,Home,22.0,64.0,0.0,0,outdoors,a_turf,New Era Field,True
2021_03_CHI_CLE,2021,REG,3,2021-09-26,Sunday,13:00,CHI,6.0,CLE,26.0,Home,20.0,32.0,0.0,0,outdoors,grass ,FirstEnergy Stadium,True
2021_03_BAL_DET,2021,REG,3,2021-09-26,Sunday,13:00,BAL,19.0,DET,17.0,Home,-2.0,36.0,0.0,0,dome,fieldturf,Ford Field,True
2021_03_ARI_JAX,2021,REG,3,2021-09-26,Sunday,13:00,ARI,31.0,JAX,19.0,Home,-12.0,50.0,0.0,0,outdoors,grass ,TIAA Bank Stadium,True
2021_03_LAC_KC,2021,REG,3,2021-09-26,Sunday,13:00,LAC,30.0,KC,24.0,Home,-6.0,54.0,0.0,1,outdoors,grass ,GEHA Field at Arrowhead Stadium,True
2021_03_NO_NE,2021,REG,3,2021-09-26,Sunday,13:00,NO,28.0,NE,13.0,Home,-15.0,41.0,0.0,0,outdoors,fieldturf,Gillette Stadium,True
2021_03_ATL_NYG,2021,REG,3,2021-09-26,Sunday,13:00,ATL,17.0,NYG,14.0,Home,-3.0,31.0,0.0,0,outdoors,fieldturf,MetLife Stadium,True
2021_03_CIN_PIT,2021,REG,3,2021-09-26,Sunday,13:00,CIN,24.0,PIT,10.0,Home,-14.0,34.0,0.0,1,outdoors,grass ,Heinz Field,True
2021_03_IND_TEN,2021,REG,3,2021-09-26,Sunday,13:00,IND,16.0,TEN,25.0,Home,9.0,41.0,0.0,1,outdoors,grass ,Nissan Stadium,True
2021_03_NYJ_DEN,2021,REG,3,2021-09-26,Sunday,16:05,NYJ,0.0,DEN,26.0,Home,26.0,26.0,0.0,0,outdoors,grass ,Empower Field at Mile High,True
2021_03_MIA_LV,2021,REG,3,2021-09-26,Sunday,16:05,MIA,28.0,LV,31.0,Home,3.0,59.0,1.0,0,dome,grass,Allegiant Stadium,True
2021_03_TB_LA,2021,REG,3,2021-09-26,Sunday,16:25,TB,24.0,LA,34.0,Home,10.0,58.0,0.0,0,dome,matrixturf,SoFi Stadium,True
2021_03_SEA_MIN,2021,REG,3,2021-09-26,Sunday,16:25,SEA,17.0,MIN,30.0,Home,13.0,47.0,0.0,0,dome,sportturf,U.S. Bank Stadium,True
2021_03_GB_SF,2021,REG,3,2021-09-26,Sunday,20:20,GB,30.0,SF,28.0,Home,-2.0,58.0,0.0,0,outdoors,grass,Levi's Stadium,True
2021_03_PHI_DAL,2021,REG,3,2021-09-27,Monday,20:15,PHI,21.0,DAL,41.0,Home,20.0,62.0,0.0,1,open,matrixturf,AT&T Stadium,True
2021_04_JAX_CIN,2021,REG,4,2021-09-30,Thursday,20:20,JAX,21.0,CIN,24.0,Home,3.0,45.0,0.0,0,outdoors,fieldturf,Paul Brown Stadium,True
2021_04_WAS_ATL,2021,REG,4,2021-10-03,Sunday,13:00,WAS,34.0,ATL,30.0,Home,-4.0,64.0,0.0,0,open,fieldturf,Mercedes-Benz Stadium,True
2021_04_HOU_BUF,2021,REG,4,2021-10-03,Sunday,13:00,HOU,0.0,BUF,40.0,Home,40.0,40.0,0.0,0,outdoors,a_turf,New Era Field,True
2021_04_DET_CHI,2021,REG,4,2021-10-03,Sunday,13:00,DET,14.0,CHI,24.0,Home,10.0,38.0,0.0,1,outdoors,grass ,Soldier Field,True
2021_04_CAR_DAL,2021,REG,4,2021-10-03,Sunday,13:00,CAR,28.0,DAL,36.0,Home,8.0,64.0,0.0,0,closed,matrixturf,AT&T Stadium,True
2021_04_IND_MIA,2021,REG,4,2021-10-03,Sunday,13:00,IND,27.0,MIA,17.0,Home,-10.0,44.0,0.0,0,outdoors,grass ,Hard Rock Stadium,True
2021_04_CLE_MIN,2021,REG,4,2021-10-03,Sunday,13:00,CLE,14.0,MIN,7.0,Home,-7.0,21.0,0.0,0,dome,sportturf,U.S. Bank Stadium,True
2021_04_NYG_NO,2021,REG,4,2021-10-03,Sunday,13:00,NYG,27.0,NO,21.0,Home,-6.0,48.0,1.0,0,dome,sportturf,Mercedes-Benz Superdome,True
2021_04_TEN_NYJ,2021,REG,4,2021-10-03,Sunday,13:00,TEN,24.0,NYJ,27.0,Home,3.0,51.0,1.0,0,outdoors,fieldturf,MetLife Stadium,True
2021_04_KC_PHI,2021,REG,4,2021-10-03,Sunday,13:00,KC,42.0,PHI,30.0,Home,-12.0,72.0,0.0,0,outdoors,grass ,Lincoln Financial Field,True
2021_04_ARI_LA,2021,REG,4,2021-10-03,Sunday,16:05,ARI,37.0,LA,20.0,Home,-17.0,57.0,0.0,1,dome,matrixturf,SoFi Stadium,True
2021_04_SEA_SF,2021,REG,4,2021-10-03,Sunday,16:05,SEA,28.0,SF,21.0,Home,-7.0,49.0,0.0,1,outdoors,grass,Levi's Stadium,True
2021_04_BAL_DEN,2021,REG,4,2021-10-03,Sunday,16:25,BAL,23.0,DEN,7.0,Home,-16.0,30.0,0.0,0,outdoors,grass ,Empower Field at Mile High,True
2021_04_PIT_GB,2021,REG,4,2021-10-03,Sunday,16:25,PIT,17.0,GB,27.0,Home,10.0,44.0,0.0,0,outdoors,grass ,Lambeau Field,True
2021_04_TB_NE,2021,REG,4,2021-10-03,Sunday,20:20,TB,19.0,NE,17.0,Home,-2.0,36.0,0.0,0,outdoors,fieldturf,Gillette Stadium,True
2021_04_LV_LAC,2021,REG,4,2021-10-04,Monday,20:15,LV,14.0,LAC,28.0,Home,14.0,42.0,0.0,1,dome,matrixturf,SoFi Stadium,True
2021_05_LA_SEA,2021,REG,5,2021-10-07,Thursday,20:20,LA,26.0,SEA,17.0,Home,-9.0,43.0,0.0,1,outdoors,fieldturf,Lumen Field,True
2021_05_NYJ_ATL,2021,REG,5,2021-10-10,Sunday,09:30,NYJ,20.0,ATL,27.0,Neutral,7.0,47.0,0.0,0,outdoors,grass,Tottenham Stadium,True
2021_05_PHI_CAR,2021,REG,5,2021-10-10,Sunday,13:00,PHI,21.0,CAR,18.0,Home,-3.0,39.0,0.0,0,outdoors,grass ,Bank of America Stadium,True
2021_05_GB_CIN,2021,REG,5,2021-10-10,Sunday,13:00,GB,25.0,CIN,22.0,Home,-3.0,47.0,1.0,0,outdoors,fieldturf,Paul Brown Stadium,True
2021_05_NE_HOU,2021,REG,5,2021-10-10,Sunday,13:00,NE,25.0,HOU,22.0,Home,-3.0,47.0,0.0,0,closed,astroturf,NRG Stadium,True
2021_05_TEN_JAX,2021,REG,5,2021-10-10,Sunday,13:00,TEN,37.0,JAX,19.0,Home,-18.0,56.0,0.0,1,outdoors,grass ,TIAA Bank Stadium,True
2021_05_DET_MIN,2021,REG,5,2021-10-10,Sunday,13:00,DET,17.0,MIN,19.0,Home,2.0,36.0,0.0,1,dome,sportturf,U.S. Bank Stadium,True
2021_05_DEN_PIT,2021,REG,5,2021-10-10,Sunday,13:00,DEN,19.0,PIT,27.0,Home,8.0,46.0,0.0,0,outdoors,grass ,Heinz Field,True
2021_05_MIA_TB,2021,REG,5,2021-10-10,Sunday,13:00,MIA,17.0,TB,45.0,Home,28.0,62.0,0.0,0,outdoors,grass ,Raymond James Stadium,True
2021_05_NO_WAS,2021,REG,5,2021-10-10,Sunday,13:00,NO,33.0,WAS,22.0,Home,-11.0,55.0,0.0,0,outdoors,grass ,FedExField,True
2021_05_CLE_LAC,2021,REG,5,2021-10-10,Sunday,16:05,CLE,42.0,LAC,47.0,Home,5.0,89.0,0.0,0,dome,matrixturf,SoFi Stadium,True
2021_05_CHI_LV,2021,REG,5,2021-10-10,Sunday,16:05,CHI,20.0,LV,9.0,Home,-11.0,29.0,0.0,0,dome,grass,Allegiant Stadium,True
2021_05_SF_ARI,2021,REG,5,2021-10-10,Sunday,16:25,SF,10.0,ARI,17.0,Home,7.0,27.0,0.0,1,closed,grass ,State Farm Stadium,True
2021_05_NYG_DAL,2021,REG,5,2021-10-10,Sunday,16:25,NYG,20.0,DAL,44.0,Home,24.0,64.0,0.0,1,closed,matrixturf,AT&T Stadium,True
2021_05_BUF_KC,2021,REG,5,2021-10-10,Sunday,20:20,BUF,38.0,KC,20.0,Home,-18.0,58.0,0.0,0,outdoors,grass ,GEHA Field at Arrowhead Stadium,True
2021_05_IND_BAL,2021,REG,5,2021-10-11,Monday,20:15,IND,25.0,BAL,31.0,Home,6.0,56.0,1.0,0,outdoors,grass,M&T Bank Stadium,True
2021_06_TB_PHI,2021,REG,6,2021-10-14,Thursday,20:20,TB,28.0,PHI,22.0,Home,-6.0,50.0,0.0,0,outdoors,grass ,Lincoln Financial Field,True
2021_06_MIA_JAX,2021,REG,6,2021-10-17,Sunday,09:30,MIA,20.0,JAX,23.0,Neutral,3.0,43.0,0.0,0,outdoors,grass,Tottenham Stadium,True
2021_06_LAC_BAL,2021,REG,6,2021-10-17,Sunday,13:00,LAC,6.0,BAL,34.0,Home,28.0,40.0,0.0,0,outdoors,grass,M&T Bank Stadium,True
2021_06_MIN_CAR,2021,REG,6,2021-10-17,Sunday,13:00,MIN,34.0,CAR,28.0,Home,-6.0,62.0,1.0,0,outdoors,grass ,Bank of America Stadium,True
2021_06_GB_CHI,2021,REG,6,2021-10-17,Sunday,13:00,GB,24.0,CHI,14.0,Home,-10.0,38.0,0.0,1,outdoors,grass ,Soldier Field,True
2021_06_CIN_DET,2021,REG,6,2021-10-17,Sunday,13:00,CIN,34.0,DET,11.0,Home,-23.0,45.0,0.0,0,dome,fieldturf,Ford Field,True
2021_06_HOU_IND,2021,REG,6,2021-10-17,Sunday,13:00,HOU,3.0,IND,31.0,Home,28.0,34.0,0.0,1,open,fieldturf,Lucas Oil Stadium,True
2021_06_LA_NYG,2021,REG,6,2021-10-17,Sunday,13:00,LA,38.0,NYG,11.0,Home,-27.0,49.0,0.0,0,outdoors,fieldturf,MetLife Stadium,True
2021_06_KC_WAS,2021,REG,6,2021-10-17,Sunday,13:00,KC,31.0,WAS,13.0,Home,-18.0,44.0,0.0,0,outdoors,grass ,FedExField,True
2021_06_ARI_CLE,2021,REG,6,2021-10-17,Sunday,16:05,ARI,37.0,CLE,14.0,Home,-23.0,51.0,0.0,0,outdoors,grass ,FirstEnergy Stadium,True
2021_06_LV_DEN,2021,REG,6,2021-10-17,Sunday,16:25,LV,34.0,DEN,24.0,Home,-10.0,58.0,0.0,1,outdoors,grass ,Empower Field at Mile High,True
2021_06_DAL_NE,2021,REG,6,2021-10-17,Sunday,16:25,DAL,35.0,NE,29.0,Home,-6.0,64.0,1.0,0,outdoors,fieldturf,Gillette Stadium,True
2021_06_SEA_PIT,2021,REG,6,2021-10-17,Sunday,20:20,SEA,20.0,PIT,23.0,Home,3.0,43.0,1.0,0,outdoors,grass ,Heinz Field,True
2021_06_BUF_TEN,2021,REG,6,2021-10-18,Monday,20:15,BUF,31.0,TEN,34.0,Home,3.0,65.0,0.0,0,outdoors,grass ,Nissan Stadium,True
2021_07_DEN_CLE,2021,REG,7,2021-10-21,Thursday,20:20,DEN,14.0,CLE,17.0,Home,3.0,31.0,0.0,0,outdoors,grass ,FirstEnergy Stadium,True
2021_07_CIN_BAL,2021,REG,7,2021-10-24,Sunday,13:00,CIN,41.0,BAL,17.0,Home,-24.0,58.0,0.0,1,outdoors,grass,M&T Bank Stadium,True
2021_07_WAS_GB,2021,REG,7,2021-10-24,Sunday,13:00,WAS,10.0,GB,24.0,Home,14.0,34.0,0.0,0,outdoors,grass ,Lambeau Field,True
2021_07_ATL_MIA,2021,REG,7,2021-10-24,Sunday,13:00,ATL,30.0,MIA,28.0,Home,-2.0,58.0,0.0,0,outdoors,grass ,Hard Rock Stadium,True
2021_07_NYJ_NE,2021,REG,7,2021-10-24,Sunday,13:00,NYJ,13.0,NE,54.0,Home,41.0,67.0,0.0,1,outdoors,fieldturf,Gillette Stadium,True
2021_07_CAR_NYG,2021,REG,7,2021-10-24,Sunday,13:00,CAR,3.0,NYG,25.0,Home,22.0,28.0,0.0,0,outdoors,fieldturf,MetLife Stadium,True
2021_07_KC_TEN,2021,REG,7,2021-10-24,Sunday,13:00,KC,3.0,TEN,27.0,Home,24.0,30.0,0.0,0,outdoors,grass ,Nissan Stadium,True
2021_07_DET_LA,2021,REG,7,2021-10-24,Sunday,16:05,DET,19.0,LA,28.0,Home,9.0,47.0,0.0,0,dome,matrixturf,SoFi Stadium,True
2021_07_PHI_LV,2021,REG,7,2021-10-24,Sunday,16:05,PHI,22.0,LV,33.0,Home,11.0,55.0,0.0,0,dome,grass,Allegiant Stadium,True
2021_07_HOU_ARI,2021,REG,7,2021-10-24,Sunday,16:25,HOU,5.0,ARI,31.0,Home,26.0,36.0,0.0,0,closed,grass ,State Farm Stadium,True
2021_07_CHI_TB,2021,REG,7,2021-10-24,Sunday,16:25,CHI,3.0,TB,38.0,Home,35.0,41.0,0.0,0,outdoors,grass ,Raymond James Stadium,True
2021_07_IND_SF,2021,REG,7,2021-10-24,Sunday,20:20,IND,30.0,SF,18.0,Home,-12.0,48.0,0.0,0,outdoors,grass,Levi's Stadium,True
2021_07_NO_SEA,2021,REG,7,2021-10-25,Monday,20:15,NO,13.0,SEA,10.0,Home,-3.0,23.0,0.0,0,outdoors,fieldturf,Lumen Field,True
2021_08_GB_ARI,2021,REG,8,2021-10-28,Thursday,20:20,GB,24.0,ARI,21.0,Home,-3.0,45.0,0.0,0,open,grass ,State Farm Stadium,True
2021_08_CAR_ATL,2021,REG,8,2021-10-31,Sunday,13:00,CAR,19.0,ATL,13.0,Home,-6.0,32.0,0.0,1,open,fieldturf,Mercedes-Benz Stadium,True
2021_08_MIA_BUF,2021,REG,8,2021-10-31,Sunday,13:00,MIA,11.0,BUF,26.0,Home,15.0,37.0,0.0,1,outdoors,a_turf,New Era Field,True
2021_08_SF_CHI,2021,REG,8,2021-10-31,Sunday,13:00,SF,33.0,CHI,22.0,Home,-11.0,55.0,0.0,0,outdoors,grass ,Soldier Field,True
2021_08_PIT_CLE,2021,REG,8,2021-10-31,Sunday,13:00,PIT,15.0,CLE,10.0,Home,-5.0,25.0,0.0,1,outdoors,grass ,FirstEnergy Stadium,True
2021_08_PHI_DET,2021,REG,8,2021-10-31,Sunday,13:00,PHI,44.0,DET,6.0,Home,-38.0,50.0,0.0,0,dome,fieldturf,Ford Field,True
2021_08_LA_HOU,2021,REG,8,2021-10-31,Sunday,13:00,LA,38.0,HOU,22.0,Home,-16.0,60.0,0.0,0,closed,astroturf,NRG Stadium,True
2021_08_TEN_IND,2021,REG,8,2021-10-31,Sunday,13:00,TEN,34.0,IND,31.0,Home,-3.0,65.0,1.0,1,open,fieldturf,Lucas Oil Stadium,True
2021_08_CIN_NYJ,2021,REG,8,2021-10-31,Sunday,13:00,CIN,31.0,NYJ,34.0,Home,3.0,65.0,0.0,0,outdoors,fieldturf,MetLife Stadium,True
2021_08_NE_LAC,2021,REG,8,2021-10-31,Sunday,16:05,NE,27.0,LAC,24.0,Home,-3.0,51.0,0.0,0,dome,matrixturf,SoFi Stadium,True
2021_08_JAX_SEA,2021,REG,8,2021-10-31,Sunday,16:05,JAX,7.0,SEA,31.0,Home,24.0,38.0,0.0,0,outdoors,fieldturf,Lumen Field,True
2021_08_WAS_DEN,2021,REG,8,2021-10-31,Sunday,16:25,WAS,10.0,DEN,17.0,Home,7.0,27.0,0.0,0,outdoors,grass ,Empower Field at Mile High,True
2021_08_TB_NO,2021,REG,8,2021-10-31,Sunday,16:25,TB,27.0,NO,36.0,Home,9.0,63.0,0.0,1,dome,sportturf,Mercedes-Benz Superdome,True
2021_08_DAL_MIN,2021,REG,8,2021-10-31,Sunday,20:20,DAL,20.0,MIN,16.0,Home,-4.0,36.0,0.0,0,dome,sportturf,U.S. Bank Stadium,True
2021_08_NYG_KC,2021,REG,8,2021-11-01,Monday,20:15,NYG,17.0,KC,20.0,Home,3.0,37.0,0.0,0,outdoors,grass ,GEHA Field at Arrowhead Stadium,True
2021_09_NYJ_IND,2021,REG,9,2021-11-04,Thursday,20:20,NYJ,30.0,IND,45.0,Home,15.0,75.0,0.0,0,closed,fieldturf,Lucas Oil Stadium,True
2021_09_MIN_BAL,2021,REG,9,2021-11-07,Sunday,13:00,MIN,31.0,BAL,34.0,Home,3.0,65.0,1.0,0,outdoors,grass,M&T Bank Stadium,True
2021_09_NE_CAR,2021,REG,9,2021-11-07,Sunday,13:00,NE,24.0,CAR,6.0,Home,-18.0,30.0,0.0,0,outdoors,grass ,Bank of America Stadium,True
2021_09_CLE_CIN,2021,REG,9,2021-11-07,Sunday,13:00,CLE,41.0,CIN,16.0,Home,-25.0,57.0,0.0,1,outdoors,fieldturf,Paul Brown Stadium,True
2021_09_DEN_DAL,2021,REG,9,2021-11-07,Sunday,13:00,DEN,30.0,DAL,16.0,Home,-14.0,46.0,0.0,0,closed,matrixturf,AT&T Stadium,True
2021_09_BUF_JAX,2021,REG,9,2021-11-07,Sunday,13:00,BUF,6.0,JAX,9.0,Home,3.0,15.0,0.0,0,outdoors,grass ,TIAA Bank Stadium,True
2021_09_HOU_MIA,2021,REG,9,2021-11-07,Sunday,13:00,HOU,9.0,MIA,17.0,Home,8.0,26.0,0.0,0,outdoors,grass ,Hard Rock Stadium,True
2021_09_ATL_NO,2021,REG,9,2021-11-07,Sunday,13:00,ATL,27.0,NO,25.0,Home,-2.0,52.0,0.0,1,dome,sportturf,Mercedes-Benz Superdome,True
2021_09_LV_NYG,2021,REG,9,2021-11-07,Sunday,13:00,LV,16.0,NYG,23.0,Home,7.0,39.0,0.0,0,outdoors,fieldturf,MetLife Stadium,True
2021_09_LAC_PHI,2021,REG,9,2021-11-07,Sunday,16:05,LAC,27.0,PHI,24.0,Home,-3.0,51.0,0.0,0,outdoors,grass ,Lincoln Financial Field,True
2021_09_GB_KC,2021,REG,9,2021-11-07,Sunday,16:25,GB,7.0,KC,13.0,Home,6.0,20.0,0.0,0,outdoors,grass ,GEHA Field at Arrowhead Stadium,True
2021_09_ARI_SF,2021,REG,9,2021-11-07,Sunday,16:25,ARI,31.0,SF,17.0,Home,-14.0,48.0,0.0,1,outdoors,grass,Levi's Stadium,True
2021_09_TEN_LA,2021,REG,9,2021-11-07,Sunday,20:20,TEN,28.0,LA,16.0,Home,-12.0,44.0,0.0,0,dome,matrixturf,SoFi Stadium,True
2021_09_CHI_PIT,2021,REG,9,2021-11-08,Monday,20:15,CHI,27.0,PIT,29.0,Home,2.0,56.0,0.0,0,outdoors,grass ,Heinz Field,True
2021_10_BAL_MIA,2021,REG,10,2021-11-11,Thursday,20:20,BAL,10.0,MIA,22.0,Home,12.0,32.0,0.0,0,outdoors,grass ,Hard Rock Stadium,True
2021_10_ATL_DAL,2021,REG,10,2021-11-14,Sunday,13:00,ATL,3.0,DAL,43.0,Home,40.0,46.0,0.0,0,closed,matrixturf,AT&T Stadium,True
2021_10_JAX_IND,2021,REG,10,2021-11-14,Sunday,13:00,JAX,17.0,IND,23.0,Home,6.0,40.0,0.0,1,closed,fieldturf,Lucas Oil Stadium,True
2021_10_CLE_NE,2021,REG,10,2021-11-14,Sunday,13:00,CLE,7.0,NE,45.0,Home,38.0,52.0,0.0,0,outdoors,fieldturf,Gillette Stadium,True
2021_10_BUF_NYJ,2021,REG,10,2021-11-14,Sunday,13:00,BUF,45.0,NYJ,17.0,Home,-28.0,62.0,0.0,1,outdoors,fieldturf,MetLife Stadium,True
2021_10_DET_PIT,2021,REG,10,2021-11-14,Sunday,13:00,DET,16.0,PIT,16.0,Home,0.0,32.0,1.0,0,outdoors,grass ,Heinz Field,True
2021_10_NO_TEN,2021,REG,10,2021-11-14,Sunday,13:00,NO,21.0,TEN,23.0,Home,2.0,44.0,0.0,0,outdoors,grass ,Nissan Stadium,True
2021_10_TB_WAS,2021,REG,10,2021-11-14,Sunday,13:00,TB,19.0,WAS,29.0,Home,10.0,48.0,0.0,0,outdoors,grass ,FedExField,True
2021_10_CAR_ARI,2021,REG,10,2021-11-14,Sunday,16:05,CAR,34.0,ARI,10.0,Home,-24.0,44.0,0.0,0,closed,grass ,State Farm Stadium,True
2021_10_MIN_LAC,2021,REG,10,2021-11-14,Sunday,16:05,MIN,27.0,LAC,20.0,Home,-7.0,47.0,0.0,0,dome,matrixturf,SoFi Stadium,True
2021_10_PHI_DEN,2021,REG,10,2021-11-14,Sunday,16:25,PHI,30.0,DEN,13.0,Home,-17.0,43.0,0.0,0,outdoors,grass ,Empower Field at Mile High,True
2021_10_SEA_GB,2021,REG,10,2021-11-14,Sunday,16:25,SEA,0.0,GB,17.0,Home,17.0,17.0,0.0,0,outdoors,grass ,Lambeau Field,True
2021_10_KC_LV,2021,REG,10,2021-11-14,Sunday,20:20,KC,41.0,LV,14.0,Home,-27.0,55.0,0.0,1,dome,grass,Allegiant Stadium,True
2021_10_LA_SF,2021,REG,10,2021-11-15,Monday,20:15,LA,10.0,SF,31.0,Home,21.0,41.0,0.0,1,outdoors,grass,Levi's Stadium,True
2021_11_NE_ATL,2021,REG,11,2021-11-18,Thursday,20:20,NE,25.0,ATL,0.0,Home,-25.0,25.0,0.0,0,closed,fieldturf,Mercedes-Benz Stadium,True
2021_11_IND_BUF,2021,REG,11,2021-11-21,Sunday,13:00,IND,41.0,BUF,15.0,Home,-26.0,56.0,0.0,0,outdoors,a_turf,New Era Field,True
2021_11_WAS_CAR,2021,REG,11,2021-11-21,Sunday,13:00,WAS,27.0,CAR,21.0,Home,-6.0,48.0,0.0,0,outdoors,grass ,Bank of America Stadium,True
2021_11_BAL_CHI,2021,REG,11,2021-11-21,Sunday,13:00,BAL,16.0,CHI,13.0,Home,-3.0,29.0,0.0,0,outdoors,grass ,Soldier Field,True
2021_11_DET_CLE,2021,REG,11,2021-11-21,Sunday,13:00,DET,10.0,CLE,13.0,Home,3.0,23.0,0.0,0,outdoors,grass ,FirstEnergy Stadium,True
2021_11_SF_JAX,2021,REG,11,2021-11-21,Sunday,13:00,SF,30.0,JAX,10.0,Home,-20.0,40.0,0.0,0,outdoors,grass ,TIAA Bank Stadium,True
2021_11_GB_MIN,2021,REG,11,2021-11-21,Sunday,13:00,GB,31.0,MIN,34.0,Home,3.0,65.0,0.0,1,dome,sportturf,U.S. Bank Stadium,True
2021_11_MIA_NYJ,2021,REG,11,2021-11-21,Sunday,13:00,MIA,24.0,NYJ,17.0,Home,-7.0,41.0,0.0,1,outdoors,fieldturf,MetLife Stadium,True
2021_11_NO_PHI,2021,REG,11,2021-11-21,Sunday,13:00,NO,29.0,PHI,40.0,Home,11.0,69.0,0.0,0,outdoors,grass ,Lincoln Financial Field,True
2021_11_HOU_TEN,2021,REG,11,2021-11-21,Sunday,13:00,HOU,22.0,TEN,13.0,Home,-9.0,35.0,0.0,1,outdoors,grass ,Nissan Stadium,True
2021_11_CIN_LV,2021,REG,11,2021-11-21,Sunday,16:05,CIN,32.0,LV,13.0,Home,-19.0,45.0,0.0,0,dome,grass,Allegiant Stadium,True
2021_11_DAL_KC,2021,REG,11,2021-11-21,Sunday,16:25,DAL,9.0,KC,19.0,Home,10.0,28.0,0.0,0,outdoors,grass ,GEHA Field at Arrowhead Stadium,True
2021_11_ARI_SEA,2021,REG,11,2021-11-21,Sunday,16:25,ARI,23.0,SEA,13.0,Home,-10.0,36.0,0.0,1,outdoors,fieldturf,Lumen Field,True
2021_11_PIT_LAC,2021,REG,11,2021-11-21,Sunday,20:20,PIT,37.0,LAC,41.0,Home,4.0,78.0,0.0,0,dome,matrixturf,SoFi Stadium,True
2021_11_NYG_TB,2021,REG,11,2021-11-22,Monday,20:15,NYG,10.0,TB,30.0,Home,20.0,40.0,0.0,0,outdoors,grass ,Raymond James Stadium,True
2021_12_CHI_DET,2021,REG,12,2021-11-25,Thursday,12:30,CHI,16.0,DET,14.0,Home,-2.0,30.0,0.0,1,dome,fieldturf,Ford Field,True
2021_12_LV_DAL,2021,REG,12,2021-11-25,Thursday,16:30,LV,36.0,DAL,33.0,Home,-3.0,69.0,0.0,0,closed,matrixturf,AT&T Stadium,True
2021_12_BUF_NO,2021,REG,12,2021-11-25,Thursday,20:20,BUF,31.0,NO,6.0,Home,-25.0,37.0,0.0,0,dome,sportturf,Mercedes-Benz Superdome,True
2021_12_PIT_CIN,2021,REG,12,2021-11-28,Sunday,13:00,PIT,10.0,CIN,41.0,Home,31.0,51.0,0.0,1,outdoors,fieldturf,Paul Brown Stadium,True
2021_12_NYJ_HOU,2021,REG,12,2021-11-28,Sunday,13:00,NYJ,21.0,HOU,14.0,Home,-7.0,35.0,0.0,0,closed,astroturf,NRG Stadium,True
2021_12_TB_IND,2021,REG,12,2021-11-28,Sunday,13:00,TB,38.0,IND,31.0,Home,-7.0,69.0,0.0,0,closed,fieldturf,Lucas Oil Stadium,True
2021_12_ATL_JAX,2021,REG,12,2021-11-28,Sunday,13:00,ATL,21.0,JAX,14.0,Home,-7.0,35.0,0.0,0,outdoors,grass ,TIAA Bank Stadium,True
2021_12_CAR_MIA,2021,REG,12,2021-11-28,Sunday,13:00,CAR,10.0,MIA,33.0,Home,23.0,43.0,0.0,0,outdoors,grass ,Hard Rock Stadium,True
2021_12_TEN_NE,2021,REG,12,2021-11-28,Sunday,13:00,TEN,13.0,NE,36.0,Home,23.0,49.0,0.0,0,outdoors,fieldturf,Gillette Stadium,True
2021_12_PHI_NYG,2021,REG,12,2021-11-28,Sunday,13:00,PHI,7.0,NYG,13.0,Home,6.0,20.0,0.0,1,outdoors,fieldturf,MetLife Stadium,True
2021_12_LAC_DEN,2021,REG,12,2021-11-28,Sunday,16:05,LAC,13.0,DEN,28.0,Home,15.0,41.0,0.0,1,outdoors,grass ,Empower Field at Mile High,True
2021_12_LA_GB,2021,REG,12,2021-11-28,Sunday,16:25,LA,28.0,GB,36.0,Home,8.0,64.0,0.0,0,outdoors,grass ,Lambeau Field,True
2021_12_MIN_SF,2021,REG,12,2021-11-28,Sunday,16:25,MIN,26.0,SF,34.0,Home,8.0,60.0,0.0,0,outdoors,grass,Levi's Stadium,True
2021_12_CLE_BAL,2021,REG,12,2021-11-28,Sunday,20:20,CLE,10.0,BAL,16.0,Home,6.0,26.0,0.0,1,outdoors,grass,M&T Bank Stadium,True
2021_12_SEA_WAS,2021,REG,12,2021-11-29,Monday,20:15,SEA,15.0,WAS,17.0,Home,2.0,32.0,0.0,0,outdoors,grass ,FedExField,True
2021_13_DAL_NO,2021,REG,13,2021-12-02,Thursday,20:20,DAL,27.0,NO,17.0,Home,-10.0,44.0,0.0,0,dome,sportturf,Mercedes-Benz Superdome,True
2021_13_TB_ATL,2021,REG,13,2021-12-05,Sunday,13:00,TB,30.0,ATL,17.0,Home,-13.0,47.0,0.0,1,closed,fieldturf,Mercedes-Benz Stadium,True
2021_13_ARI_CHI,2021,REG,13,2021-12-05,Sunday,13:00,ARI,33.0,CHI,22.0,Home,-11.0,55.0,0.0,0,outdoors,grass ,Soldier Field,True
2021_13_LAC_CIN,2021,REG,13,2021-12-05,Sunday,13:00,LAC,41.0,CIN,22.0,Home,-19.0,63.0,0.0,0,outdoors,fieldturf,Paul Brown Stadium,True
2021_13_MIN_DET,2021,REG,13,2021-12-05,Sunday,13:00,MIN,27.0,DET,29.0,Home,2.0,56.0,0.0,1,dome,fieldturf,Ford Field,True
2021_13_IND_HOU,2021,REG,13,2021-12-05,Sunday,13:00,IND,31.0,HOU,0.0,Home,-31.0,31.0,0.0,1,closed,astroturf,NRG Stadium,True
2021_13_NYG_MIA,2021,REG,13,2021-12-05,Sunday,13:00,NYG,9.0,MIA,20.0,Home,11.0,29.0,0.0,0,outdoors,grass ,Hard Rock Stadium,True
2021_13_PHI_NYJ,2021,REG,13,2021-12-05,Sunday,13:00,PHI,33.0,NYJ,18.0,Home,-15.0,51.0,0.0,0,outdoors,fieldturf,MetLife Stadium,True
2021_13_JAX_LA,2021,REG,13,2021-12-05,Sunday,16:05,JAX,7.0,LA,37.0,Home,30.0,44.0,0.0,0,dome,matrixturf,SoFi Stadium,True
2021_13_WAS_LV,2021,REG,13,2021-12-05,Sunday,16:05,WAS,17.0,LV,15.0,Home,-2.0,32.0,0.0,0,dome,grass,Allegiant Stadium,True
2021_13_BAL_PIT,2021,REG,13,2021-12-05,Sunday,16:25,BAL,19.0,PIT,20.0,Home,1.0,39.0,0.0,1,outdoors,grass ,Heinz Field,True
2021_13_SF_SEA,2021,REG,13,2021-12-05,Sunday,16:25,SF,23.0,SEA,30.0,Home,7.0,53.0,0.0,1,outdoors,fieldturf,Lumen Field,True
2021_13_DEN_KC,2021,REG,13,2021-12-05,Sunday,20:20,DEN,9.0,KC,22.0,Home,13.0,31.0,0.0,1,outdoors,grass ,GEHA Field at Arrowhead Stadium,True
2021_13_NE_BUF,2021,REG,13,2021-12-06,Monday,20:15,NE,14.0,BUF,10.0,Home,-4.0,24.0,0.0,1,outdoors,a_turf,New Era Field,True
2021_14_PIT_MIN,2021,REG,14,2021-12-09,Thursday,20:20,PIT,28.0,MIN,36.0,Home,8.0,64.0,0.0,0,dome,sportturf,U.S. Bank Stadium,True
2021_14_ATL_CAR,2021,REG,14,2021-12-12,Sunday,13:00,ATL,29.0,CAR,21.0,Home,-8.0,50.0,0.0,1,outdoors,grass ,Bank of America Stadium,True
2021_14_BAL_CLE,2021,REG,14,2021-12-12,Sunday,13:00,BAL,22.0,CLE,24.0,Home,2.0,46.0,0.0,1,outdoors,grass ,FirstEnergy Stadium,True
2021_14_SEA_HOU,2021,REG,14,2021-12-12,Sunday,13:00,SEA,33.0,HOU,13.0,Home,-20.0,46.0,0.0,0,open,astroturf,NRG Stadium,True
2021_14_LV_KC,2021,REG,14,2021-12-12,Sunday,13:00,LV,9.0,KC,48.0,Home,39.0,57.0,0.0,1,outdoors,grass ,GEHA Field at Arrowhead Stadium,True
2021_14_NO_NYJ,2021,REG,14,2021-12-12,Sunday,13:00,NO,30.0,NYJ,9.0,Home,-21.0,39.0,0.0,0,outdoors,fieldturf,MetLife Stadium,True
2021_14_JAX_TEN,2021,REG,14,2021-12-12,Sunday,13:00,JAX,0.0,TEN,20.0,Home,20.0,20.0,0.0,1,outdoors,grass ,Nissan Stadium,True
2021_14_DAL_WAS,2021,REG,14,2021-12-12,Sunday,13:00,DAL,27.0,WAS,20.0,Home,-7.0,47.0,0.0,1,outdoors,grass ,FedExField,True
2021_14_DET_DEN,2021,REG,14,2021-12-12,Sunday,16:05,DET,10.0,DEN,38.0,Home,28.0,48.0,0.0,0,outdoors,grass ,Empower Field at Mile High,True
2021_14_NYG_LAC,2021,REG,14,2021-12-12,Sunday,16:05,NYG,21.0,LAC,37.0,Home,16.0,58.0,0.0,0,dome,matrixturf,SoFi Stadium,True
2021_14_SF_CIN,2021,REG,14,2021-12-12,Sunday,16:25,SF,26.0,CIN,23.0,Home,-3.0,49.0,1.0,0,outdoors,fieldturf,Paul Brown Stadium,True
2021_14_BUF_TB,2021,REG,14,2021-12-12,Sunday,16:25,BUF,27.0,TB,33.0,Home,6.0,60.0,1.0,0,outdoors,grass ,Raymond James Stadium,True
2021_14_CHI_GB,2021,REG,14,2021-12-12,Sunday,20:20,CHI,30.0,GB,45.0,Home,15.0,75.0,0.0,1,outdoors,grass ,Lambeau Field,True
2021_14_LA_ARI,2021,REG,14,2021-12-13,Monday,20:15,LA,30.0,ARI,23.0,Home,-7.0,53.0,0.0,1,open,grass ,State Farm Stadium,True
2021_15_KC_LAC,2021,REG,15,2021-12-16,Thursday,20:20,KC,34.0,LAC,28.0,Home,-6.0,62.0,1.0,1,dome,matrixturf,SoFi Stadium,True
2021_15_NE_IND,2021,REG,15,2021-12-18,Saturday,20:20,NE,17.0,IND,27.0,Home,10.0,44.0,0.0,0,closed,fieldturf,Lucas Oil Stadium,True
2021_15_CAR_BUF,2021,REG,15,2021-12-19,Sunday,13:00,CAR,14.0,BUF,31.0,Home,17.0,45.0,0.0,0,outdoors,a_turf,New Era Field,True
2021_15_ARI_DET,2021,REG,15,2021-12-19,Sunday,13:00,ARI,12.0,DET,30.0,Home,18.0,42.0,0.0,0,dome,fieldturf,Ford Field,True
2021_15_HOU_JAX,2021,REG,15,2021-12-19,Sunday,13:00,HOU,30.0,JAX,16.0,Home,-14.0,46.0,0.0,1,outdoors,grass,TIAA Bank Stadium,True
2021_15_NYJ_MIA,2021,REG,15,2021-12-19,Sunday,13:00,NYJ,24.0,MIA,31.0,Home,7.0,55.0,0.0,1,outdoors,grass,Hard Rock Stadium,True
2021_15_DAL_NYG,2021,REG,15,2021-12-19,Sunday,13:00,DAL,21.0,NYG,6.0,Home,-15.0,27.0,0.0,1,outdoors,fieldturf,MetLife Stadium,True
2021_15_TEN_PIT,2021,REG,15,2021-12-19,Sunday,13:00,TEN,13.0,PIT,19.0,Home,6.0,32.0,0.0,0,outdoors,grass,Heinz Field,True
2021_15_CIN_DEN,2021,REG,15,2021-12-19,Sunday,16:05,CIN,15.0,DEN,10.0,Home,-5.0,25.0,0.0,0,outdoors,grass,Empower Field at Mile High,True
2021_15_ATL_SF,2021,REG,15,2021-12-19,Sunday,16:05,ATL,13.0,SF,31.0,Home,18.0,44.0,0.0,0,outdoors,grass,Levi's Stadium,True
2021_15_GB_BAL,2021,REG,15,2021-12-19,Sunday,16:25,GB,31.0,BAL,30.0,Home,-1.0,61.0,0.0,0,outdoors,grass,M&T Bank Stadium,True
2021_15_NO_TB,2021,REG,15,2021-12-19,Sunday,20:20,NO,9.0,TB,0.0,Home,-9.0,9.0,0.0,1,outdoors,grass,Raymond James Stadium,True
2021_15_LV_CLE,2021,REG,15,2021-12-20,Monday,17:00,LV,16.0,CLE,14.0,Home,-2.0,30.0,0.0,0,outdoors,grass,FirstEnergy Stadium,True
2021_15_MIN_CHI,2021,REG,15,2021-12-20,Monday,20:15,MIN,17.0,CHI,9.0,Home,-8.0,26.0,0.0,1,outdoors,grass,Soldier Field,True
2021_15_SEA_LA,2021,REG,15,2021-12-21,Tuesday,19:00,SEA,10.0,LA,20.0,Home,10.0,30.0,0.0,1,dome,matrixturf,SoFi Stadium,True
2021_15_WAS_PHI,2021,REG,15,2021-12-21,Tuesday,19:00,WAS,17.0,PHI,27.0,Home,10.0,44.0,0.0,1,outdoors,grass,Lincoln Financial Field,True
2021_16_SF_TEN,2021,REG,16,2021-12-23,Thursday,20:20,SF,17.0,TEN,20.0,Home,3.0,37.0,0.0,0,outdoors,grass,Nissan Stadium,True
2021_16_CLE_GB,2021,REG,16,2021-12-25,Saturday,16:30,CLE,22.0,GB,24.0,Home,2.0,46.0,0.0,0,outdoors,grass,Lambeau Field,True
2021_16_IND_ARI,2021,REG,16,2021-12-25,Saturday,20:15,IND,22.0,ARI,16.0,Home,-6.0,38.0,0.0,0,closed,grass,State Farm Stadium,True
2021_16_DET_ATL,2021,REG,16,2021-12-26,Sunday,13:00,DET,16.0,ATL,20.0,Home,4.0,36.0,0.0,0,open,fieldturf,Mercedes-Benz Stadium,True
2021_16_TB_CAR,2021,REG,16,2021-12-26,Sunday,13:00,TB,32.0,CAR,6.0,Home,-26.0,38.0,0.0,1,outdoors,grass,Bank of America Stadium,True
2021_16_BAL_CIN,2021,REG,16,2021-12-26,Sunday,13:00,BAL,21.0,CIN,41.0,Home,20.0,62.0,0.0,1,outdoors,fieldturf,Paul Brown Stadium,True
2021_16_LAC_HOU,2021,REG,16,2021-12-26,Sunday,13:00,LAC,29.0,HOU,41.0,Home,12.0,70.0,0.0,0,closed,astroturf,NRG Stadium,True
2021_16_LA_MIN,2021,REG,16,2021-12-26,Sunday,13:00,LA,30.0,MIN,23.0,Home,-7.0,53.0,0.0,0,dome,sportturf,U.S. Bank Stadium,True
2021_16_BUF_NE,2021,REG,16,2021-12-26,Sunday,13:00,BUF,33.0,NE,21.0,Home,-12.0,54.0,0.0,1,outdoors,fieldturf,Gillette Stadium,True
2021_16_JAX_NYJ,2021,REG,16,2021-12-26,Sunday,13:00,JAX,21.0,NYJ,26.0,Home,5.0,47.0,0.0,0,outdoors,fieldturf,MetLife Stadium,True
2021_16_NYG_PHI,2021,REG,16,2021-12-26,Sunday,13:00,NYG,10.0,PHI,34.0,Home,24.0,44.0,0.0,1,outdoors,grass,Lincoln Financial Field,True
2021_16_CHI_SEA,2021,REG,16,2021-12-26,Sunday,16:05,CHI,25.0,SEA,24.0,Home,-1.0,49.0,0.0,0,outdoors,fieldturf,Lumen Field,True
2021_16_PIT_KC,2021,REG,16,2021-12-26,Sunday,16:25,PIT,10.0,KC,36.0,Home,26.0,46.0,0.0,0,outdoors,grass,GEHA Field at Arrowhead Stadium,True
2021_16_DEN_LV,2021,REG,16,2021-12-26,Sunday,16:25,DEN,13.0,LV,17.0,Home,4.0,30.0,0.0,1,dome,grass,Allegiant Stadium,True
2021_16_WAS_DAL,2021,REG,16,2021-12-26,Sunday,20:20,WAS,14.0,DAL,56.0,Home,42.0,70.0,0.0,1,closed,matrixturf,AT&T Stadium,True
2021_16_MIA_NO,2021,REG,16,2021-12-27,Monday,20:15,MIA,20.0,NO,3.0,Home,-17.0,23.0,0.0,0,dome,sportturf,Mercedes-Benz Superdome,True
2021_17_LA_BAL,2021,REG,17,2022-01-02,Sunday,13:00,LA,20.0,BAL,19.0,Home,-1.0,39.0,0.0,0,outdoors,grass,M&T Bank Stadium,True
2021_17_ATL_BUF,2021,REG,17,2022-01-02,Sunday,13:00,ATL,15.0,BUF,29.0,Home,14.0,44.0,0.0,0,outdoors,a_turf,New Era Field,True
2021_17_NYG_CHI,2021,REG,17,2022-01-02,Sunday,13:00,NYG,3.0,CHI,29.0,Home,26.0,32.0,0.0,0,outdoors,grass,Soldier Field,True
2021_17_KC_CIN,2021,REG,17,2022-01-02,Sunday,13:00,KC,31.0,CIN,34.0,Home,3.0,65.0,0.0,0,outdoors,fieldturf,Paul Brown Stadium,True
2021_17_LV_IND,2021,REG,17,2022-01-02,Sunday,13:00,LV,23.0,IND,20.0,Home,-3.0,43.0,0.0,0,closed,fieldturf,Lucas Oil Stadium,True
2021_17_JAX_NE,2021,REG,17,2022-01-02,Sunday,13:00,JAX,10.0,NE,50.0,Home,40.0,60.0,0.0,0,outdoors,fieldturf,Gillette Stadium,True
2021_17_TB_NYJ,2021,REG,17,2022-01-02,Sunday,13:00,TB,28.0,NYJ,24.0,Home,-4.0,52.0,0.0,0,outdoors,fieldturf,MetLife Stadium,True
2021_17_MIA_TEN,2021,REG,17,2022-01-02,Sunday,13:00,MIA,3.0,TEN,34.0,Home,31.0,37.0,0.0,0,outdoors,grass,Nissan Stadium,True
2021_17_PHI_WAS,2021,REG,17,2022-01-02,Sunday,13:00,PHI,20.0,WAS,16.0,Home,-4.0,36.0,0.0,1,outdoors,grass,FedExField,True
2021_17_DEN_LAC,2021,REG,17,2022-01-02,Sunday,16:05,DEN,13.0,LAC,34.0,Home,21.0,47.0,0.0,1,dome,matrixturf,SoFi Stadium,True
2021_17_HOU_SF,2021,REG,17,2022-01-02,Sunday,16:05,HOU,7.0,SF,23.0,Home,16.0,30.0,0.0,0,outdoors,grass,Levi's Stadium,True
2021_17_ARI_DAL,2021,REG,17,2022-01-02,Sunday,16:25,ARI,25.0,DAL,22.0,Home,-3.0,47.0,0.0,0,closed,matrixturf,AT&T Stadium,True
2021_17_CAR_NO,2021,REG,17,2022-01-02,Sunday,16:25,CAR,10.0,NO,18.0,Home,8.0,28.0,0.0,1,dome,sportturf,Mercedes-Benz Superdome,True
2021_17_DET_SEA,2021,REG,17,2022-01-02,Sunday,16:25,DET,29.0,SEA,51.0,Home,22.0,80.0,0.0,0,outdoors,fieldturf,Lumen Field,True
2021_17_MIN_GB,2021,REG,17,2022-01-02,Sunday,20:20,MIN,10.0,GB,37.0,Home,27.0,47.0,0.0,1,outdoors,grass,Lambeau Field,True
2021_17_CLE_PIT,2021,REG,17,2022-01-03,Monday,20:15,CLE,14.0,PIT,26.0,Home,12.0,40.0,0.0,1,outdoors,grass,Heinz Field,True
2021_18_KC_DEN,2021,REG,18,2022-01-08,Saturday,16:30,KC,28.0,DEN,24.0,Home,-4.0,52.0,0.0,1,outdoors,grass,Empower Field at Mile High,True
2021_18_DAL_PHI,2021,REG,18,2022-01-08,Saturday,20:15,DAL,51.0,PHI,26.0,Home,-25.0,77.0,0.0,1,outdoors,grass,Lincoln Financial Field,True
2021_18_PIT_BAL,2021,REG,18,2022-01-09,Sunday,13:00,PIT,16.0,BAL,13.0,Home,-3.0,29.0,1.0,1,outdoors,grass,M&T Bank Stadium,True
2021_18_CIN_CLE,2021,REG,18,2022-01-09,Sunday,13:00,CIN,16.0,CLE,21.0,Home,5.0,37.0,0.0,1,outdoors,grass,FirstEnergy Stadium,True
2021_18_GB_DET,2021,REG,18,2022-01-09,Sunday,13:00,GB,30.0,DET,37.0,Home,7.0,67.0,0.0,1,dome,fieldturf,Ford Field,True
2021_18_TEN_HOU,2021,REG,18,2022-01-09,Sunday,13:00,TEN,28.0,HOU,25.0,Home,-3.0,53.0,0.0,1,closed,astroturf,NRG Stadium,True
2021_18_IND_JAX,2021,REG,18,2022-01-09,Sunday,13:00,IND,11.0,JAX,26.0,Home,15.0,37.0,0.0,1,outdoors,grass,TIAA Bank Stadium,True
2021_18_CHI_MIN,2021,REG,18,2022-01-09,Sunday,13:00,CHI,17.0,MIN,31.0,Home,14.0,48.0,0.0,1,dome,sportturf,U.S. Bank Stadium,True
2021_18_WAS_NYG,2021,REG,18,2022-01-09,Sunday,13:00,WAS,22.0,NYG,7.0,Home,-15.0,29.0,0.0,1,outdoors,fieldturf,MetLife Stadium,True
2021_18_SEA_ARI,2021,REG,18,2022-01-09,Sunday,16:25,SEA,38.0,ARI,30.0,Home,-8.0,68.0,0.0,1,open,grass,State Farm Stadium,True
2021_18_NO_ATL,2021,REG,18,2022-01-09,Sunday,16:25,NO,30.0,ATL,20.0,Home,-10.0,50.0,0.0,1,closed,fieldturf,Mercedes-Benz Stadium,True
2021_18_NYJ_BUF,2021,REG,18,2022-01-09,Sunday,16:25,NYJ,10.0,BUF,27.0,Home,17.0,37.0,0.0,1,outdoors,a_turf,New Era Field,True
2021_18_SF_LA,2021,REG,18,2022-01-09,Sunday,16:25,SF,27.0,LA,24.0,Home,-3.0,51.0,1.0,1,dome,matrixturf,SoFi Stadium,True
2021_18_NE_MIA,2021,REG,18,2022-01-09,Sunday,16:25,NE,24.0,MIA,33.0,Home,9.0,57.0,0.0,1,outdoors,grass,Hard Rock Stadium,True
2021_18_CAR_TB,2021,REG,18,2022-01-09,Sunday,16:25,CAR,17.0,TB,41.0,Home,24.0,58.0,0.0,1,outdoors,grass,Raymond James Stadium,True
2021_18_LAC_LV,2021,REG,18,2022-01-09,Sunday,20:20,LAC,32.0,LV,35.0,Home,3.0,67.0,1.0,1,dome,grass,Allegiant Stadium,True
2021_19_LV_CIN,2021,WC,19,2022-01-15,Saturday,16:30,LV,19.0,CIN,26.0,Home,7.0,45.0,0.0,0,outdoors,fieldturf,Paul Brown Stadium,True
2021_19_NE_BUF,2021,WC,19,2022-01-15,Saturday,20:15,NE,17.0,BUF,47.0,Home,30.0,64.0,0.0,1,outdoors,a_turf,New Era Field,True
2021_19_PHI_TB,2021,WC,19,2022-01-16,Sunday,13:00,PHI,15.0,TB,31.0,Home,16.0,46.0,0.0,0,outdoors,grass,Raymond James Stadium,True
2021_19_SF_DAL,2021,WC,19,2022-01-16,Sunday,16:30,SF,23.0,DAL,17.0,Home,-6.0,40.0,0.0,0,closed,matrixturf,AT&T Stadium,True
2021_19_PIT_KC,2021,WC,19,2022-01-16,Sunday,20:15,PIT,21.0,KC,42.0,Home,21.0,63.0,0.0,0,outdoors,grass,GEHA Field at Arrowhead Stadium,True
2021_19_ARI_LA,2021,WC,19,2022-01-17,Monday,20:15,ARI,11.0,LA,34.0,Home,23.0,45.0,0.0,1,dome,matrixturf,SoFi Stadium,True
2021_20_CIN_TEN,2021,DIV,20,2022-01-22,Saturday,16:30,CIN,19.0,TEN,16.0,Home,-3.0,35.0,0.0,0,outdoors,grass,Nissan Stadium,True
2021_20_SF_GB,2021,DIV,20,2022-01-22,Saturday,20:15,SF,13.0,GB,10.0,Home,-3.0,23.0,0.0,0,outdoors,grass,Lambeau Field,True
2021_20_LA_TB,2021,DIV,20,2022-01-23,Sunday,15:00,LA,30.0,TB,27.0,Home,-3.0,57.0,0.0,0,outdoors,grass,Raymond James Stadium,True
2021_20_BUF_KC,2021,DIV,20,2022-01-23,Sunday,18:30,BUF,36.0,KC,42.0,Home,6.0,78.0,1.0,0,outdoors,grass,GEHA Field at Arrowhead Stadium,True
2021_21_CIN_KC,2021,CON,21,2022-01-30,Sunday,15:00,CIN,27.0,KC,24.0,Home,-3.0,51.0,1.0,0,outdoors,grass,GEHA Field at Arrowhead Stadium,True
2021_21_SF_LA,2021,CON,21,2022-01-30,Sunday,18:30,SF,17.0,LA,20.0,Home,3.0,37.0,0.0,1,dome,matrixturf,SoFi Stadium,True
2021_22_LA_CIN,2021,SB,22,2022-02-13,Sunday,18:30,LA,23.0,CIN,20.0,Neutral,-3.0,43.0,0.0,0,dome,matrixturf,SoFi Stadium,True
2022_01_BUF_LA,2022,REG,1,2022-09-08,Thursday,20:20,BUF,31.0,LA,10.0,Home,-21.0,41.0,0.0,0,dome,matrixturf,SoFi Stadium,True
2022_01_NO_ATL,2022,REG,1,2022-09-11,Sunday,13:00,NO,27.0,ATL,26.0,Home,-1.0,53.0,0.0,1,closed,fieldturf,Mercedes-Benz Stadium,True
2022_01_CLE_CAR,2022,REG,1,2022-09-11,Sunday,13:00,CLE,26.0,CAR,24.0,Home,-2.0,50.0,0.0,0,outdoors,grass,Bank of America Stadium,True
2022_01_SF_CHI,2022,REG,1,2022-09-11,Sunday,13:00,SF,10.0,CHI,19.0,Home,9.0,29.0,0.0,0,outdoors,grass,Soldier Field,True
2022_01_PIT_CIN,2022,REG,1,2022-09-11,Sunday,13:00,PIT,23.0,CIN,20.0,Home,-3.0,43.0,1.0,1,outdoors,fieldturf,Paycor Stadium,True
2022_01_PHI_DET,2022,REG,1,2022-09-11,Sunday,13:00,PHI,38.0,DET,35.0,Home,-3.0,73.0,0.0,0,dome,fieldturf,Ford Field,True
2022_01_IND_HOU,2022,REG,1,2022-09-11,Sunday,13:00,IND,20.0,HOU,20.0,Home,0.0,40.0,1.0,1,closed,astroturf,NRG Stadium,True
2022_01_NE_MIA,2022,REG,1,2022-09-11,Sunday,13:00,NE,7.0,MIA,20.0,Home,13.0,27.0,0.0,1,outdoors,grass,Hard Rock Stadium,True
2022_01_BAL_NYJ,2022,REG,1,2022-09-11,Sunday,13:00,BAL,24.0,NYJ,9.0,Home,-15.0,33.0,0.0,0,outdoors,fieldturf,MetLife Stadium,True
2022_01_JAX_WAS,2022,REG,1,2022-09-11,Sunday,13:00,JAX,22.0,WAS,28.0,Home,6.0,50.0,0.0,0,outdoors,grass,FedExField,True
2022_01_KC_ARI,2022,REG,1,2022-09-11,Sunday,16:25,KC,44.0,ARI,21.0,Home,-23.0,65.0,0.0,0,closed,grass,State Farm Stadium,True
2022_01_LV_LAC,2022,REG,1,2022-09-11,Sunday,16:25,LV,19.0,LAC,24.0,Home,5.0,43.0,0.0,1,dome,matrixturf,SoFi Stadium,True
2022_01_GB_MIN,2022,REG,1,2022-09-11,Sunday,16:25,GB,7.0,MIN,23.0,Home,16.0,30.0,0.0,1,dome,sportturf,U.S. Bank Stadium,True
2022_01_NYG_TEN,2022,REG,1,2022-09-11,Sunday,16:25,NYG,21.0,TEN,20.0,Home,-1.0,41.0,0.0,0,outdoors,grass,Nissan Stadium,True
2022_01_TB_DAL,2022,REG,1,2022-09-11,Sunday,20:20,TB,19.0,DAL,3.0,Home,-16.0,22.0,0.0,0,closed,matrixturf,AT&T Stadium,True
2022_01_DEN_SEA,2022,REG,1,2022-09-12,Monday,20:15,DEN,16.0,SEA,17.0,Home,1.0,33.0,0.0,0,outdoors,fieldturf,Lumen Field,True
2022_02_LAC_KC,2022,REG,2,2022-09-15,Thursday,20:15,LAC,24.0,KC,27.0,Home,3.0,51.0,0.0,1,outdoors,grass,GEHA Field at Arrowhead Stadium,True
2022_02_MIA_BAL,2022,REG,2,2022-09-18,Sunday,13:00,MIA,42.0,BAL,38.0,Home,-4.0,80.0,0.0,0,outdoors,grass,M&T Bank Stadium,True
2022_02_NYJ_CLE,2022,REG,2,2022-09-18,Sunday,13:00,NYJ,31.0,CLE,30.0,Home,-1.0,61.0,0.0,0,outdoors,grass,FirstEnergy Stadium,True
2022_02_WAS_DET,2022,REG,2,2022-09-18,Sunday,13:00,WAS,27.0,DET,36.0,Home,9.0,63.0,0.0,0,dome,fieldturf,Ford Field,True
2022_02_IND_JAX,2022,REG,2,2022-09-18,Sunday,13:00,IND,0.0,JAX,24.0,Home,24.0,24.0,0.0,1,outdoors,grass,TIAA Bank Stadium,True
2022_02_TB_NO,2022,REG,2,2022-09-18,Sunday,13:00,TB,20.0,NO,10.0,Home,-10.0,30.0,0.0,1,dome,sportturf,Mercedes-Benz Superdome,True
2022_02_CAR_NYG,2022,REG,2,2022-09-18,Sunday,13:00,CAR,16.0,NYG,19.0,Home,3.0,35.0,0.0,0,outdoors,fieldturf,MetLife Stadium,True
2022_02_NE_PIT,2022,REG,2,2022-09-18,Sunday,13:00,NE,17.0,PIT,14.0,Home,-3.0,31.0,0.0,0,outdoors,grass,Acrisure Stadium,True
2022_02_ATL_LA,2022,REG,2,2022-09-18,Sunday,16:05,ATL,27.0,LA,31.0,Home,4.0,58.0,0.0,0,dome,matrixturf,SoFi Stadium,True
2022_02_SEA_SF,2022,REG,2,2022-09-18,Sunday,16:05,SEA,7.0,SF,27.0,Home,20.0,34.0,0.0,1,outdoors,grass,Levi's Stadium,True
2022_02_CIN_DAL,2022,REG,2,2022-09-18,Sunday,16:25,CIN,17.0,DAL,20.0,Home,3.0,37.0,0.0,0,closed,matrixturf,AT&T Stadium,True
2022_02_HOU_DEN,2022,REG,2,2022-09-18,Sunday,16:25,HOU,9.0,DEN,16.0,Home,7.0,25.0,0.0,0,outdoors,grass,Empower Field at Mile High,True
2022_02_ARI_LV,2022,REG,2,2022-09-18,Sunday,16:25,ARI,29.0,LV,23.0,Home,-6.0,52.0,1.0,0,dome,grass,Allegiant Stadium,True
2022_02_CHI_GB,2022,REG,2,2022-09-18,Sunday,20:20,CHI,10.0,GB,27.0,Home,17.0,37.0,0.0,1,outdoors,grass,Lambeau Field,True
2022_02_TEN_BUF,2022,REG,2,2022-09-19,Monday,19:15,TEN,7.0,BUF,41.0,Home,34.0,48.0,0.0,0,outdoors,a_turf,New Era Field,True
2022_02_MIN_PHI,2022,REG,2,2022-09-19,Monday,20:30,MIN,7.0,PHI,24.0,Home,17.0,31.0,0.0,0,outdoors,grass,Lincoln Financial Field,True
2022_03_PIT_CLE,2022,REG,3,2022-09-22,Thursday,20:15,PIT,17.0,CLE,29.0,Home,12.0,46.0,0.0,1,outdoors,grass,FirstEnergy Stadium,True
2022_03_NO_CAR,2022,REG,3,2022-09-25,Sunday,13:00,NO,14.0,CAR,22.0,Home,8.0,36.0,0.0,1,outdoors,grass,Bank of America Stadium,True
2022_03_HOU_CHI,2022,REG,3,2022-09-25,Sunday,13:00,HOU,20.0,CHI,23.0,Home,3.0,43.0,0.0,0,outdoors,grass,Soldier Field,True
2022_03_KC_IND,2022,REG,3,2022-09-25,Sunday,13:00,KC,17.0,IND,20.0,Home,3.0,37.0,0.0,0,open,fieldturf,Lucas Oil Stadium,True
2022_03_BUF_MIA,2022,REG,3,2022-09-25,Sunday,13:00,BUF,19.0,MIA,21.0,Home,2.0,40.0,0.0,1,outdoors,grass,Hard Rock Stadium,True
2022_03_DET_MIN,2022,REG,3,2022-09-25,Sunday,13:00,DET,24.0,MIN,28.0,Home,4.0,52.0,0.0,1,dome,sportturf,U.S. Bank Stadium,True
2022_03_BAL_NE,2022,REG,3,2022-09-25,Sunday,13:00,BAL,37.0,NE,26.0,Home,-11.0,63.0,0.0,0,outdoors,fieldturf,Gillette Stadium,True
2022_03_CIN_NYJ,2022,REG,3,2022-09-25,Sunday,13:00,CIN,27.0,NYJ,12.0,Home,-15.0,39.0,0.0,0,outdoors,fieldturf,MetLife Stadium,True
2022_03_LV_TEN,2022,REG,3,2022-09-25,Sunday,13:00,LV,22.0,TEN,24.0,Home,2.0,46.0,0.0,0,outdoors,grass,Nissan Stadium,True
2022_03_PHI_WAS,2022,REG,3,2022-09-25,Sunday,13:00,PHI,24.0,WAS,8.0,Home,-16.0,32.0,0.0,1,outdoors,grass,FedExField,True
2022_03_JAX_LAC,2022,REG,3,2022-09-25,Sunday,16:05,JAX,38.0,LAC,10.0,Home,-28.0,48.0,0.0,0,dome,matrixturf,SoFi Stadium,True
2022_03_LA_ARI,2022,REG,3,2022-09-25,Sunday,16:25,LA,20.0,ARI,12.0,Home,-8.0,32.0,0.0,1,closed,grass,State Farm Stadium,True
2022_03_ATL_SEA,2022,REG,3,2022-09-25,Sunday,16:25,ATL,27.0,SEA,23.0,Home,-4.0,50.0,0.0,0,outdoors,fieldturf,Lumen Field,True
2022_03_GB_TB,2022,REG,3,2022-09-25,Sunday,16:25,GB,14.0,TB,12.0,Home,-2.0,26.0,0.0,0,outdoors,grass,Raymond James Stadium,True
2022_03_SF_DEN,2022,REG,3,2022-09-25,Sunday,20:20,SF,10.0,DEN,11.0,Home,1.0,21.0,0.0,0,outdoors,grass,Empower Field at Mile High,True
2022_03_DAL_NYG,2022,REG,3,2022-09-26,Monday,20:15,DAL,23.0,NYG,16.0,Home,-7.0,39.0,0.0,1,outdoors,fieldturf,MetLife Stadium,True
2022_04_MIA_CIN,2022,REG,4,2022-09-29,Thursday,20:15,MIA,15.0,CIN,27.0,Home,12.0,42.0,0.0,0,outdoors,fieldturf,Paycor Stadium,True
2022_04_MIN_NO,2022,REG,4,2022-10-02,Sunday,09:30,MIN,28.0,NO,25.0,Neutral,-3.0,53.0,0.0,0,outdoors,,Tottenham Stadium,True
2022_04_CLE_ATL,2022,REG,4,2022-10-02,Sunday,13:00,CLE,20.0,ATL,23.0,Home,3.0,43.0,0.0,0,open,fieldturf,Mercedes-Benz Stadium,True
2022_04_BUF_BAL,2022,REG,4,2022-10-02,Sunday,13:00,BUF,23.0,BAL,20.0,Home,-3.0,43.0,0.0,0,outdoors,grass,M&T Bank Stadium,True
2022_04_WAS_DAL,2022,REG,4,2022-10-02,Sunday,13:00,WAS,10.0,DAL,25.0,Home,15.0,35.0,0.0,1,closed,matrixturf,AT&T Stadium,True
2022_04_SEA_DET,2022,REG,4,2022-10-02,Sunday,13:00,SEA,48.0,DET,45.0,Home,-3.0,93.0,0.0,0,dome,fieldturf,Ford Field,True
2022_04_LAC_HOU,2022,REG,4,2022-10-02,Sunday,13:00,LAC,34.0,HOU,24.0,Home,-10.0,58.0,0.0,0,closed,astroturf,NRG Stadium,True
2022_04_TEN_IND,2022,REG,4,2022-10-02,Sunday,13:00,TEN,24.0,IND,17.0,Home,-7.0,41.0,0.0,1,open,fieldturf,Lucas Oil Stadium,True
2022_04_CHI_NYG,2022,REG,4,2022-10-02,Sunday,13:00,CHI,12.0,NYG,20.0,Home,8.0,32.0,0.0,0,outdoors,fieldturf,MetLife Stadium,True
2022_04_JAX_PHI,2022,REG,4,2022-10-02,Sunday,13:00,JAX,21.0,PHI,29.0,Home,8.0,50.0,0.0,0,outdoors,grass,Lincoln Financial Field,True
2022_04_NYJ_PIT,2022,REG,4,2022-10-02,Sunday,13:00,NYJ,24.0,PIT,20.0,Home,-4.0,44.0,0.0,0,outdoors,grass,Acrisure Stadium,True
2022_04_ARI_CAR,2022,REG,4,2022-10-02,Sunday,16:05,ARI,26.0,CAR,16.0,Home,-10.0,42.0,0.0,0,outdoors,grass,Bank of America Stadium,True
2022_04_NE_GB,2022,REG,4,2022-10-02,Sunday,16:25,NE,24.0,GB,27.0,Home,3.0,51.0,1.0,0,outdoors,grass,Lambeau Field,True
2022_04_DEN_LV,2022,REG,4,2022-10-02,Sunday,16:25,DEN,23.0,LV,32.0,Home,9.0,55.0,0.0,1,dome,grass,Allegiant Stadium,True
2022_04_KC_TB,2022,REG,4,2022-10-02,Sunday,20:20,KC,41.0,TB,31.0,Home,-10.0,72.0,0.0,0,outdoors,grass,Raymond James Stadium,True
2022_04_LA_SF,2022,REG,4,2022-10-03,Monday,20:15,LA,9.0,SF,24.0,Home,15.0,33.0,0.0,1,outdoors,grass,Levi's Stadium,True
2022_05_IND_DEN,2022,REG,5,2022-10-06,Thursday,20:15,IND,12.0,DEN,9.0,Home,-3.0,21.0,1.0,0,outdoors,grass,Empower Field at Mile High,True
2022_05_NYG_GB,2022,REG,5,2022-10-09,Sunday,09:30,NYG,27.0,GB,22.0,Neutral,-5.0,49.0,0.0,0,outdoors,,Tottenham Stadium,True
2022_05_PIT_BUF,2022,REG,5,2022-10-09,Sunday,13:00,PIT,3.0,BUF,38.0,Home,35.0,41.0,0.0,0,outdoors,a_turf,New Era Field,True
2022_05_LAC_CLE,2022,REG,5,2022-10-09,Sunday,13:00,LAC,30.0,CLE,28.0,Home,-2.0,58.0,0.0,0,outdoors,grass,FirstEnergy Stadium,True
2022_05_HOU_JAX,2022,REG,5,2022-10-09,Sunday,13:00,HOU,13.0,JAX,6.0,Home,-7.0,19.0,0.0,1,outdoors,grass,TIAA Bank Stadium,True
2022_05_CHI_MIN,2022,REG,5,2022-10-09,Sunday,13:00,CHI,22.0,MIN,29.0,Home,7.0,51.0,0.0,1,dome,sportturf,U.S. Bank Stadium,True
2022_05_DET_NE,2022,REG,5,2022-10-09,Sunday,13:00,DET,0.0,NE,29.0,Home,29.0,29.0,0.0,0,outdoors,fieldturf,Gillette Stadium,True
2022_05_SEA_NO,2022,REG,5,2022-10-09,Sunday,13:00,SEA,32.0,NO,39.0,Home,7.0,71.0,0.0,0,dome,sportturf,Mercedes-Benz Superdome,True
2022_05_MIA_NYJ,2022,REG,5,2022-10-09,Sunday,13:00,MIA,17.0,NYJ,40.0,Home,23.0,57.0,0.0,1,outdoors,fieldturf,MetLife Stadium,True
2022_05_ATL_TB,2022,REG,5,2022-10-09,Sunday,13:00,ATL,15.0,TB,21.0,Home,6.0,36.0,0.0,1,outdoors,grass,Raymond James Stadium,True
2022_05_TEN_WAS,2022,REG,5,2022-10-09,Sunday,13:00,TEN,21.0,WAS,17.0,Home,-4.0,38.0,0.0,0,outdoors,grass,FedExField,True
2022_05_SF_CAR,2022,REG,5,2022-10-09,Sunday,16:05,SF,37.0,CAR,15.0,Home,-22.0,52.0,0.0,0,outdoors,grass,Bank of America Stadium,True
2022_05_PHI_ARI,2022,REG,5,2022-10-09,Sunday,16:25,PHI,20.0,ARI,17.0,Home,-3.0,37.0,0.0,0,closed,grass,State Farm Stadium,True
2022_05_DAL_LA,2022,REG,5,2022-10-09,Sunday,16:25,DAL,22.0,LA,10.0,Home,-12.0,32.0,0.0,0,dome,matrixturf,SoFi Stadium,True
2022_05_CIN_BAL,2022,REG,5,2022-10-09,Sunday,20:20,CIN,17.0,BAL,19.0,Home,2.0,36.0,0.0,1,outdoors,grass,M&T Bank Stadium,True
2022_05_LV_KC,2022,REG,5,2022-10-10,Monday,20:15,LV,29.0,KC,30.0,Home,1.0,59.0,0.0,1,outdoors,grass,GEHA Field at Arrowhead Stadium,True
2022_06_WAS_CHI,2022,REG,6,2022-10-13,Thursday,20:15,WAS,12.0,CHI,7.0,Home,-5.0,19.0,0.0,0,outdoors,grass,Soldier Field,True
2022_06_SF_ATL,2022,REG,6,2022-10-16,Sunday,13:00,SF,14.0,ATL,28.0,Home,14.0,42.0,0.0,0,open,fieldturf,Mercedes-Benz Stadium,True
2022_06_NE_CLE,2022,REG,6,2022-10-16,Sunday,13:00,NE,38.0,CLE,15.0,Home,-23.0,53.0,0.0,0,outdoors,grass,FirstEnergy Stadium,True
2022_06_NYJ_GB,2022,REG,6,2022-10-16,Sunday,13:00,NYJ,27.0,GB,10.0,Home,-17.0,37.0,0.0,0,outdoors,grass,Lambeau Field,True
2022_06_JAX_IND,2022,REG,6,2022-10-16,Sunday,13:00,JAX,27.0,IND,34.0,Home,7.0,61.0,0.0,1,open,fieldturf,Lucas Oil Stadium,True
2022_06_MIN_MIA,2022,REG,6,2022-10-16,Sunday,13:00,MIN,24.0,MIA,16.0,Home,-8.0,40.0,0.0,0,outdoors,grass,Hard Rock Stadium,True
2022_06_CIN_NO,2022,REG,6,2022-10-16,Sunday,13:00,CIN,30.0,NO,26.0,Home,-4.0,56.0,0.0,0,dome,sportturf,Mercedes-Benz Superdome,True
2022_06_BAL_NYG,2022,REG,6,2022-10-16,Sunday,13:00,BAL,20.0,NYG,24.0,Home,4.0,44.0,0.0,0,outdoors,fieldturf,MetLife Stadium,True
2022_06_TB_PIT,2022,REG,6,2022-10-16,Sunday,13:00,TB,18.0,PIT,20.0,Home,2.0,38.0,0.0,0,outdoors,grass,Acrisure Stadium,True
2022_06_CAR_LA,2022,REG,6,2022-10-16,Sunday,16:05,CAR,10.0,LA,24.0,Home,14.0,34.0,0.0,0,dome,matrixturf,SoFi Stadium,True
2022_06_ARI_SEA,2022,REG,6,2022-10-16,Sunday,16:05,ARI,9.0,SEA,19.0,Home,10.0,28.0,0.0,1,outdoors,fieldturf,Lumen Field,True
2022_06_BUF_KC,2022,REG,6,2022-10-16,Sunday,16:25,BUF,24.0,KC,20.0,Home,-4.0,44.0,0.0,0,outdoors,grass,GEHA Field at Arrowhead Stadium,True
2022_06_DAL_PHI,2022,REG,6,2022-10-16,Sunday,20:20,DAL,17.0,PHI,26.0,Home,9.0,43.0,0.0,1,outdoors,grass,Lincoln Financial Field,True
2022_06_DEN_LAC,2022,REG,6,2022-10-17,Monday,20:15,DEN,16.0,LAC,19.0,Home,3.0,35.0,1.0,1,dome,matrixturf,SoFi Stadium,True
2022_07_NO_ARI,2022,REG,7,2022-10-20,Thursday,20:15,NO,34.0,ARI,42.0,Home,8.0,76.0,0.0,0,open,grass,State Farm Stadium,True
2022_07_CLE_BAL,2022,REG,7,2022-10-23,Sunday,13:00,CLE,20.0,BAL,23.0,Home,3.0,43.0,0.0,1,outdoors,grass,M&T Bank Stadium,True
2022_07_TB_CAR,2022,REG,7,2022-10-23,Sunday,13:00,TB,3.0,CAR,21.0,Home,18.0,24.0,0.0,1,outdoors,grass,Bank of America Stadium,True
2022_07_ATL_CIN,2022,REG,7,2022-10-23,Sunday,13:00,ATL,17.0,CIN,35.0,Home,18.0,52.0,0.0,0,outdoors,fieldturf,Paycor Stadium,True
2022_07_DET_DAL,2022,REG,7,2022-10-23,Sunday,13:00,DET,6.0,DAL,24.0,Home,18.0,30.0,0.0,0,closed,matrixturf,AT&T Stadium,True
2022_07_NYG_JAX,2022,REG,7,2022-10-23,Sunday,13:00,NYG,23.0,JAX,17.0,Home,-6.0,40.0,0.0,0,outdoors,grass,TIAA Bank Stadium,True
2022_07_IND_TEN,2022,REG,7,2022-10-23,Sunday,13:00,IND,10.0,TEN,19.0,Home,9.0,29.0,0.0,1,outdoors,grass,Nissan Stadium,True
2022_07_GB_WAS,2022,REG,7,2022-10-23,Sunday,13:00,GB,21.0,WAS,23.0,Home,2.0,44.0,0.0,0,outdoors,grass,FedExField,True
2022_07_NYJ_DEN,2022,REG,7,2022-10-23,Sunday,16:05,NYJ,16.0,DEN,9.0,Home,-7.0,25.0,0.0,0,outdoors,grass,Empower Field at Mile High,True
2022_07_HOU_LV,2022,REG,7,2022-10-23,Sunday,16:05,HOU,20.0,LV,38.0,Home,18.0,58.0,0.0,0,dome,grass,Allegiant Stadium,True
2022_07_SEA_LAC,2022,REG,7,2022-10-23,Sunday,16:25,SEA,37.0,LAC,23.0,Home,-14.0,60.0,0.0,0,dome,matrixturf,SoFi Stadium,True
2022_07_KC_SF,2022,REG,7,2022-10-23,Sunday,16:25,KC,44.0,SF,23.0,Home,-21.0,67.0,0.0,0,outdoors,,Levi's Stadium,True
2022_07_PIT_MIA,2022,REG,7,2022-10-23,Sunday,20:20,PIT,10.0,MIA,16.0,Home,6.0,26.0,0.0,0,outdoors,grass,Hard Rock Stadium,True
2022_07_CHI_NE,2022,REG,7,2022-10-24,Monday,20:15,CHI,33.0,NE,14.0,Home,-19.0,47.0,0.0,0,outdoors,fieldturf,Gillette Stadium,True
2022_08_BAL_TB,2022,REG,8,2022-10-27,Thursday,20:15,BAL,27.0,TB,22.0,Home,-5.0,49.0,0.0,0,outdoors,grass,Raymond James Stadium,True
2022_08_DEN_JAX,2022,REG,8,2022-10-30,Sunday,09:30,DEN,21.0,JAX,17.0,Neutral,-4.0,38.0,0.0,0,outdoors,,Wembley Stadium,True
2022_08_CAR_ATL,2022,REG,8,2022-10-30,Sunday,13:00,CAR,34.0,ATL,37.0,Home,3.0,71.0,1.0,1,closed,fieldturf,Mercedes-Benz Stadium,True
2022_08_CHI_DAL,2022,REG,8,2022-10-30,Sunday,13:00,CHI,29.0,DAL,49.0,Home,20.0,78.0,0.0,0,open,matrixturf,AT&T Stadium,True
2022_08_MIA_DET,2022,REG,8,2022-10-30,Sunday,13:00,MIA,31.0,DET,27.0,Home,-4.0,58.0,0.0,0,dome,fieldturf,Ford Field,True
2022_08_ARI_MIN,2022,REG,8,2022-10-30,Sunday,13:00,ARI,26.0,MIN,34.0,Home,8.0,60.0,0.0,0,dome,sportturf,U.S. Bank Stadium,True
2022_08_LV_NO,2022,REG,8,2022-10-30,Sunday,13:00,LV,0.0,NO,24.0,Home,24.0,24.0,0.0,0,dome,sportturf,Mercedes-Benz Superdome,True
2022_08_NE_NYJ,2022,REG,8,2022-10-30,Sunday,13:00,NE,22.0,NYJ,17.0,Home,-5.0,39.0,0.0,1,outdoors,fieldturf,MetLife Stadium,True
2022_08_PIT_PHI,2022,REG,8,2022-10-30,Sunday,13:00,PIT,13.0,PHI,35.0,Home,22.0,48.0,0.0,0,outdoors,grass,Lincoln Financial Field,True
2022_08_TEN_HOU,2022,REG,8,2022-10-30,Sunday,16:05,TEN,17.0,HOU,10.0,Home,-7.0,27.0,0.0,1,closed,astroturf,NRG Stadium,True
2022_08_WAS_IND,2022,REG,8,2022-10-30,Sunday,16:25,WAS,17.0,IND,16.0,Home,-1.0,33.0,0.0,0,closed,fieldturf,Lucas Oil Stadium,True
2022_08_SF_LA,2022,REG,8,2022-10-30,Sunday,16:25,SF,31.0,LA,14.0,Home,-17.0,45.0,0.0,1,dome,matrixturf,SoFi Stadium,True
2022_08_NYG_SEA,2022,REG,8,2022-10-30,Sunday,16:25,NYG,13.0,SEA,27.0,Home,14.0,40.0,0.0,0,outdoors,fieldturf,Lumen Field,True
2022_08_GB_BUF,2022,REG,8,2022-10-30,Sunday,20:20,GB,17.0,BUF,27.0,Home,10.0,44.0,0.0,0,outdoors,a_turf,New Era Field,True
2022_08_CIN_CLE,2022,REG,8,2022-10-31,Monday,20:15,CIN,13.0,CLE,32.0,Home,19.0,45.0,0.0,1,outdoors,grass,FirstEnergy Stadium,True
2022_09_PHI_HOU,2022,REG,9,2022-11-03,Thursday,20:15,PHI,29.0,HOU,17.0,Home,-12.0,46.0,0.0,0,closed,astroturf,NRG Stadium,True
2022_09_LAC_ATL,2022,REG,9,2022-11-06,Sunday,13:00,LAC,20.0,ATL,17.0,Home,-3.0,37.0,0.0,0,open,fieldturf,Mercedes-Benz Stadium,True
2022_09_MIA_CHI,2022,REG,9,2022-11-06,Sunday,13:00,MIA,35.0,CHI,32.0,Home,-3.0,67.0,0.0,0,outdoors,grass,Soldier Field,True
2022_09_CAR_CIN,2022,REG,9,2022-11-06,Sunday,13:00,CAR,21.0,CIN,42.0,Home,21.0,63.0,0.0,0,outdoors,fieldturf,Paycor Stadium,True
2022_09_GB_DET,2022,REG,9,2022-11-06,Sunday,13:00,GB,9.0,DET,15.0,Home,6.0,24.0,0.0,1,dome,fieldturf,Ford Field,True
2022_09_LV_JAX,2022,REG,9,2022-11-06,Sunday,13:00,LV,20.0,JAX,27.0,Home,7.0,47.0,0.0,0,outdoors,grass,TIAA Bank Stadium,True
2022_09_IND_NE,2022,REG,9,2022-11-06,Sunday,13:00,IND,3.0,NE,26.0,Home,23.0,29.0,0.0,0,outdoors,fieldturf,Gillette Stadium,True
2022_09_BUF_NYJ,2022,REG,9,2022-11-06,Sunday,13:00,BUF,17.0,NYJ,20.0,Home,3.0,37.0,0.0,1,outdoors,fieldturf,MetLife Stadium,True
2022_09_MIN_WAS,2022,REG,9,2022-11-06,Sunday,13:00,MIN,20.0,WAS,17.0,Home,-3.0,37.0,0.0,0,outdoors,grass,FedExField,True
2022_09_SEA_ARI,2022,REG,9,2022-11-06,Sunday,16:05,SEA,31.0,ARI,21.0,Home,-10.0,52.0,0.0,1,open,grass,State Farm Stadium,True
2022_09_LA_TB,2022,REG,9,2022-11-06,Sunday,16:25,LA,13.0,TB,16.0,Home,3.0,29.0,0.0,0,outdoors,grass,Raymond James Stadium,True
2022_09_TEN_KC,2022,REG,9,2022-11-06,Sunday,20:20,TEN,17.0,KC,20.0,Home,3.0,37.0,1.0,0,outdoors,grass,GEHA Field at Arrowhead Stadium,True
2022_09_BAL_NO,2022,REG,9,2022-11-07,Monday,20:15,BAL,27.0,NO,13.0,Home,-14.0,40.0,0.0,0,dome,sportturf,Mercedes-Benz Superdome,True
2022_10_ATL_CAR,2022,REG,10,2022-11-10,Thursday,20:15,ATL,15.0,CAR,25.0,Home,10.0,40.0,0.0,1,outdoors,grass,Bank of America Stadium,True
2022_10_SEA_TB,2022,REG,10,2022-11-13,Sunday,09:30,SEA,16.0,TB,21.0,Neutral,5.0,37.0,0.0,0,outdoors,,Allianz Arena,True
2022_10_MIN_BUF,2022,REG,10,2022-11-13,Sunday,13:00,MIN,33.0,BUF,30.0,Home,-3.0,63.0,1.0,0,outdoors,a_turf,New Era Field,True
2022_10_DET_CHI,2022,REG,10,2022-11-13,Sunday,13:00,DET,31.0,CHI,30.0,Home,-1.0,61.0,0.0,1,outdoors,grass,Soldier Field,True
2022_10_JAX_KC,2022,REG,10,2022-11-13,Sunday,13:00,JAX,17.0,KC,27.0,Home,10.0,44.0,0.0,0,outdoors,grass,GEHA Field at Arrowhead Stadium,True
2022_10_CLE_MIA,2022,REG,10,2022-11-13,Sunday,13:00,CLE,17.0,MIA,39.0,Home,22.0,56.0,0.0,0,outdoors,grass,Hard Rock Stadium,True
2022_10_HOU_NYG,2022,REG,10,2022-11-13,Sunday,13:00,HOU,16.0,NYG,24.0,Home,8.0,40.0,0.0,0,outdoors,fieldturf,MetLife Stadium,True
2022_10_NO_PIT,2022,REG,10,2022-11-13,Sunday,13:00,NO,10.0,PIT,20.0,Home,10.0,30.0,0.0,0,outdoors,grass,Acrisure Stadium,True
2022_10_DEN_TEN,2022,REG,10,2022-11-13,Sunday,13:00,DEN,10.0,TEN,17.0,Home,7.0,27.0,0.0,0,outdoors,grass,Nissan Stadium,True
2022_10_IND_LV,2022,REG,10,2022-11-13,Sunday,16:05,IND,25.0,LV,20.0,Home,-5.0,45.0,0.0,0,dome,grass,Allegiant Stadium,True
2022_10_DAL_GB,2022,REG,10,2022-11-13,Sunday,16:25,DAL,28.0,GB,31.0,Home,3.0,59.0,1.0,0,outdoors,grass,Lambeau Field,True
2022_10_ARI_LA,2022,REG,10,2022-11-13,Sunday,16:25,ARI,27.0,LA,17.0,Home,-10.0,44.0,0.0,1,dome,matrixturf,SoFi Stadium,True
2022_10_LAC_SF,2022,REG,10,2022-11-13,Sunday,20:20,LAC,16.0,SF,22.0,Home,6.0,38.0,0.0,0,outdoors,grass,Levi's Stadium,True
2022_10_WAS_PHI,2022,REG,10,2022-11-14,Monday,20:15,WAS,32.0,PHI,21.0,Home,-11.0,53.0,0.0,1,outdoors,grass,Lincoln Financial Field,True
2022_11_TEN_GB,2022,REG,11,2022-11-17,Thursday,20:15,TEN,27.0,GB,17.0,Home,-10.0,44.0,0.0,0,outdoors,grass,Lambeau Field,True
2022_11_CHI_ATL,2022,REG,11,2022-11-20,Sunday,13:00,CHI,24.0,ATL,27.0,Home,3.0,51.0,0.0,0,closed,fieldturf,Mercedes-Benz Stadium,True
2022_11_CAR_BAL,2022,REG,11,2022-11-20,Sunday,13:00,CAR,3.0,BAL,13.0,Home,10.0,16.0,0.0,0,outdoors,grass,M&T Bank Stadium,True
2022_11_CLE_BUF,2022,REG,11,2022-11-20,Sunday,13:00,CLE,23.0,BUF,31.0,Neutral,8.0,54.0,0.0,0,dome,fieldturf,Ford Field,True
2022_11_WAS_HOU,2022,REG,11,2022-11-20,Sunday,13:00,WAS,23.0,HOU,10.0,Home,-13.0,33.0,0.0,0,closed,astroturf,NRG Stadium,True
2022_11_PHI_IND,2022,REG,11,2022-11-20,Sunday,13:00,PHI,17.0,IND,16.0,Home,-1.0,33.0,0.0,0,closed,fieldturf,Lucas Oil Stadium,True
2022_11_NYJ_NE,2022,REG,11,2022-11-20,Sunday,13:00,NYJ,3.0,NE,10.0,Home,7.0,13.0,0.0,1,outdoors,fieldturf,Gillette Stadium,True
2022_11_LA_NO,2022,REG,11,2022-11-20,Sunday,13:00,LA,20.0,NO,27.0,Home,7.0,47.0,0.0,0,dome,sportturf,Mercedes-Benz Superdome,True
2022_11_DET_NYG,2022,REG,11,2022-11-20,Sunday,13:00,DET,31.0,NYG,18.0,Home,-13.0,49.0,0.0,0,outdoors,fieldturf,MetLife Stadium,True
2022_11_LV_DEN,2022,REG,11,2022-11-20,Sunday,16:05,LV,22.0,DEN,16.0,Home,-6.0,38.0,1.0,1,outdoors,grass,Empower Field at Mile High,True
2022_11_DAL_MIN,2022,REG,11,2022-11-20,Sunday,16:25,DAL,40.0,MIN,3.0,Home,-37.0,43.0,0.0,0,dome,sportturf,U.S. Bank Stadium,True
2022_11_CIN_PIT,2022,REG,11,2022-11-20,Sunday,16:25,CIN,37.0,PIT,30.0,Home,-7.0,67.0,0.0,1,outdoors,grass,Acrisure Stadium,True
2022_11_KC_LAC,2022,REG,11,2022-11-20,Sunday,20:20,KC,30.0,LAC,27.0,Home,-3.0,57.0,0.0,1,dome,matrixturf,SoFi Stadium,True
2022_11_SF_ARI,2022,REG,11,2022-11-21,Monday,20:15,SF,38.0,ARI,10.0,Neutral,-28.0,48.0,0.0,1,outdoors,,Azteca Stadium,True
2022_12_BUF_DET,2022,REG,12,2022-11-24,Thursday,12:30,BUF,28.0,DET,25.0,Home,-3.0,53.0,0.0,0,dome,fieldturf,Ford Field,True
2022_12_NYG_DAL,2022,REG,12,2022-11-24,Thursday,16:30,NYG,20.0,DAL,28.0,Home,8.0,48.0,0.0,1,closed,matrixturf,AT&T Stadium,True
2022_12_NE_MIN,2022,REG,12,2022-11-24,Thursday,20:20,NE,26.0,MIN,33.0,Home,7.0,59.0,0.0,0,dome,sportturf,U.S. Bank Stadium,True
2022_12_DEN_CAR,2022,REG,12,2022-11-27,Sunday,13:00,DEN,10.0,CAR,23.0,Home,13.0,33.0,0.0,0,outdoors,grass,Bank of America Stadium,True
2022_12_TB_CLE,2022,REG,12,2022-11-27,Sunday,13:00,TB,17.0,CLE,23.0,Home,6.0,40.0,1.0,0,outdoors,grass,FirstEnergy Stadium,True
2022_12_BAL_JAX,2022,REG,12,2022-11-27,Sunday,13:00,BAL,27.0,JAX,28.0,Home,1.0,55.0,0.0,0,outdoors,grass,TIAA Bank Stadium,True
2022_12_HOU_MIA,2022,REG,12,2022-11-27,Sunday,13:00,HOU,15.0,MIA,30.0,Home,15.0,45.0,0.0,0,outdoors,grass,Hard Rock Stadium,True
2022_12_CHI_NYJ,2022,REG,12,2022-11-27,Sunday,13:00,CHI,10.0,NYJ,31.0,Home,21.0,41.0,0.0,0,outdoors,fieldturf,MetLife Stadium,True
2022_12_CIN_TEN,2022,REG,12,2022-11-27,Sunday,13:00,CIN,20.0,TEN,16.0,Home,-4.0,36.0,0.0,0,outdoors,grass,Nissan Stadium,True
2022_12_ATL_WAS,2022,REG,12,2022-11-27,Sunday,13:00,ATL,13.0,WAS,19.0,Home,6.0,32.0,0.0,0,outdoors,grass,FedExField,True
2022_12_LAC_ARI,2022,REG,12,2022-11-27,Sunday,16:05,LAC,25.0,ARI,24.0,Home,-1.0,49.0,0.0,0,closed,grass,State Farm Stadium,True
2022_12_LV_SEA,2022,REG,12,2022-11-27,Sunday,16:05,LV,40.0,SEA,34.0,Home,-6.0,74.0,1.0,0,outdoors,fieldturf,Lumen Field,True
2022_12_LA_KC,2022,REG,12,2022-11-27,Sunday,16:25,LA,10.0,KC,26.0,Home,16.0,36.0,0.0,0,outdoors,grass,GEHA Field at Arrowhead Stadium,True
2022_12_NO_SF,2022,REG,12,2022-11-27,Sunday,16:25,NO,0.0,SF,13.0,Home,13.0,13.0,0.0,0,outdoors,grass,Levi's Stadium,True
2022_12_GB_PHI,2022,REG,12,2022-11-27,Sunday,20:20,GB,33.0,PHI,40.0,Home,7.0,73.0,0.0,0,outdoors,grass,Lincoln Financial Field,True
2022_12_PIT_IND,2022,REG,12,2022-11-28,Monday,20:15,PIT,24.0,IND,17.0,Home,-7.0,41.0,0.0,0,closed,fieldturf,Lucas Oil Stadium,True
2022_13_BUF_NE,2022,REG,13,2022-12-01,Thursday,20:15,BUF,24.0,NE,10.0,Home,-14.0,34.0,0.0,1,outdoors,fieldturf,Gillette Stadium,True
2022_13_PIT_ATL,2022,REG,13,2022-12-04,Sunday,13:00,PIT,19.0,ATL,16.0,Home,-3.0,35.0,0.0,0,closed,fieldturf,Mercedes-Benz Stadium,True
2022_13_DEN_BAL,2022,REG,13,2022-12-04,Sunday,13:00,DEN,9.0,BAL,10.0,Home,1.0,19.0,0.0,0,outdoors,grass,M&T Bank Stadium,True
2022_13_GB_CHI,2022,REG,13,2022-12-04,Sunday,13:00,GB,28.0,CHI,19.0,Home,-9.0,47.0,0.0,1,outdoors,grass,Soldier Field,True
2022_13_JAX_DET,2022,REG,13,2022-12-04,Sunday,13:00,JAX,14.0,DET,40.0,Home,26.0,54.0,0.0,0,dome,fieldturf,Ford Field,True
2022_13_CLE_HOU,2022,REG,13,2022-12-04,Sunday,13:00,CLE,27.0,HOU,14.0,Home,-13.0,41.0,0.0,0,closed,astroturf,NRG Stadium,True
2022_13_NYJ_MIN,2022,REG,13,2022-12-04,Sunday,13:00,NYJ,22.0,MIN,27.0,Home,5.0,49.0,0.0,0,dome,sportturf,U.S. Bank Stadium,True
2022_13_WAS_NYG,2022,REG,13,2022-12-04,Sunday,13:00,WAS,20.0,NYG,20.0,Home,0.0,40.0,1.0,1,outdoors,fieldturf,MetLife Stadium,True
2022_13_TEN_PHI,2022,REG,13,2022-12-04,Sunday,13:00,TEN,10.0,PHI,35.0,Home,25.0,45.0,0.0,0,outdoors,grass,Lincoln Financial Field,True
2022_13_SEA_LA,2022,REG,13,2022-12-04,Sunday,16:05,SEA,27.0,LA,23.0,Home,-4.0,50.0,0.0,1,dome,matrixturf,SoFi Stadium,True
2022_13_MIA_SF,2022,REG,13,2022-12-04,Sunday,16:05,MIA,17.0,SF,33.0,Home,16.0,50.0,0.0,0,outdoors,grass,Levi's Stadium,True
2022_13_KC_CIN,2022,REG,13,2022-12-04,Sunday,16:25,KC,24.0,CIN,27.0,Home,3.0,51.0,0.0,0,outdoors,fieldturf,Paycor Stadium,True
2022_13_LAC_LV,2022,REG,13,2022-12-04,Sunday,16:25,LAC,20.0,LV,27.0,Home,7.0,47.0,0.0,1,dome,grass,Allegiant Stadium,True
2022_13_IND_DAL,2022,REG,13,2022-12-04,Sunday,20:20,IND,19.0,DAL,54.0,Home,35.0,73.0,0.0,0,closed,matrixturf,AT&T Stadium,True
2022_13_NO_TB,2022,REG,13,2022-12-05,Monday,20:15,NO,16.0,TB,17.0,Home,1.0,33.0,0.0,1,outdoors,grass,Raymond James Stadium,True
2022_14_LV_LA,2022,REG,14,2022-12-08,Thursday,20:15,LV,16.0,LA,17.0,Home,1.0,33.0,0.0,0,dome,matrixturf,SoFi Stadium,True
2022_14_NYJ_BUF,2022,REG,14,2022-12-11,Sunday,13:00,NYJ,12.0,BUF,20.0,Home,8.0,32.0,0.0,1,outdoors,a_turf,New Era Field,True
2022_14_CLE_CIN,2022,REG,14,2022-12-11,Sunday,13:00,CLE,10.0,CIN,23.0,Home,13.0,33.0,0.0,1,outdoors,fieldturf,Paycor Stadium,True
2022_14_HOU_DAL,2022,REG,14,2022-12-11,Sunday,13:00,HOU,23.0,DAL,27.0,Home,4.0,50.0,0.0,0,closed,matrixturf,AT&T Stadium,True
2022_14_MIN_DET,2022,REG,14,2022-12-11,Sunday,13:00,MIN,23.0,DET,34.0,Home,11.0,57.0,0.0,1,dome,fieldturf,Ford Field,True
2022_14_PHI_NYG,2022,REG,14,2022-12-11,Sunday,13:00,PHI,48.0,NYG,22.0,Home,-26.0,70.0,0.0,1,outdoors,fieldturf,MetLife Stadium,True
2022_14_BAL_PIT,2022,REG,14,2022-12-11,Sunday,13:00,BAL,16.0,PIT,14.0,Home,-2.0,30.0,0.0,1,outdoors,grass,Acrisure Stadium,True
2022_14_JAX_TEN,2022,REG,14,2022-12-11,Sunday,13:00,JAX,36.0,TEN,22.0,Home,-14.0,58.0,0.0,1,outdoors,grass,Nissan Stadium,True
2022_14_KC_DEN,2022,REG,14,2022-12-11,Sunday,16:05,KC,34.0,DEN,28.0,Home,-6.0,62.0,0.0,1,outdoors,grass,Empower Field at Mile High,True
2022_14_CAR_SEA,2022,REG,14,2022-12-11,Sunday,16:25,CAR,30.0,SEA,24.0,Home,-6.0,54.0,0.0,0,outdoors,fieldturf,Lumen Field,True
2022_14_TB_SF,2022,REG,14,2022-12-11,Sunday,16:25,TB,7.0,SF,35.0,Home,28.0,42.0,0.0,0,outdoors,grass,Levi's Stadium,True
2022_14_MIA_LAC,2022,REG,14,2022-12-11,Sunday,20:20,MIA,17.0,LAC,23.0,Home,6.0,40.0,0.0,0,dome,matrixturf,SoFi Stadium,True
2022_14_NE_ARI,2022,REG,14,2022-12-12,Monday,20:15,NE,27.0,ARI,13.0,Home,-14.0,40.0,0.0,0,closed,grass,State Farm Stadium,True
2022_15_SF_SEA,2022,REG,15,2022-12-15,Thursday,20:15,SF,21.0,SEA,13.0,Home,-8.0,34.0,0.0,1,outdoors,fieldturf,Lumen Field,True
2022_15_IND_MIN,2022,REG,15,2022-12-17,Saturday,13:00,IND,36.0,MIN,39.0,Home,3.0,75.0,1.0,0,dome,sportturf,U.S. Bank Stadium,True
2022_15_BAL_CLE,2022,REG,15,2022-12-17,Saturday,16:30,BAL,3.0,CLE,13.0,Home,10.0,16.0,0.0,1,outdoors,grass,FirstEnergy Stadium,True
2022_15_MIA_BUF,2022,REG,15,2022-12-17,Saturday,20:15,MIA,29.0,BUF,32.0,Home,3.0,61.0,0.0,1,outdoors,a_turf,New Era Field,True
2022_15_PIT_CAR,2022,REG,15,2022-12-18,Sunday,13:00,PIT,24.0,CAR,16.0,Home,-8.0,40.0,0.0,0,outdoors,grass,Bank of America Stadium,True
2022_15_PHI_CHI,2022,REG,15,2022-12-18,Sunday,13:00,PHI,25.0,CHI,20.0,Home,-5.0,45.0,0.0,0,outdoors,grass,Soldier Field,True
2022_15_KC_HOU,2022,REG,15,2022-12-18,Sunday,13:00,KC,30.0,HOU,24.0,Home,-6.0,54.0,1.0,0,closed,astroturf,NRG Stadium,True
2022_15_DAL_JAX,2022,REG,15,2022-12-18,Sunday,13:00,DAL,34.0,JAX,40.0,Home,6.0,74.0,1.0,0,outdoors,grass,TIAA Bank Stadium,True
2022_15_ATL_NO,2022,REG,15,2022-12-18,Sunday,13:00,ATL,18.0,NO,21.0,Home,3.0,39.0,0.0,1,dome,sportturf,Mercedes-Benz Superdome,True
2022_15_DET_NYJ,2022,REG,15,2022-12-18,Sunday,13:00,DET,20.0,NYJ,17.0,Home,-3.0,37.0,0.0,0,outdoors,fieldturf,MetLife Stadium,True
2022_15_ARI_DEN,2022,REG,15,2022-12-18,Sunday,16:05,ARI,15.0,DEN,24.0,Home,9.0,39.0,0.0,0,outdoors,grass,Empower Field at Mile High,True
2022_15_NE_LV,2022,REG,15,2022-12-18,Sunday,16:05,NE,24.0,LV,30.0,Home,6.0,54.0,0.0,0,dome,grass,Allegiant Stadium,True
2022_15_TEN_LAC,2022,REG,15,2022-12-18,Sunday,16:25,TEN,14.0,LAC,17.0,Home,3.0,31.0,0.0,0,dome,matrixturf,SoFi Stadium,True
2022_15_CIN_TB,2022,REG,15,2022-12-18,Sunday,16:25,CIN,34.0,TB,23.0,Home,-11.0,57.0,0.0,0,outdoors,grass,Raymond James Stadium,True
2022_15_NYG_WAS,2022,REG,15,2022-12-18,Sunday,20:20,NYG,20.0,WAS,12.0,Home,-8.0,32.0,0.0,1,outdoors,grass,FedExField,True
2022_15_LA_GB,2022,REG,15,2022-12-19,Monday,20:15,LA,12.0,GB,24.0,Home,12.0,36.0,0.0,0,outdoors,grass,Lambeau Field,True
2022_16_JAX_NYJ,2022,REG,16,2022-12-22,Thursday,20:15,JAX,19.0,NYJ,3.0,Home,-16.0,22.0,0.0,0,outdoors,fieldturf,MetLife Stadium,True
2022_16_ATL_BAL,2022,REG,16,2022-12-24,Saturday,13:00,ATL,9.0,BAL,17.0,Home,8.0,26.0,0.0,0,outdoors,grass,M&T Bank Stadium,True
2022_16_DET_CAR,2022,REG,16,2022-12-24,Saturday,13:00,DET,23.0,CAR,37.0,Home,14.0,60.0,0.0,0,outdoors,grass,Bank of America Stadium,True
2022_16_BUF_CHI,2022,REG,16,2022-12-24,Saturday,13:00,BUF,35.0,CHI,13.0,Home,-22.0,48.0,0.0,0,outdoors,grass,Soldier Field,True
2022_16_NO_CLE,2022,REG,16,2022-12-24,Saturday,13:00,NO,17.0,CLE,10.0,Home,-7.0,27.0,0.0,0,outdoors,grass,FirstEnergy Stadium,True
2022_16_SEA_KC,2022,REG,16,2022-12-24,Saturday,13:00,SEA,10.0,KC,24.0,Home,14.0,34.0,0.0,0,outdoors,grass,GEHA Field at Arrowhead Stadium,True
2022_16_NYG_MIN,2022,REG,16,2022-12-24,Saturday,13:00,NYG,24.0,MIN,27.0,Home,3.0,51.0,0.0,0,dome,sportturf,U.S. Bank Stadium,True
2022_16_CIN_NE,2022,REG,16,2022-12-24,Saturday,13:00,CIN,22.0,NE,18.0,Home,-4.0,40.0,0.0,0,outdoors,fieldturf,Gillette Stadium,True
2022_16_HOU_TEN,2022,REG,16,2022-12-24,Saturday,14:00,HOU,19.0,TEN,14.0,Home,-5.0,33.0,0.0,1,outdoors,grass,Nissan Stadium,True
2022_16_WAS_SF,2022,REG,16,2022-12-24,Saturday,16:05,WAS,20.0,SF,37.0,Home,17.0,57.0,0.0,0,outdoors,grass,Levi's Stadium,True
2022_16_PHI_DAL,2022,REG,16,2022-12-24,Saturday,16:25,PHI,34.0,DAL,40.0,Home,6.0,74.0,0.0,1,closed,matrixturf,AT&T Stadium,True
2022_16_LV_PIT,2022,REG,16,2022-12-24,Saturday,20:15,LV,10.0,PIT,13.0,Home,3.0,23.0,0.0,0,outdoors,grass,Acrisure Stadium,True
2022_16_GB_MIA,2022,REG,16,2022-12-25,Sunday,13:00,GB,26.0,MIA,20.0,Home,-6.0,46.0,0.0,0,outdoors,grass,Hard Rock Stadium,True
2022_16_DEN_LA,2022,REG,16,2022-12-25,Sunday,16:30,DEN,14.0,LA,51.0,Home,37.0,65.0,0.0,0,dome,matrixturf,SoFi Stadium,True
2022_16_TB_ARI,2022,REG,16,2022-12-25,Sunday,20:20,TB,19.0,ARI,16.0,Home,-3.0,35.0,1.0,0,open,grass,State Farm Stadium,True
2022_16_LAC_IND,2022,REG,16,2022-12-26,Monday,20:15,LAC,20.0,IND,3.0,Home,-17.0,23.0,0.0,0,closed,fieldturf,Lucas Oil Stadium,True
2022_17_DAL_TEN,2022,REG,17,2022-12-29,Thursday,20:15,DAL,27.0,TEN,13.0,Home,-14.0,40.0,0.0,0,outdoors,grass,Nissan Stadium,True
2022_17_ARI_ATL,2022,REG,17,2023-01-01,Sunday,13:00,ARI,19.0,ATL,20.0,Home,1.0,39.0,0.0,0,closed,fieldturf,Mercedes-Benz Stadium,True
2022_17_CHI_DET,2022,REG,17,2023-01-01,Sunday,13:00,CHI,10.0,DET,41.0,Home,31.0,51.0,0.0,1,dome,fieldturf,Ford Field,True
2022_17_JAX_HOU,2022,REG,17,2023-01-01,Sunday,13:00,JAX,31.0,HOU,3.0,Home,-28.0,34.0,0.0,1,closed,astroturf,NRG Stadium,True
2022_17_DEN_KC,2022,REG,17,2023-01-01,Sunday,13:00,DEN,24.0,KC,27.0,Home,3.0,51.0,0.0,1,outdoors,grass,GEHA Field at Arrowhead Stadium,True
2022_17_MIA_NE,2022,REG,17,2023-01-01,Sunday,13:00,MIA,21.0,NE,23.0,Home,2.0,44.0,0.0,1,outdoors,fieldturf,Gillette Stadium,True
2022_17_IND_NYG,2022,REG,17,2023-01-01,Sunday,13:00,IND,10.0,NYG,38.0,Home,28.0,48.0,0.0,0,outdoors,fieldturf,MetLife Stadium,True
2022_17_NO_PHI,2022,REG,17,2023-01-01,Sunday,13:00,NO,20.0,PHI,10.0,Home,-10.0,30.0,0.0,0,outdoors,grass,Lincoln Financial Field,True
2022_17_CAR_TB,2022,REG,17,2023-01-01,Sunday,13:00,CAR,24.0,TB,30.0,Home,6.0,54.0,0.0,1,outdoors,grass,Raymond James Stadium,True
2022_17_CLE_WAS,2022,REG,17,2023-01-01,Sunday,13:00,CLE,24.0,WAS,10.0,Home,-14.0,34.0,0.0,0,outdoors,grass,FedExField,True
2022_17_SF_LV,2022,REG,17,2023-01-01,Sunday,16:05,SF,37.0,LV,34.0,Home,-3.0,71.0,1.0,0,dome,grass,Allegiant Stadium,True
2022_17_NYJ_SEA,2022,REG,17,2023-01-01,Sunday,16:05,NYJ,6.0,SEA,23.0,Home,17.0,29.0,0.0,0,outdoors,fieldturf,Lumen Field,True
2022_17_MIN_GB,2022,REG,17,2023-01-01,Sunday,16:25,MIN,17.0,GB,41.0,Home,24.0,58.0,0.0,1,outdoors,grass,Lambeau Field,True
2022_17_LA_LAC,2022,REG,17,2023-01-01,Sunday,16:25,LA,10.0,LAC,31.0,Home,21.0,41.0,0.0,0,dome,matrixturf,SoFi Stadium,True
2022_17_PIT_BAL,2022,REG,17,2023-01-01,Sunday,20:20,PIT,16.0,BAL,13.0,Home,-3.0,29.0,0.0,1,outdoors,grass,M&T Bank Stadium,True
2022_18_KC_LV,2022,REG,18,2023-01-07,Saturday,16:30,KC,31.0,LV,13.0,Home,-18.0,44.0,0.0,1,dome,grass,Allegiant Stadium,True
2022_18_TEN_JAX,2022,REG,18,2023-01-07,Saturday,20:15,TEN,16.0,JAX,20.0,Home,4.0,36.0,0.0,1,outdoors,grass,TIAA Bank Stadium,True
2022_18_TB_ATL,2022,REG,18,2023-01-08,Sunday,13:00,TB,17.0,ATL,30.0,Home,13.0,47.0,0.0,1,closed,fieldturf,Mercedes-Benz Stadium,True
2022_18_NE_BUF,2022,REG,18,2023-01-08,Sunday,13:00,NE,23.0,BUF,35.0,Home,12.0,58.0,0.0,1,outdoors,a_turf,New Era Field,True
2022_18_MIN_CHI,2022,REG,18,2023-01-08,Sunday,13:00,MIN,29.0,CHI,13.0,Home,-16.0,42.0,0.0,1,outdoors,grass,Soldier Field,True
2022_18_BAL_CIN,2022,REG,18,2023-01-08,Sunday,13:00,BAL,16.0,CIN,27.0,Home,11.0,43.0,0.0,1,outdoors,fieldturf,Paycor Stadium,True
2022_18_HOU_IND,2022,REG,18,2023-01-08,Sunday,13:00,HOU,32.0,IND,31.0,Home,-1.0,63.0,0.0,1,closed,fieldturf,Lucas Oil Stadium,True
2022_18_NYJ_MIA,2022,REG,18,2023-01-08,Sunday,13:00,NYJ,6.0,MIA,11.0,Home,5.0,17.0,0.0,1,outdoors,grass,Hard Rock Stadium,True
2022_18_CAR_NO,2022,REG,18,2023-01-08,Sunday,13:00,CAR,10.0,NO,7.0,Home,-3.0,17.0,0.0,1,dome,sportturf,Mercedes-Benz Superdome,True
2022_18_CLE_PIT,2022,REG,18,2023-01-08,Sunday,13:00,CLE,14.0,PIT,28.0,Home,14.0,42.0,0.0,1,outdoors,grass,Acrisure Stadium,True
2022_18_LAC_DEN,2022,REG,18,2023-01-08,Sunday,16:25,LAC,28.0,DEN,31.0,Home,3.0,59.0,0.0,1,outdoors,grass,Empower Field at Mile High,True
2022_18_NYG_PHI,2022,REG,18,2023-01-08,Sunday,16:25,NYG,16.0,PHI,22.0,Home,6.0,38.0,0.0,1,outdoors,grass,Lincoln Financial Field,True
2022_18_LA_SEA,2022,REG,18,2023-01-08,Sunday,16:25,LA,16.0,SEA,19.0,Home,3.0,35.0,1.0,1,outdoors,fieldturf,Lumen Field,True
2022_18_ARI_SF,2022,REG,18,2023-01-08,Sunday,16:25,ARI,13.0,SF,38.0,Home,25.0,51.0,0.0,1,outdoors,grass,Levi's Stadium,True
2022_18_DAL_WAS,2022,REG,18,2023-01-08,Sunday,16:25,DAL,6.0,WAS,26.0,Home,20.0,32.0,0.0,1,outdoors,grass,FedExField,True
2022_18_DET_GB,2022,REG,18,2023-01-08,Sunday,20:20,DET,20.0,GB,16.0,Home,-4.0,36.0,0.0,1,outdoors,grass,Lambeau Field,True
2022_19_SEA_SF,2022,WC,19,2023-01-14,Saturday,16:30,SEA,23.0,SF,41.0,Home,18.0,64.0,0.0,1,outdoors,grass,Levi's Stadium,True
2022_19_LAC_JAX,2022,WC,19,2023-01-14,Saturday,20:15,LAC,30.0,JAX,31.0,Home,1.0,61.0,0.0,0,outdoors,grass,TIAA Bank Stadium,True
2022_19_MIA_BUF,2022,WC,19,2023-01-15,Sunday,13:00,MIA,31.0,BUF,34.0,Home,3.0,65.0,0.0,1,outdoors,a_turf,New Era Field,True
2022_19_NYG_MIN,2022,WC,19,2023-01-15,Sunday,16:50,NYG,31.0,MIN,24.0,Home,-7.0,55.0,0.0,0,dome,sportturf,U.S. Bank Stadium,True
2022_19_BAL_CIN,2022,WC,19,2023-01-15,Sunday,20:15,BAL,17.0,CIN,24.0,Home,7.0,41.0,0.0,1,outdoors,fieldturf,Paycor Stadium,True
2022_19_DAL_TB,2022,WC,19,2023-01-16,Monday,20:15,DAL,31.0,TB,14.0,Home,-17.0,45.0,0.0,0,outdoors,grass,Raymond James Stadium,True
2022_20_JAX_KC,2022,DIV,20,2023-01-21,Saturday,16:30,JAX,20.0,KC,27.0,Home,7.0,47.0,0.0,0,outdoors,grass,GEHA Field at Arrowhead Stadium,True
2022_20_NYG_PHI,2022,DIV,20,2023-01-21,Saturday,20:15,NYG,7.0,PHI,38.0,Home,31.0,45.0,0.0,1,outdoors,grass,Lincoln Financial Field,True
2022_20_CIN_BUF,2022,DIV,20,2023-01-22,Sunday,15:00,CIN,27.0,BUF,10.0,Home,-17.0,37.0,0.0,0,outdoors,a_turf,New Era Field,True
2022_20_DAL_SF,2022,DIV,20,2023-01-22,Sunday,18:30,DAL,12.0,SF,19.0,Home,7.0,31.0,0.0,0,outdoors,grass,Levi's Stadium,True
2022_21_SF_PHI,2022,CON,21,2023-01-29,Sunday,15:00,SF,7.0,PHI,31.0,Home,24.0,38.0,0.0,0,outdoors,grass,Lincoln Financial Field,True
2022_21_CIN_KC,2022,CON,21,2023-01-29,Sunday,18:30,CIN,20.0,KC,23.0,Home,3.0,43.0,0.0,0,outdoors,grass,GEHA Field at Arrowhead Stadium,True
2022_22_KC_PHI,2022,SB,22,2023-02-12,Sunday,18:30,KC,38.0,PHI,35.0,Neutral,-3.0,73.0,0.0,0,closed,grass,State Farm Stadium,True
2023_01_DET_KC,2023,REG,1,2023-09-07,Thursday,20:20,DET,21.0,KC,20.0,Home,-1.0,41.0,0.0,0,outdoors,,GEHA Field at Arrowhead Stadium,True
2023_01_CAR_ATL,2023,REG,1,2023-09-10,Sunday,13:00,CAR,10.0,ATL,24.0,Home,14.0,34.0,0.0,1,closed,,Mercedes-Benz Stadium,True
2023_01_HOU_BAL,2023,REG,1,2023-09-10,Sunday,13:00,HOU,9.0,BAL,25.0,Home,16.0,34.0,0.0,0,outdoors,,M&T Bank Stadium,True
2023_01_CIN_CLE,2023,REG,1,2023-09-10,Sunday,13:00,CIN,3.0,CLE,24.0,Home,21.0,27.0,0.0,1,outdoors,,FirstEnergy Stadium,True
2023_01_JAX_IND,2023,REG,1,2023-09-10,Sunday,13:00,JAX,31.0,IND,21.0,Home,-10.0,52.0,0.0,1,closed,,Lucas Oil Stadium,True
2023_01_TB_MIN,2023,REG,1,2023-09-10,Sunday,13:00,TB,20.0,MIN,17.0,Home,-3.0,37.0,0.0,0,dome,,U.S. Bank Stadium,True
2023_01_TEN_NO,2023,REG,1,2023-09-10,Sunday,13:00,TEN,15.0,NO,16.0,Home,1.0,31.0,0.0,0,dome,,Mercedes-Benz Superdome,True
2023_01_SF_PIT,2023,REG,1,2023-09-10,Sunday,13:00,SF,30.0,PIT,7.0,Home,-23.0,37.0,0.0,0,outdoors,,Acrisure Stadium,True
2023_01_ARI_WAS,2023,REG,1,2023-09-10,Sunday,13:00,ARI,16.0,WAS,20.0,Home,4.0,36.0,0.0,0,outdoors,,FedExField,True
2023_01_GB_CHI,2023,REG,1,2023-09-10,Sunday,16:25,GB,38.0,CHI,20.0,Home,-18.0,58.0,0.0,1,outdoors,,Soldier Field,True
2023_01_LV_DEN,2023,REG,1,2023-09-10,Sunday,16:25,LV,17.0,DEN,16.0,Home,-1.0,33.0,0.0,1,outdoors,,Empower Field at Mile High,True
2023_01_MIA_LAC,2023,REG,1,2023-09-10,Sunday,16:25,MIA,36.0,LAC,34.0,Home,-2.0,70.0,0.0,0,dome,,SoFi Stadium,True
2023_01_PHI_NE,2023,REG,1,2023-09-10,Sunday,16:25,PHI,25.0,NE,20.0,Home,-5.0,45.0,0.0,0,outdoors,,Gillette Stadium,True
2023_01_LA_SEA,2023,REG,1,2023-09-10,Sunday,16:25,LA,30.0,SEA,13.0,Home,-17.0,43.0,0.0,1,outdoors,,Lumen Field,True
2023_01_DAL_NYG,2023,REG,1,2023-09-10,Sunday,20:20,DAL,40.0,NYG,0.0,Home,-40.0,40.0,0.0,1,outdoors,,MetLife Stadium,True
2023_01_BUF_NYJ,2023,REG,1,2023-09-11,Monday,20:15,BUF,16.0,NYJ,22.0,Home,6.0,38.0,1.0,1,outdoors,,MetLife Stadium,True
2023_02_MIN_PHI,2023,REG,2,2023-09-14,Thursday,20:15,MIN,28.0,PHI,34.0,Home,6.0,62.0,0.0,0,outdoors,,Lincoln Financial Field,True
2023_02_GB_ATL,2023,REG,2,2023-09-17,Sunday,13:00,GB,24.0,ATL,25.0,Home,1.0,49.0,0.0,0,open,,Mercedes-Benz Stadium,True
2023_02_LV_BUF,2023,REG,2,2023-09-17,Sunday,13:00,LV,10.0,BUF,38.0,Home,28.0,48.0,0.0,0,outdoors,,New Era Field,True
2023_02_BAL_CIN,2023,REG,2,2023-09-17,Sunday,13:00,BAL,27.0,CIN,24.0,Home,-3.0,51.0,0.0,1,outdoors,,Paycor Stadium,True
2023_02_SEA_DET,2023,REG,2,2023-09-17,Sunday,13:00,SEA,37.0,DET,31.0,Home,-6.0,68.0,1.0,0,dome,,Ford Field,True
2023_02_IND_HOU,2023,REG,2,2023-09-17,Sunday,13:00,IND,31.0,HOU,20.0,Home,-11.0,51.0,0.0,1,open,,NRG Stadium,True
2023_02_KC_JAX,2023,REG,2,2023-09-17,Sunday,13:00,KC,17.0,JAX,9.0,Home,-8.0,26.0,0.0,0,outdoors,,TIAA Bank Stadium,True
2023_02_CHI_TB,2023,REG,2,2023-09-17,Sunday,13:00,CHI,17.0,TB,27.0,Home,10.0,44.0,0.0,0,outdoors,,Raymond James Stadium,True
2023_02_LAC_TEN,2023,REG,2,2023-09-17,Sunday,13:00,LAC,24.0,TEN,27.0,Home,3.0,51.0,1.0,0,outdoors,,Nissan Stadium,True
2023_02_NYG_ARI,2023,REG,2,2023-09-17,Sunday,16:05,NYG,31.0,ARI,28.0,Home,-3.0,59.0,0.0,0,closed,,State Farm Stadium,True
2023_02_SF_LA,2023,REG,2,2023-09-17,Sunday,16:05,SF,30.0,LA,23.0,Home,-7.0,53.0,0.0,1,dome,,SoFi Stadium,True
2023_02_NYJ_DAL,2023,REG,2,2023-09-17,Sunday,16:25,NYJ,10.0,DAL,30.0,Home,20.0,40.0,0.0,0,open,,AT&T Stadium,True
2023_02_WAS_DEN,2023,REG,2,2023-09-17,Sunday,16:25,WAS,35.0,DEN,33.0,Home,-2.0,68.0,0.0,0,outdoors,,Empower Field at Mile High,True
2023_02_MIA_NE,2023,REG,2,2023-09-17,Sunday,20:20,MIA,24.0,NE,17.0,Home,-7.0,41.0,0.0,1,outdoors,,Gillette Stadium,True
2023_02_NO_CAR,2023,REG,2,2023-09-18,Monday,19:15,NO,20.0,CAR,17.0,Home,-3.0,37.0,0.0,1,outdoors,,Bank of America Stadium,True
2023_02_CLE_PIT,2023,REG,2,2023-09-18,Monday,20:15,CLE,22.0,PIT,26.0,Home,4.0,48.0,0.0,1,outdoors,,Acrisure Stadium,True
2023_03_NYG_SF,2023,REG,3,2023-09-21,Thursday,20:15,NYG,12.0,SF,30.0,Home,18.0,42.0,0.0,0,outdoors,grass,Levi's Stadium,True
2023_03_IND_BAL,2023,REG,3,2023-09-24,Sunday,13:00,IND,22.0,BAL,19.0,Home,-3.0,41.0,1.0,0,outdoors,grass,M&T Bank Stadium,True
2023_03_TEN_CLE,2023,REG,3,2023-09-24,Sunday,13:00,TEN,3.0,CLE,27.0,Home,24.0,30.0,0.0,0,outdoors,grass,FirstEnergy Stadium,True
2023_03_ATL_DET,2023,REG,3,2023-09-24,Sunday,13:00,ATL,6.0,DET,20.0,Home,14.0,26.0,0.0,0,dome,fieldturf,Ford Field,True
2023_03_NO_GB,2023,REG,3,2023-09-24,Sunday,13:00,NO,17.0,GB,18.0,Home,1.0,35.0,0.0,0,outdoors,grass,Lambeau Field,True
2023_03_HOU_JAX,2023,REG,3,2023-09-24,Sunday,13:00,HOU,37.0,JAX,17.0,Home,-20.0,54.0,0.0,1,outdoors,grass,TIAA Bank Stadium,True
2023_03_DEN_MIA,2023,REG,3,2023-09-24,Sunday,13:00,DEN,20.0,MIA,70.0,Home,50.0,90.0,0.0,0,outdoors,grass,Hard Rock Stadium,True
2023_03_LAC_MIN,2023,REG,3,2023-09-24,Sunday,13:00,LAC,28.0,MIN,24.0,Home,-4.0,52.0,0.0,0,dome,sportturf,U.S. Bank Stadium,True
2023_03_NE_NYJ,2023,REG,3,2023-09-24,Sunday,13:00,NE,15.0,NYJ,10.0,Home,-5.0,25.0,0.0,1,outdoors,fieldturf,MetLife Stadium,True
2023_03_BUF_WAS,2023,REG,3,2023-09-24,Sunday,13:00,BUF,37.0,WAS,3.0,Home,-34.0,40.0,0.0,0,outdoors,grass,FedExField,True
2023_03_CAR_SEA,2023,REG,3,2023-09-24,Sunday,16:05,CAR,27.0,SEA,37.0,Home,10.0,64.0,0.0,0,outdoors,fieldturf,Lumen Field,True
2023_03_DAL_ARI,2023,REG,3,2023-09-24,Sunday,16:25,DAL,16.0,ARI,28.0,Home,12.0,44.0,0.0,0,open,grass,State Farm Stadium,True
2023_03_CHI_KC,2023,REG,3,2023-09-24,Sunday,16:25,CHI,10.0,KC,41.0,Home,31.0,51.0,0.0,0,outdoors,grass,GEHA Field at Arrowhead Stadium,True
2023_03_PIT_LV,2023,REG,3,2023-09-24,Sunday,20:20,PIT,23.0,LV,18.0,Home,-5.0,41.0,0.0,0,dome,grass,Allegiant Stadium,True
2023_03_PHI_TB,2023,REG,3,2023-09-25,Monday,19:15,PHI,25.0,TB,11.0,Home,-14.0,36.0,0.0,0,outdoors,grass,Raymond James Stadium,True
2023_03_LA_CIN,2023,REG,3,2023-09-25,Monday,20:15,LA,16.0,CIN,19.0,Home,3.0,35.0,0.0,0,outdoors,fieldturf,Paycor Stadium,True
2023_04_DET_GB,2023,REG,4,2023-09-28,Thursday,20:15,DET,34.0,GB,20.0,Home,-14.0,54.0,0.0,1,outdoors,grass,Lambeau Field,True
2023_04_ATL_JAX,2023,REG,4,2023-10-01,Sunday,09:30,ATL,7.0,JAX,23.0,Neutral,16.0,30.0,0.0,0,outdoors,,Wembley Stadium,True
2023_04_MIA_BUF,2023,REG,4,2023-10-01,Sunday,13:00,MIA,20.0,BUF,48.0,Home,28.0,68.0,0.0,1,outdoors,a_turf,New Era Field,True
2023_04_MIN_CAR,2023,REG,4,2023-10-01,Sunday,13:00,MIN,21.0,CAR,13.0,Home,-8.0,34.0,0.0,0,outdoors,grass,Bank of America Stadium,True
2023_04_DEN_CHI,2023,REG,4,2023-10-01,Sunday,13:00,DEN,31.0,CHI,28.0,Home,-3.0,59.0,0.0,0,outdoors,grass,Soldier Field,True
2023_04_BAL_CLE,2023,REG,4,2023-10-01,Sunday,13:00,BAL,28.0,CLE,3.0,Home,-25.0,31.0,0.0,1,outdoors,grass,FirstEnergy Stadium,True
2023_04_PIT_HOU,2023,REG,4,2023-10-01,Sunday,13:00,PIT,6.0,HOU,30.0,Home,24.0,36.0,0.0,0,open,astroturf,NRG Stadium,True
2023_04_LA_IND,2023,REG,4,2023-10-01,Sunday,13:00,LA,29.0,IND,23.0,Home,-6.0,52.0,1.0,0,open,fieldturf,Lucas Oil Stadium,True
2023_04_TB_NO,2023,REG,4,2023-10-01,Sunday,13:00,TB,26.0,NO,9.0,Home,-17.0,35.0,0.0,1,dome,sportturf,Mercedes-Benz Superdome,True
2023_04_WAS_PHI,2023,REG,4,2023-10-01,Sunday,13:00,WAS,31.0,PHI,34.0,Home,3.0,65.0,1.0,1,outdoors,grass,Lincoln Financial Field,True
2023_04_CIN_TEN,2023,REG,4,2023-10-01,Sunday,13:00,CIN,3.0,TEN,27.0,Home,24.0,30.0,0.0,0,outdoors,grass,Nissan Stadium,True
2023_04_LV_LAC,2023,REG,4,2023-10-01,Sunday,16:05,LV,17.0,LAC,24.0,Home,7.0,41.0,0.0,1,dome,matrixturf,SoFi Stadium,True
2023_04_NE_DAL,2023,REG,4,2023-10-01,Sunday,16:25,NE,3.0,DAL,38.0,Home,35.0,41.0,0.0,0,closed,matrixturf,AT&T Stadium,True
2023_04_ARI_SF,2023,REG,4,2023-10-01,Sunday,16:25,ARI,16.0,SF,35.0,Home,19.0,51.0,0.0,1,outdoors,grass,Levi's Stadium,True
2023_04_KC_NYJ,2023,REG,4,2023-10-01,Sunday,20:20,KC,23.0,NYJ,20.0,Home,-3.0,43.0,0.0,0,outdoors,fieldturf,MetLife Stadium,True
2023_04_SEA_NYG,2023,REG,4,2023-10-02,Monday,20:15,SEA,24.0,NYG,3.0,Home,-21.0,27.0,0.0,0,outdoors,fieldturf,MetLife Stadium,True
2023_05_CHI_WAS,2023,REG,5,2023-10-05,Thursday,20:15,CHI,40.0,WAS,20.0,Home,-20.0,60.0,0.0,0,outdoors,grass,FedExField,True
2023_05_JAX_BUF,2023,REG,5,2023-10-08,Sunday,09:30,JAX,25.0,BUF,20.0,Neutral,-5.0,45.0,0.0,0,outdoors,,Tottenham Stadium,True
2023_05_HOU_ATL,2023,REG,5,2023-10-08,Sunday,13:00,HOU,19.0,ATL,21.0,Home,2.0,40.0,0.0,0,open,fieldturf,Mercedes-Benz Stadium,True
2023_05_CAR_DET,2023,REG,5,2023-10-08,Sunday,13:00,CAR,24.0,DET,42.0,Home,18.0,66.0,0.0,0,dome,fieldturf,Ford Field,True
2023_05_TEN_IND,2023,REG,5,2023-10-08,Sunday,13:00,TEN,16.0,IND,23.0,Home,7.0,39.0,0.0,1,open,fieldturf,Lucas Oil Stadium,True
2023_05_NYG_MIA,2023,REG,5,2023-10-08,Sunday,13:00,NYG,16.0,MIA,31.0,Home,15.0,47.0,0.0,0,outdoors,grass,Hard Rock Stadium,True
2023_05_NO_NE,2023,REG,5,2023-10-08,Sunday,13:00,NO,34.0,NE,0.0,Home,-34.0,34.0,0.0,0,outdoors,fieldturf,Gillette Stadium,True
2023_05_BAL_PIT,2023,REG,5,2023-10-08,Sunday,13:00,BAL,10.0,PIT,17.0,Home,7.0,27.0,0.0,1,outdoors,grass,Acrisure Stadium,True
2023_05_CIN_ARI,2023,REG,5,2023-10-08,Sunday,16:05,CIN,34.0,ARI,20.0,Home,-14.0,54.0,0.0,0,closed,grass,State Farm Stadium,True
2023_05_PHI_LA,2023,REG,5,2023-10-08,Sunday,16:05,PHI,23.0,LA,14.0,Home,-9.0,37.0,0.0,0,dome,matrixturf,SoFi Stadium,True
2023_05_NYJ_DEN,2023,REG,5,2023-10-08,Sunday,16:25,NYJ,31.0,DEN,21.0,Home,-10.0,52.0,0.0,0,outdoors,grass,Empower Field at Mile High,True
2023_05_KC_MIN,2023,REG,5,2023-10-08,Sunday,16:25,KC,27.0,MIN,20.0,Home,-7.0,47.0,0.0,0,dome,sportturf,U.S. Bank Stadium,True
2023_05_DAL_SF,2023,REG,5,2023-10-08,Sunday,20:20,DAL,10.0,SF,42.0,Home,32.0,52.0,0.0,0,outdoors,grass,Levi's Stadium,True
2023_05_GB_LV,2023,REG,5,2023-10-09,Monday,20:15,GB,13.0,LV,17.0,Home,4.0,30.0,0.0,0,dome,grass,Allegiant Stadium,True
2023_06_DEN_KC,2023,REG,6,2023-10-12,Thursday,20:15,DEN,8.0,KC,19.0,Home,11.0,27.0,0.0,1,outdoors,grass,GEHA Field at Arrowhead Stadium,True
2023_06_BAL_TEN,2023,REG,6,2023-10-15,Sunday,09:30,BAL,24.0,TEN,16.0,Neutral,-8.0,40.0,0.0,0,outdoors,,Tottenham Stadium,True
2023_06_WAS_ATL,2023,REG,6,2023-10-15,Sunday,13:00,WAS,24.0,ATL,16.0,Home,-8.0,40.0,0.0,0,closed,fieldturf,Mercedes-Benz Stadium,True
2023_06_MIN_CHI,2023,REG,6,2023-10-15,Sunday,13:00,MIN,19.0,CHI,13.0,Home,-6.0,32.0,0.0,1,outdoors,grass,Soldier Field,True
2023_06_SEA_CIN,2023,REG,6,2023-10-15,Sunday,13:00,SEA,13.0,CIN,17.0,Home,4.0,30.0,0.0,0,outdoors,fieldturf,Paycor Stadium,True
2023_06_SF_CLE,2023,REG,6,2023-10-15,Sunday,13:00,SF,17.0,CLE,19.0,Home,2.0,36.0,0.0,0,outdoors,grass,FirstEnergy Stadium,True
2023_06_NO_HOU,2023,REG,6,2023-10-15,Sunday,13:00,NO,13.0,HOU,20.0,Home,7.0,33.0,0.0,0,closed,astroturf,NRG Stadium,True
2023_06_IND_JAX,2023,REG,6,2023-10-15,Sunday,13:00,IND,20.0,JAX,37.0,Home,17.0,57.0,0.0,1,outdoors,grass,TIAA Bank Stadium,True
2023_06_CAR_MIA,2023,REG,6,2023-10-15,Sunday,13:00,CAR,21.0,MIA,42.0,Home,21.0,63.0,0.0,0,outdoors,grass,Hard Rock Stadium,True
2023_06_NE_LV,2023,REG,6,2023-10-15,Sunday,16:05,NE,17.0,LV,21.0,Home,4.0,38.0,0.0,0,dome,grass,Allegiant Stadium,True
2023_06_ARI_LA,2023,REG,6,2023-10-15,Sunday,16:25,ARI,9.0,LA,26.0,Home,17.0,35.0,0.0,1,dome,matrixturf,SoFi Stadium,True
2023_06_PHI_NYJ,2023,REG,6,2023-10-15,Sunday,16:25,PHI,14.0,NYJ,20.0,Home,6.0,34.0,0.0,0,outdoors,fieldturf,MetLife Stadium,True
2023_06_DET_TB,2023,REG,6,2023-10-15,Sunday,16:25,DET,20.0,TB,6.0,Home,-14.0,26.0,0.0,0,outdoors,grass,Raymond James Stadium,True
2023_06_NYG_BUF,2023,REG,6,2023-10-15,Sunday,20:20,NYG,9.0,BUF,14.0,Home,5.0,23.0,0.0,0,outdoors,a_turf,New Era Field,True
2023_06_DAL_LAC,2023,REG,6,2023-10-16,Monday,20:15,DAL,20.0,LAC,17.0,Home,-3.0,37.0,0.0,0,dome,matrixturf,SoFi Stadium,True
2023_07_JAX_NO,2023,REG,7,2023-10-19,Thursday,20:15,JAX,31.0,NO,24.0,Home,-7.0,55.0,0.0,0,dome,sportturf,Mercedes-Benz Superdome,True
2023_07_DET_BAL,2023,REG,7,2023-10-22,Sunday,13:00,DET,6.0,BAL,38.0,Home,32.0,44.0,0.0,0,outdoors,grass,M&T Bank Stadium,True
2023_07_LV_CHI,2023,REG,7,2023-10-22,Sunday,13:00,LV,12.0,CHI,30.0,Home,18.0,42.0,0.0,0,outdoors,grass,Soldier Field,True
2023_07_CLE_IND,2023,REG,7,2023-10-22,Sunday,13:00,CLE,39.0,IND,38.0,Home,-1.0,77.0,0.0,0,open,fieldturf,Lucas Oil Stadium,True
2023_07_BUF_NE,2023,REG,7,2023-10-22,Sunday,13:00,BUF,25.0,NE,29.0,Home,4.0,54.0,0.0,1,outdoors,fieldturf,Gillette Stadium,True
2023_07_WAS_NYG,2023,REG,7,2023-10-22,Sunday,13:00,WAS,7.0,NYG,14.0,Home,7.0,21.0,0.0,1,outdoors,fieldturf,MetLife Stadium,True
2023_07_ATL_TB,2023,REG,7,2023-10-22,Sunday,13:00,ATL,16.0,TB,13.0,Home,-3.0,29.0,0.0,1,outdoors,grass,Raymond James Stadium,True
2023_07_PIT_LA,2023,REG,7,2023-10-22,Sunday,16:05,PIT,24.0,LA,17.0,Home,-7.0,41.0,0.0,0,dome,matrixturf,SoFi Stadium,True
2023_07_ARI_SEA,2023,REG,7,2023-10-22,Sunday,16:05,ARI,10.0,SEA,20.0,Home,10.0,30.0,0.0,1,outdoors,fieldturf,Lumen Field,True
2023_07_GB_DEN,2023,REG,7,2023-10-22,Sunday,16:25,GB,17.0,DEN,19.0,Home,2.0,36.0,0.0,0,outdoors,grass,Empower Field at Mile High,True
2023_07_LAC_KC,2023,REG,7,2023-10-22,Sunday,16:25,LAC,17.0,KC,31.0,Home,14.0,48.0,0.0,1,outdoors,grass,GEHA Field at Arrowhead Stadium,True
2023_07_MIA_PHI,2023,REG,7,2023-10-22,Sunday,20:20,MIA,17.0,PHI,31.0,Home,14.0,48.0,0.0,0,outdoors,grass,Lincoln Financial Field,True
2023_07_SF_MIN,2023,REG,7,2023-10-23,Monday,20:15,SF,17.0,MIN,22.0,Home,5.0,39.0,0.0,0,dome,sportturf,U.S. Bank Stadium,True
2023_08_TB_BUF,2023,REG,8,2023-10-26,Thursday,20:15,TB,18.0,BUF,24.0,Home,6.0,42.0,0.0,0,outdoors,a_turf,New Era Field,True
2023_08_HOU_CAR,2023,REG,8,2023-10-29,Sunday,13:00,HOU,13.0,CAR,15.0,Home,2.0,28.0,0.0,0,outdoors,grass,Bank of America Stadium,True
2023_08_LA_DAL,2023,REG,8,2023-10-29,Sunday,13:00,LA,20.0,DAL,43.0,Home,23.0,63.0,0.0,0,closed,matrixturf,AT&T Stadium,True
2023_08_MIN_GB,2023,REG,8,2023-10-29,Sunday,13:00,MIN,24.0,GB,10.0,Home,-14.0,34.0,0.0,1,outdoors,grass,Lambeau Field,True
2023_08_NO_IND,2023,REG,8,2023-10-29,Sunday,13:00,NO,38.0,IND,27.0,Home,-11.0,65.0,0.0,0,closed,fieldturf,Lucas Oil Stadium,True
2023_08_NE_MIA,2023,REG,8,2023-10-29,Sunday,13:00,NE,17.0,MIA,31.0,Home,14.0,48.0,0.0,1,outdoors,grass,Hard Rock Stadium,True
2023_08_NYJ_NYG,2023,REG,8,2023-10-29,Sunday,13:00,NYJ,13.0,NYG,10.0,Home,-3.0,23.0,1.0,0,outdoors,fieldturf,MetLife Stadium,True
2023_08_JAX_PIT,2023,REG,8,2023-10-29,Sunday,13:00,JAX,20.0,PIT,10.0,Home,-10.0,30.0,0.0,0,outdoors,grass,Acrisure Stadium,True
2023_08_ATL_TEN,2023,REG,8,2023-10-29,Sunday,13:00,ATL,23.0,TEN,28.0,Home,5.0,51.0,0.0,0,outdoors,grass,Nissan Stadium,True
2023_08_PHI_WAS,2023,REG,8,2023-10-29,Sunday,13:00,PHI,38.0,WAS,31.0,Home,-7.0,69.0,0.0,1,outdoors,grass,FedExField,True
2023_08_CLE_SEA,2023,REG,8,2023-10-29,Sunday,16:05,CLE,20.0,SEA,24.0,Home,4.0,44.0,0.0,0,outdoors,fieldturf,Lumen Field,True
2023_08_BAL_ARI,2023,REG,8,2023-10-29,Sunday,16:25,BAL,31.0,ARI,24.0,Home,-7.0,55.0,0.0,0,closed,grass,State Farm Stadium,True
2023_08_KC_DEN,2023,REG,8,2023-10-29,Sunday,16:25,KC,9.0,DEN,24.0,Home,15.0,33.0,0.0,1,outdoors,grass,Empower Field at Mile High,True
2023_08_CIN_SF,2023,REG,8,2023-10-29,Sunday,16:25,CIN,31.0,SF,17.0,Home,-14.0,48.0,0.0,0,outdoors,grass,Levi's Stadium,True
2023_08_CHI_LAC,2023,REG,8,2023-10-29,Sunday,20:20,CHI,13.0,LAC,30.0,Home,17.0,43.0,0.0,0,dome,matrixturf,SoFi Stadium,True
2023_08_LV_DET,2023,REG,8,2023-10-30,Monday,20:15,LV,14.0,DET,26.0,Home,12.0,40.0,0.0,0,dome,fieldturf,Ford Field,True
2023_09_TEN_PIT,2023,REG,9,2023-11-02,Thursday,20:15,TEN,16.0,PIT,20.0,Home,4.0,36.0,0.0,0,outdoors,grass,Acrisure Stadium,True
2023_09_MIA_KC,2023,REG,9,2023-11-05,Sunday,09:30,MIA,14.0,KC,21.0,Neutral,7.0,35.0,0.0,0,outdoors,grass,Deutsche Bank Park,True
2023_09_MIN_ATL,2023,REG,9,2023-11-05,Sunday,13:00,MIN,31.0,ATL,28.0,Home,-3.0,59.0,0.0,0,open,fieldturf,Mercedes-Benz Stadium,True
2023_09_SEA_BAL,2023,REG,9,2023-11-05,Sunday,13:00,SEA,3.0,BAL,37.0,Home,34.0,40.0,0.0,0,outdoors,grass,M&T Bank Stadium,True
2023_09_ARI_CLE,2023,REG,9,2023-11-05,Sunday,13:00,ARI,0.0,CLE,27.0,Home,27.0,27.0,0.0,0,outdoors,grass,FirstEnergy Stadium,True
2023_09_LA_GB,2023,REG,9,2023-11-05,Sunday,13:00,LA,3.0,GB,20.0,Home,17.0,23.0,0.0,0,outdoors,grass,Lambeau Field,True
2023_09_TB_HOU,2023,REG,9,2023-11-05,Sunday,13:00,TB,37.0,HOU,39.0,Home,2.0,76.0,0.0,0,closed,astroturf,NRG Stadium,True
2023_09_WAS_NE,2023,REG,9,2023-11-05,Sunday,13:00,WAS,20.0,NE,17.0,Home,-3.0,37.0,0.0,0,outdoors,fieldturf,Gillette Stadium,True
2023_09_CHI_NO,2023,REG,9,2023-11-05,Sunday,13:00,CHI,17.0,NO,24.0,Home,7.0,41.0,0.0,0,dome,sportturf,Mercedes-Benz Superdome,True
2023_09_IND_CAR,2023,REG,9,2023-11-05,Sunday,16:05,IND,27.0,CAR,13.0,Home,-14.0,40.0,0.0,0,outdoors,grass,Bank of America Stadium,True
2023_09_NYG_LV,2023,REG,9,2023-11-05,Sunday,16:25,NYG,6.0,LV,30.0,Home,24.0,36.0,0.0,0,dome,grass,Allegiant Stadium,True
2023_09_DAL_PHI,2023,REG,9,2023-11-05,Sunday,16:25,DAL,23.0,PHI,28.0,Home,5.0,51.0,0.0,1,outdoors,grass,Lincoln Financial Field,True
2023_09_BUF_CIN,2023,REG,9,2023-11-05,Sunday,20:20,BUF,18.0,CIN,24.0,Home,6.0,42.0,0.0,0,outdoors,fieldturf,Paycor Stadium,True
2023_09_LAC_NYJ,2023,REG,9,2023-11-06,Monday,20:15,LAC,27.0,NYJ,6.0,Home,-21.0,33.0,0.0,0,outdoors,fieldturf,MetLife Stadium,True
2023_10_CAR_CHI,2023,REG,10,2023-11-09,Thursday,20:15,CAR,13.0,CHI,16.0,Home,3.0,29.0,0.0,0,outdoors,grass,Soldier Field,True
2023_10_IND_NE,2023,REG,10,2023-11-12,Sunday,09:30,IND,10.0,NE,6.0,Neutral,-4.0,16.0,0.0,0,outdoors,grass,Deutsche Bank Park,True
2023_10_CLE_BAL,2023,REG,10,2023-11-12,Sunday,13:00,CLE,33.0,BAL,31.0,Home,-2.0,64.0,0.0,1,outdoors,grass,M&T Bank Stadium,True
2023_10_HOU_CIN,2023,REG,10,2023-11-12,Sunday,13:00,HOU,30.0,CIN,27.0,Home,-3.0,57.0,0.0,0,outdoors,fieldturf,Paycor Stadium,True
2023_10_SF_JAX,2023,REG,10,2023-11-12,Sunday,13:00,SF,34.0,JAX,3.0,Home,-31.0,37.0,0.0,0,outdoors,grass,TIAA Bank Stadium,True
2023_10_NO_MIN,2023,REG,10,2023-11-12,Sunday,13:00,NO,19.0,MIN,27.0,Home,8.0,46.0,0.0,0,dome,sportturf,U.S. Bank Stadium,True
2023_10_GB_PIT,2023,REG,10,2023-11-12,Sunday,13:00,GB,19.0,PIT,23.0,Home,4.0,42.0,0.0,0,outdoors,grass,Acrisure Stadium,True
2023_10_TEN_TB,2023,REG,10,2023-11-12,Sunday,13:00,TEN,6.0,TB,20.0,Home,14.0,26.0,0.0,0,outdoors,grass,Raymond James Stadium,True
2023_10_ATL_ARI,2023,REG,10,2023-11-12,Sunday,16:05,ATL,23.0,ARI,25.0,Home,2.0,48.0,0.0,0,closed,grass,State Farm Stadium,True
2023_10_DET_LAC,2023,REG,10,2023-11-12,Sunday,16:05,DET,41.0,LAC,38.0,Home,-3.0,79.0,0.0,0,dome,matrixturf,SoFi Stadium,True
2023_10_NYG_DAL,2023,REG,10,2023-11-12,Sunday,16:25,NYG,17.0,DAL,49.0,Home,32.0,66.0,0.0,1,closed,matrixturf,AT&T Stadium,True
2023_10_WAS_SEA,2023,REG,10,2023-11-12,Sunday,16:25,WAS,26.0,SEA,29.0,Home,3.0,55.0,0.0,0,outdoors,fieldturf,Lumen Field,True
2023_10_NYJ_LV,2023,REG,10,2023-11-12,Sunday,20:20,NYJ,12.0,LV,16.0,Home,4.0,28.0,0.0,0,dome,grass,Allegiant Stadium,True
2023_10_DEN_BUF,2023,REG,10,2023-11-13,Monday,20:15,DEN,24.0,BUF,22.0,Home,-2.0,46.0,0.0,0,outdoors,a_turf,New Era Field,True
2023_11_CIN_BAL,2023,REG,11,2023-11-16,Thursday,20:15,CIN,20.0,BAL,34.0,Home,14.0,54.0,0.0,1,outdoors,grass,M&T Bank Stadium,True
2023_11_DAL_CAR,2023,REG,11,2023-11-19,Sunday,13:00,DAL,33.0,CAR,10.0,Home,-23.0,43.0,0.0,0,outdoors,grass,Bank of America Stadium,True
2023_11_PIT_CLE,2023,REG,11,2023-11-19,Sunday,13:00,PIT,10.0,CLE,13.0,Home,3.0,23.0,0.0,1,outdoors,grass,FirstEnergy Stadium,True
2023_11_CHI_DET,2023,REG,11,2023-11-19,Sunday,13:00,CHI,26.0,DET,31.0,Home,5.0,57.0,0.0,1,dome,fieldturf,Ford Field,True
2023_11_LAC_GB,2023,REG,11,2023-11-19,Sunday,13:00,LAC,20.0,GB,23.0,Home,3.0,43.0,0.0,0,outdoors,grass,Lambeau Field,True
2023_11_ARI_HOU,2023,REG,11,2023-11-19,Sunday,13:00,ARI,16.0,HOU,21.0,Home,5.0,37.0,0.0,0,closed,astroturf,NRG Stadium,True
2023_11_TEN_JAX,2023,REG,11,2023-11-19,Sunday,13:00,TEN,14.0,JAX,34.0,Home,20.0,48.0,0.0,1,outdoors,grass,TIAA Bank Stadium,True
2023_11_LV_MIA,2023,REG,11,2023-11-19,Sunday,13:00,LV,13.0,MIA,20.0,Home,7.0,33.0,0.0,0,outdoors,grass,Hard Rock Stadium,True
2023_11_NYG_WAS,2023,REG,11,2023-11-19,Sunday,13:00,NYG,31.0,WAS,19.0,Home,-12.0,50.0,0.0,1,outdoors,grass,FedExField,True
2023_11_TB_SF,2023,REG,11,2023-11-19,Sunday,16:05,TB,14.0,SF,27.0,Home,13.0,41.0,0.0,0,outdoors,grass,Levi's Stadium,True
2023_11_NYJ_BUF,2023,REG,11,2023-11-19,Sunday,16:25,NYJ,6.0,BUF,32.0,Home,26.0,38.0,0.0,1,outdoors,a_turf,New Era Field,True
2023_11_SEA_LA,2023,REG,11,2023-11-19,Sunday,16:25,SEA,16.0,LA,17.0,Home,1.0,33.0,0.0,1,dome,matrixturf,SoFi Stadium,True
2023_11_MIN_DEN,2023,REG,11,2023-11-19,Sunday,20:20,MIN,20.0,DEN,21.0,Home,1.0,41.0,0.0,0,outdoors,grass,Empower Field at Mile High,True
2023_11_PHI_KC,2023,REG,11,2023-11-20,Monday,20:15,PHI,21.0,KC,17.0,Home,-4.0,38.0,0.0,0,outdoors,grass,GEHA Field at Arrowhead Stadium,True
2023_12_GB_DET,2023,REG,12,2023-11-23,Thursday,12:30,GB,29.0,DET,22.0,Home,-7.0,51.0,0.0,1,dome,fieldturf,Ford Field,True
2023_12_WAS_DAL,2023,REG,12,2023-11-23,Thursday,16:30,WAS,10.0,DAL,45.0,Home,35.0,55.0,0.0,1,closed,matrixturf,AT&T Stadium,True
2023_12_SF_SEA,2023,REG,12,2023-11-23,Thursday,20:20,SF,31.0,SEA,13.0,Home,-18.0,44.0,0.0,1,outdoors,fieldturf,Lumen Field,True
2023_12_MIA_NYJ,2023,REG,12,2023-11-24,Friday,15:00,MIA,34.0,NYJ,13.0,Home,-21.0,47.0,0.0,1,outdoors,fieldturf,MetLife Stadium,True
2023_12_NO_ATL,2023,REG,12,2023-11-26,Sunday,13:00,NO,15.0,ATL,24.0,Home,9.0,39.0,0.0,1,closed,fieldturf,Mercedes-Benz Stadium,True
2023_12_PIT_CIN,2023,REG,12,2023-11-26,Sunday,13:00,PIT,16.0,CIN,10.0,Home,-6.0,26.0,0.0,1,outdoors,fieldturf,Paycor Stadium,True
2023_12_JAX_HOU,2023,REG,12,2023-11-26,Sunday,13:00,JAX,24.0,HOU,21.0,Home,-3.0,45.0,0.0,1,closed,astroturf,NRG Stadium,True
2023_12_TB_IND,2023,REG,12,2023-11-26,Sunday,13:00,TB,20.0,IND,27.0,Home,7.0,47.0,0.0,0,closed,fieldturf,Lucas Oil Stadium,True
2023_12_NE_NYG,2023,REG,12,2023-11-26,Sunday,13:00,NE,7.0,NYG,10.0,Home,3.0,17.0,0.0,0,outdoors,fieldturf,MetLife Stadium,True
2023_12_CAR_TEN,2023,REG,12,2023-11-26,Sunday,13:00,CAR,10.0,TEN,17.0,Home,7.0,27.0,0.0,0,outdoors,grass,Nissan Stadium,True
2023_12_LA_ARI,2023,REG,12,2023-11-26,Sunday,16:05,LA,37.0,ARI,14.0,Home,-23.0,51.0,0.0,1,closed,grass,State Farm Stadium,True
2023_12_CLE_DEN,2023,REG,12,2023-11-26,Sunday,16:05,CLE,12.0,DEN,29.0,Home,17.0,41.0,0.0,0,outdoors,grass,Empower Field at Mile High,True
2023_12_KC_LV,2023,REG,12,2023-11-26,Sunday,16:25,KC,31.0,LV,17.0,Home,-14.0,48.0,0.0,1,dome,grass,Allegiant Stadium,True
2023_12_BUF_PHI,2023,REG,12,2023-11-26,Sunday,16:25,BUF,34.0,PHI,37.0,Home,3.0,71.0,1.0,0,outdoors,grass,Lincoln Financial Field,True
2023_12_BAL_LAC,2023,REG,12,2023-11-26,Sunday,20:20,BAL,20.0,LAC,10.0,Home,-10.0,30.0,0.0,0,dome,matrixturf,SoFi Stadium,True
2023_12_CHI_MIN,2023,REG,12,2023-11-27,Monday,20:15,CHI,12.0,MIN,10.0,Home,-2.0,22.0,0.0,1,dome,sportturf,U.S. Bank Stadium,True
2023_13_SEA_DAL,2023,REG,13,2023-11-30,Thursday,20:15,SEA,35.0,DAL,41.0,Home,6.0,76.0,0.0,0,closed,matrixturf,AT&T Stadium,True
2023_13_DEN_HOU,2023,REG,13,2023-12-03,Sunday,13:00,DEN,17.0,HOU,22.0,Home,5.0,39.0,0.0,0,closed,astroturf,NRG Stadium,True
2023_13_LAC_NE,2023,REG,13,2023-12-03,Sunday,13:00,LAC,6.0,NE,0.0,Home,-6.0,6.0,0.0,0,outdoors,fieldturf,Gillette Stadium,True
2023_13_DET_NO,2023,REG,13,2023-12-03,Sunday,13:00,DET,33.0,NO,28.0,Home,-5.0,61.0,0.0,0,dome,sportturf,Mercedes-Benz Superdome,True
2023_13_ATL_NYJ,2023,REG,13,2023-12-03,Sunday,13:00,ATL,13.0,NYJ,8.0,Home,-5.0,21.0,0.0,0,outdoors,fieldturf,MetLife Stadium,True
2023_13_ARI_PIT,2023,REG,13,2023-12-03,Sunday,13:00,ARI,24.0,PIT,10.0,Home,-14.0,34.0,0.0,0,outdoors,grass,Acrisure Stadium,True
2023_13_IND_TEN,2023,REG,13,2023-12-03,Sunday,13:00,IND,31.0,TEN,28.0,Home,-3.0,59.0,1.0,1,outdoors,grass,Nissan Stadium,True
2023_13_MIA_WAS,2023,REG,13,2023-12-03,Sunday,13:00,MIA,45.0,WAS,15.0,Home,-30.0,60.0,0.0,0,outdoors,grass,FedExField,True
2023_13_CAR_TB,2023,REG,13,2023-12-03,Sunday,16:05,CAR,18.0,TB,21.0,Home,3.0,39.0,0.0,1,outdoors,grass,Raymond James Stadium,True
2023_13_CLE_LA,2023,REG,13,2023-12-03,Sunday,16:25,CLE,19.0,LA,36.0,Home,17.0,55.0,0.0,0,dome,matrixturf,SoFi Stadium,True
2023_13_SF_PHI,2023,REG,13,2023-12-03,Sunday,16:25,SF,42.0,PHI,19.0,Home,-23.0,61.0,0.0,0,outdoors,grass,Lincoln Financial Field,True
2023_13_KC_GB,2023,REG,13,2023-12-03,Sunday,20:20,KC,19.0,GB,27.0,Home,8.0,46.0,0.0,0,outdoors,grass,Lambeau Field,True
2023_13_CIN_JAX,2023,REG,13,2023-12-04,Monday,20:15,CIN,34.0,JAX,31.0,Home,-3.0,65.0,1.0,0,outdoors,grass,TIAA Bank Stadium,True
2023_14_NE_PIT,2023,REG,14,2023-12-07,Thursday,20:15,NE,21.0,PIT,18.0,Home,-3.0,39.0,0.0,0,outdoors,grass,Acrisure Stadium,True
2023_14_TB_ATL,2023,REG,14,2023-12-10,Sunday,13:00,TB,29.0,ATL,25.0,Home,-4.0,54.0,0.0,1,closed,fieldturf,Mercedes-Benz Stadium,True
2023_14_LA_BAL,2023,REG,14,2023-12-10,Sunday,13:00,LA,31.0,BAL,37.0,Home,6.0,68.0,1.0,0,outdoors,grass,M&T Bank Stadium,True
2023_14_DET_CHI,2023,REG,14,2023-12-10,Sunday,13:00,DET,13.0,CHI,28.0,Home,15.0,41.0,0.0,1,outdoors,grass,Soldier Field,True
2023_14_IND_CIN,2023,REG,14,2023-12-10,Sunday,13:00,IND,14.0,CIN,34.0,Home,20.0,48.0,0.0,0,outdoors,fieldturf,Paycor Stadium,True
2023_14_JAX_CLE,2023,REG,14,2023-12-10,Sunday,13:00,JAX,27.0,CLE,31.0,Home,4.0,58.0,0.0,0,outdoors,grass,FirstEnergy Stadium,True
2023_14_CAR_NO,2023,REG,14,2023-12-10,Sunday,13:00,CAR,6.0,NO,28.0,Home,22.0,34.0,0.0,1,dome,sportturf,Mercedes-Benz Superdome,True
2023_14_HOU_NYJ,2023,REG,14,2023-12-10,Sunday,13:00,HOU,6.0,NYJ,30.0,Home,24.0,36.0,0.0,0,outdoors,fieldturf,MetLife Stadium,True
2023_14_MIN_LV,2023,REG,14,2023-12-10,Sunday,16:05,MIN,3.0,LV,0.0,Home,-3.0,3.0,0.0,0,dome,grass,Allegiant Stadium,True
2023_14_SEA_SF,2023,REG,14,2023-12-10,Sunday,16:05,SEA,16.0,SF,28.0,Home,12.0,44.0,0.0,1,outdoors,grass,Levi's Stadium,True
2023_14_BUF_KC,2023,REG,14,2023-12-10,Sunday,16:25,BUF,20.0,KC,17.0,Home,-3.0,37.0,0.0,0,outdoors,grass,GEHA Field at Arrowhead Stadium,True
2023_14_DEN_LAC,2023,REG,14,2023-12-10,Sunday,16:25,DEN,24.0,LAC,7.0,Home,-17.0,31.0,0.0,1,dome,matrixturf,SoFi Stadium,True
2023_14_PHI_DAL,2023,REG,14,2023-12-10,Sunday,20:20,PHI,13.0,DAL,33.0,Home,20.0,46.0,0.0,1,closed,matrixturf,AT&T Stadium,True
2023_14_TEN_MIA,2023,REG,14,2023-12-11,Monday,20:15,TEN,28.0,MIA,27.0,Home,-1.0,55.0,0.0,0,outdoors,grass,Hard Rock Stadium,True
2023_14_GB_NYG,2023,REG,14,2023-12-11,Monday,20:15,GB,22.0,NYG,24.0,Home,2.0,46.0,0.0,0,outdoors,fieldturf,MetLife Stadium,True
2023_15_LAC_LV,2023,REG,15,2023-12-14,Thursday,20:15,LAC,21.0,LV,63.0,Home,42.0,84.0,0.0,1,dome,grass,Allegiant Stadium,True
2023_15_MIN_CIN,2023,REG,15,2023-12-16,Saturday,13:00,MIN,24.0,CIN,27.0,Home,3.0,51.0,1.0,0,outdoors,fieldturf,Paycor Stadium,True
2023_15_PIT_IND,2023,REG,15,2023-12-16,Saturday,16:30,PIT,13.0,IND,30.0,Home,17.0,43.0,0.0,0,closed,fieldturf,Lucas Oil Stadium,True
2023_15_DEN_DET,2023,REG,15,2023-12-16,Saturday,20:15,DEN,17.0,DET,42.0,Home,25.0,59.0,0.0,0,dome,fieldturf,Ford Field,True
2023_15_ATL_CAR,2023,REG,15,2023-12-17,Sunday,13:00,ATL,7.0,CAR,9.0,Home,2.0,16.0,0.0,1,outdoors,grass,Bank of America Stadium,True
2023_15_CHI_CLE,2023,REG,15,2023-12-17,Sunday,13:00,CHI,17.0,CLE,20.0,Home,3.0,37.0,0.0,0,outdoors,grass,FirstEnergy Stadium,True
2023_15_TB_GB,2023,REG,15,2023-12-17,Sunday,13:00,TB,34.0,GB,20.0,Home,-14.0,54.0,0.0,0,outdoors,grass,Lambeau Field,True
2023_15_NYJ_MIA,2023,REG,15,2023-12-17,Sunday,13:00,NYJ,0.0,MIA,30.0,Home,30.0,30.0,0.0,1,outdoors,grass,Hard Rock Stadium,True
2023_15_KC_NE,2023,REG,15,2023-12-17,Sunday,13:00,KC,27.0,NE,17.0,Home,-10.0,44.0,0.0,0,outdoors,fieldturf,Gillette Stadium,True
2023_15_NYG_NO,2023,REG,15,2023-12-17,Sunday,13:00,NYG,6.0,NO,24.0,Home,18.0,30.0,0.0,0,dome,sportturf,Mercedes-Benz Superdome,True
2023_15_HOU_TEN,2023,REG,15,2023-12-17,Sunday,13:00,HOU,19.0,TEN,16.0,Home,-3.0,35.0,1.0,1,outdoors,grass,Nissan Stadium,True
2023_15_SF_ARI,2023,REG,15,2023-12-17,Sunday,16:05,SF,45.0,ARI,29.0,Home,-16.0,74.0,0.0,1,open,grass,State Farm Stadium,True
2023_15_WAS_LA,2023,REG,15,2023-12-17,Sunday,16:05,WAS,20.0,LA,28.0,Home,8.0,48.0,0.0,0,dome,matrixturf,SoFi Stadium,True
2023_15_DAL_BUF,2023,REG,15,2023-12-17,Sunday,16:25,DAL,10.0,BUF,31.0,Home,21.0,41.0,0.0,0,outdoors,a_turf,New Era Field,True
2023_15_BAL_JAX,2023,REG,15,2023-12-17,Sunday,20:20,BAL,23.0,JAX,7.0,Home,-16.0,30.0,0.0,0,outdoors,grass,TIAA Bank Stadium,True
2023_15_PHI_SEA,2023,REG,15,2023-12-18,Monday,20:15,PHI,17.0,SEA,20.0,Home,3.0,37.0,0.0,0,outdoors,fieldturf,Lumen Field,True
2023_16_NO_LA,2023,REG,16,2023-12-21,Thursday,20:15,NO,22.0,LA,30.0,Home,8.0,52.0,0.0,0,dome,matrixturf,SoFi Stadium,True
2023_16_CIN_PIT,2023,REG,16,2023-12-23,Saturday,16:30,CIN,11.0,PIT,34.0,Home,23.0,45.0,0.0,1,outdoors,grass,Acrisure Stadium,True
2023_16_BUF_LAC,2023,REG,16,2023-12-23,Saturday,20:00,BUF,24.0,LAC,22.0,Home,-2.0,46.0,0.0,0,dome,matrixturf,SoFi Stadium,True
2023_16_IND_ATL,2023,REG,16,2023-12-24,Sunday,13:00,IND,10.0,ATL,29.0,Home,19.0,39.0,0.0,0,closed,fieldturf,Mercedes-Benz Stadium,True
2023_16_GB_CAR,2023,REG,16,2023-12-24,Sunday,13:00,GB,33.0,CAR,30.0,Home,-3.0,63.0,0.0,0,outdoors,grass,Bank of America Stadium,True
2023_16_CLE_HOU,2023,REG,16,2023-12-24,Sunday,13:00,CLE,36.0,HOU,22.0,Home,-14.0,58.0,0.0,0,closed,astroturf,NRG Stadium,True
2023_16_DET_MIN,2023,REG,16,2023-12-24,Sunday,13:00,DET,30.0,MIN,24.0,Home,-6.0,54.0,0.0,1,dome,sportturf,U.S. Bank Stadium,True
2023_16_WAS_NYJ,2023,REG,16,2023-12-24,Sunday,13:00,WAS,28.0,NYJ,30.0,Home,2.0,58.0,0.0,0,outdoors,fieldturf,MetLife Stadium,True
2023_16_SEA_TEN,2023,REG,16,2023-12-24,Sunday,13:00,SEA,20.0,TEN,17.0,Home,-3.0,37.0,0.0,0,outdoors,grass,Nissan Stadium,True
2023_16_JAX_TB,2023,REG,16,2023-12-24,Sunday,16:05,JAX,12.0,TB,30.0,Home,18.0,42.0,0.0,0,outdoors,grass,Raymond James Stadium,True
2023_16_ARI_CHI,2023,REG,16,2023-12-24,Sunday,16:25,ARI,16.0,CHI,27.0,Home,11.0,43.0,0.0,0,outdoors,grass,Soldier Field,True
2023_16_DAL_MIA,2023,REG,16,2023-12-24,Sunday,16:25,DAL,20.0,MIA,22.0,Home,2.0,42.0,0.0,0,outdoors,grass,Hard Rock Stadium,True
2023_16_NE_DEN,2023,REG,16,2023-12-24,Sunday,20:15,NE,26.0,DEN,23.0,Home,-3.0,49.0,0.0,0,outdoors,grass,Empower Field at Mile High,True
2023_16_LV_KC,2023,REG,16,2023-12-25,Monday,13:00,LV,20.0,KC,14.0,Home,-6.0,34.0,0.0,1,outdoors,grass,GEHA Field at Arrowhead Stadium,True
2023_16_NYG_PHI,2023,REG,16,2023-12-25,Monday,16:30,NYG,25.0,PHI,33.0,Home,8.0,58.0,0.0,1,outdoors,grass,Lincoln Financial Field,True
2023_16_BAL_SF,2023,REG,16,2023-12-25,Monday,20:15,BAL,33.0,SF,19.0,Home,-14.0,52.0,0.0,0,outdoors,grass,Levi's Stadium,True
2023_17_NYJ_CLE,2023,REG,17,2023-12-28,Thursday,20:15,NYJ,20.0,CLE,37.0,Home,17.0,57.0,0.0,0,outdoors,grass,FirstEnergy Stadium,True
2023_17_DET_DAL,2023,REG,17,2023-12-30,Saturday,20:15,DET,19.0,DAL,20.0,Home,1.0,39.0,0.0,0,closed,matrixturf,AT&T Stadium,True
2023_17_MIA_BAL,2023,REG,17,2023-12-31,Sunday,13:00,MIA,19.0,BAL,56.0,Home,37.0,75.0,0.0,0,outdoors,grass,M&T Bank Stadium,True
2023_17_NE_BUF,2023,REG,17,2023-12-31,Sunday,13:00,NE,21.0,BUF,27.0,Home,6.0,48.0,0.0,1,outdoors,a_turf,New Era Field,True
2023_17_ATL_CHI,2023,REG,17,2023-12-31,Sunday,13:00,ATL,17.0,CHI,37.0,Home,20.0,54.0,0.0,0,outdoors,grass,Soldier Field,True
2023_17_TEN_HOU,2023,REG,17,2023-12-31,Sunday,13:00,TEN,3.0,HOU,26.0,Home,23.0,29.0,0.0,1,closed,astroturf,NRG Stadium,True
2023_17_LV_IND,2023,REG,17,2023-12-31,Sunday,13:00,LV,20.0,IND,23.0,Home,3.0,43.0,0.0,0,closed,fieldturf,Lucas Oil Stadium,True
2023_17_CAR_JAX,2023,REG,17,2023-12-31,Sunday,13:00,CAR,0.0,JAX,26.0,Home,26.0,26.0,0.0,0,outdoors,grass,TIAA Bank Stadium,True
2023_17_LA_NYG,2023,REG,17,2023-12-31,Sunday,13:00,LA,26.0,NYG,25.0,Home,-1.0,51.0,0.0,0,outdoors,fieldturf,MetLife Stadium,True
2023_17_ARI_PHI,2023,REG,17,2023-12-31,Sunday,13:00,ARI,35.0,PHI,31.0,Home,-4.0,66.0,0.0,0,outdoors,grass,Lincoln Financial Field,True
2023_17_NO_TB,2023,REG,17,2023-12-31,Sunday,13:00,NO,23.0,TB,13.0,Home,-10.0,36.0,0.0,1,outdoors,grass,Raymond James Stadium,True
2023_17_SF_WAS,2023,REG,17,2023-12-31,Sunday,13:00,SF,27.0,WAS,10.0,Home,-17.0,37.0,0.0,0,outdoors,grass,FedExField,True
2023_17_PIT_SEA,2023,REG,17,2023-12-31,Sunday,16:05,PIT,30.0,SEA,23.0,Home,-7.0,53.0,0.0,0,outdoors,fieldturf,Lumen Field,True
2023_17_LAC_DEN,2023,REG,17,2023-12-31,Sunday,16:25,LAC,9.0,DEN,16.0,Home,7.0,25.0,0.0,1,outdoors,grass,Empower Field at Mile High,True
2023_17_CIN_KC,2023,REG,17,2023-12-31,Sunday,16:25,CIN,17.0,KC,25.0,Home,8.0,42.0,0.0,0,outdoors,grass,GEHA Field at Arrowhead Stadium,True
2023_17_GB_MIN,2023,REG,17,2023-12-31,Sunday,20:20,GB,33.0,MIN,10.0,Home,-23.0,43.0,0.0,1,dome,sportturf,U.S. Bank Stadium,True
2023_18_PIT_BAL,2023,REG,18,2024-01-06,Saturday,16:30,PIT,17.0,BAL,10.0,Home,-7.0,27.0,0.0,1,outdoors,grass,M&T Bank Stadium,True
2023_18_HOU_IND,2023,REG,18,2024-01-06,Saturday,20:15,HOU,23.0,IND,19.0,Home,-4.0,42.0,0.0,1,closed,fieldturf,Lucas Oil Stadium,True
2023_18_TB_CAR,2023,REG,18,2024-01-07,Sunday,13:00,TB,9.0,CAR,0.0,Home,-9.0,9.0,0.0,1,outdoors,grass,Bank of America Stadium,True
2023_18_CLE_CIN,2023,REG,18,2024-01-07,Sunday,13:00,CLE,14.0,CIN,31.0,Home,17.0,45.0,0.0,1,outdoors,fieldturf,Paycor Stadium,True
2023_18_MIN_DET,2023,REG,18,2024-01-07,Sunday,13:00,MIN,20.0,DET,30.0,Home,10.0,50.0,0.0,1,dome,fieldturf,Ford Field,True
2023_18_NYJ_NE,2023,REG,18,2024-01-07,Sunday,13:00,NYJ,17.0,NE,3.0,Home,-14.0,20.0,0.0,1,outdoors,fieldturf,Gillette Stadium,True
2023_18_ATL_NO,2023,REG,18,2024-01-07,Sunday,13:00,ATL,17.0,NO,48.0,Home,31.0,65.0,0.0,1,dome,sportturf,Mercedes-Benz Superdome,True
2023_18_JAX_TEN,2023,REG,18,2024-01-07,Sunday,13:00,JAX,20.0,TEN,28.0,Home,8.0,48.0,0.0,1,outdoors,grass,Nissan Stadium,True
2023_18_SEA_ARI,2023,REG,18,2024-01-07,Sunday,16:25,SEA,21.0,ARI,20.0,Home,-1.0,41.0,0.0,1,closed,grass,State Farm Stadium,True
2023_18_CHI_GB,2023,REG,18,2024-01-07,Sunday,16:25,CHI,9.0,GB,17.0,Home,8.0,26.0,0.0,1,outdoors,grass,Lambeau Field,True
2023_18_KC_LAC,2023,REG,18,2024-01-07,Sunday,16:25,KC,13.0,LAC,12.0,Home,-1.0,25.0,0.0,1,dome,matrixturf,SoFi Stadium,True
2023_18_DEN_LV,2023,REG,18,2024-01-07,Sunday,16:25,DEN,14.0,LV,27.0,Home,13.0,41.0,0.0,1,dome,grass,Allegiant Stadium,True
2023_18_PHI_NYG,2023,REG,18,2024-01-07,Sunday,16:25,PHI,10.0,NYG,27.0,Home,17.0,37.0,0.0,1,outdoors,fieldturf,MetLife Stadium,True
2023_18_LA_SF,2023,REG,18,2024-01-07,Sunday,16:25,LA,21.0,SF,20.0,Home,-1.0,41.0,0.0,1,outdoors,grass,Levi's Stadium,True
2023_18_DAL_WAS,2023,REG,18,2024-01-07,Sunday,16:25,DAL,38.0,WAS,10.0,Home,-28.0,48.0,0.0,1,outdoors,grass,FedExField,True
2023_18_BUF_MIA,2023,REG,18,2024-01-07,Sunday,20:20,BUF,21.0,MIA,14.0,Home,-7.0,35.0,0.0,1,outdoors,grass,Hard Rock Stadium,True
2023_19_CLE_HOU,2023,WC,19,2024-01-13,Saturday,16:30,CLE,14.0,HOU,45.0,Home,31.0,59.0,0.0,0,closed,astroturf,NRG Stadium,True
2023_19_MIA_KC,2023,WC,19,2024-01-13,Saturday,20:00,MIA,7.0,KC,26.0,Home,19.0,33.0,0.0,0,outdoors,grass,GEHA Field at Arrowhead Stadium,True
2023_19_GB_DAL,2023,WC,19,2024-01-14,Sunday,16:30,GB,48.0,DAL,32.0,Home,-16.0,80.0,0.0,0,closed,matrixturf,AT&T Stadium,True
2023_19_LA_DET,2023,WC,19,2024-01-14,Sunday,20:00,LA,23.0,DET,24.0,Home,1.0,47.0,0.0,0,dome,fieldturf,Ford Field,True
2023_19_PIT_BUF,2023,WC,19,2024-01-15,Monday,16:30,PIT,17.0,BUF,31.0,Home,14.0,48.0,0.0,0,outdoors,a_turf,New Era Field,True
2023_19_PHI_TB,2023,WC,19,2024-01-15,Monday,20:00,PHI,9.0,TB,32.0,Home,23.0,41.0,0.0,0,outdoors,grass,Raymond James Stadium,True
2023_20_HOU_BAL,2023,DIV,20,2024-01-20,Saturday,16:30,HOU,10.0,BAL,34.0,Home,24.0,44.0,0.0,0,outdoors,grass,M&T Bank Stadium,True
2023_20_GB_SF,2023,DIV,20,2024-01-20,Saturday,20:15,GB,21.0,SF,24.0,Home,3.0,45.0,0.0,0,outdoors,grass,Levi's Stadium,True
2023_20_TB_DET,2023,DIV,20,2024-01-21,Sunday,15:00,TB,23.0,DET,31.0,Home,8.0,54.0,0.0,0,dome,fieldturf,Ford Field,True
2023_20_KC_BUF,2023,DIV,20,2024-01-21,Sunday,18:30,KC,27.0,BUF,24.0,Home,-3.0,51.0,0.0,0,outdoors,a_turf,New Era Field,True
2023_21_KC_BAL,2023,CON,21,2024-01-28,Sunday,15:00,KC,17.0,BAL,10.0,Home,-7.0,27.0,0.0,0,outdoors,grass,M&T Bank Stadium,True
2023_21_DET_SF,2023,CON,21,2024-01-28,Sunday,18:30,DET,31.0,SF,34.0,Home,3.0,65.0,0.0,0,outdoors,grass,Levi's Stadium,True
2023_22_SF_KC,2023,SB,22,2024-02-11,Sunday,18:30,SF,22.0,KC,25.0,Neutral,3.0,47.0,1.0,0,dome,grass,Allegiant Stadium,True
2024_01_BAL_KC,2024,REG,1,2024-09-05,Thursday,20:20,BAL,20.0,KC,27.0,Home,7.0,47.0,0.0,0,outdoors,grass,GEHA Field at Arrowhead Stadium,True
2024_01_GB_PHI,2024,REG,1,2024-09-06,Friday,20:15,GB,29.0,PHI,34.0,Neutral,5.0,63.0,0.0,0,outdoors,,Arena Corinthians,True
2024_01_PIT_ATL,2024,REG,1,2024-09-08,Sunday,13:00,PIT,18.0,ATL,10.0,Home,-8.0,28.0,0.0,0,closed,fieldturf,Mercedes-Benz Stadium,True
2024_01_ARI_BUF,2024,REG,1,2024-09-08,Sunday,13:00,ARI,28.0,BUF,34.0,Home,6.0,62.0,0.0,0,outdoors,a_turf,New Era Field,True
2024_01_TEN_CHI,2024,REG,1,2024-09-08,Sunday,13:00,TEN,17.0,CHI,24.0,Home,7.0,41.0,0.0,0,outdoors,grass,Soldier Field,True
2024_01_NE_CIN,2024,REG,1,2024-09-08,Sunday,13:00,NE,16.0,CIN,10.0,Home,-6.0,26.0,0.0,0,outdoors,fieldturf,Paycor Stadium,True
2024_01_HOU_IND,2024,REG,1,2024-09-08,Sunday,13:00,HOU,29.0,IND,27.0,Home,-2.0,56.0,0.0,1,closed,fieldturf,Lucas Oil Stadium,True
2024_01_JAX_MIA,2024,REG,1,2024-09-08,Sunday,13:00,JAX,17.0,MIA,20.0,Home,3.0,37.0,0.0,0,outdoors,grass,Hard Rock Stadium,True
2024_01_CAR_NO,2024,REG,1,2024-09-08,Sunday,13:00,CAR,10.0,NO,47.0,Home,37.0,57.0,0.0,1,dome,sportturf,Mercedes-Benz Superdome,True
2024_01_MIN_NYG,2024,REG,1,2024-09-08,Sunday,13:00,MIN,28.0,NYG,6.0,Home,-22.0,34.0,0.0,0,outdoors,fieldturf,MetLife Stadium,True
2024_01_LV_LAC,2024,REG,1,2024-09-08,Sunday,16:05,LV,10.0,LAC,22.0,Home,12.0,32.0,0.0,1,dome,matrixturf,SoFi Stadium,True
2024_01_DEN_SEA,2024,REG,1,2024-09-08,Sunday,16:05,DEN,20.0,SEA,26.0,Home,6.0,46.0,0.0,0,outdoors,fieldturf,Lumen Field,True
2024_01_DAL_CLE,2024,REG,1,2024-09-08,Sunday,16:25,DAL,33.0,CLE,17.0,Home,-16.0,50.0,0.0,0,outdoors,grass,FirstEnergy Stadium,True
2024_01_WAS_TB,2024,REG,1,2024-09-08,Sunday,16:25,WAS,20.0,TB,37.0,Home,17.0,57.0,0.0,0,outdoors,grass,Raymond James Stadium,True
2024_01_LA_DET,2024,REG,1,2024-09-08,Sunday,20:20,LA,20.0,DET,26.0,Home,6.0,46.0,1.0,0,dome,fieldturf,Ford Field,True
2024_01_NYJ_SF,2024,REG,1,2024-09-09,Monday,20:15,NYJ,19.0,SF,32.0,Home,13.0,51.0,0.0,0,outdoors,grass,Levi's Stadium,True
2024_02_BUF_MIA,2024,REG,2,2024-09-12,Thursday,20:15,BUF,31.0,MIA,10.0,Home,-21.0,41.0,0.0,1,outdoors,grass,Hard Rock Stadium,True
2024_02_LV_BAL,2024,REG,2,2024-09-15,Sunday,13:00,LV,26.0,BAL,23.0,Home,-3.0,49.0,0.0,0,outdoors,grass,M&T Bank Stadium,True
2024_02_LAC_CAR,2024,REG,2,2024-09-15,Sunday,13:00,LAC,26.0,CAR,3.0,Home,-23.0,29.0,0.0,0,outdoors,grass,Bank of America Stadium,True
2024_02_NO_DAL,2024,REG,2,2024-09-15,Sunday,13:00,NO,44.0,DAL,19.0,Home,-25.0,63.0,0.0,0,closed,matrixturf,AT&T Stadium,True
2024_02_TB_DET,2024,REG,2,2024-09-15,Sunday,13:00,TB,20.0,DET,16.0,Home,-4.0,36.0,0.0,0,dome,fieldturf,Ford Field,True
2024_02_IND_GB,2024,REG,2,2024-09-15,Sunday,13:00,IND,10.0,GB,16.0,Home,6.0,26.0,0.0,0,outdoors,grass,Lambeau Field,True
2024_02_CLE_JAX,2024,REG,2,2024-09-15,Sunday,13:00,CLE,18.0,JAX,13.0,Home,-5.0,31.0,0.0,0,outdoors,grass,TIAA Bank Stadium,True
2024_02_SF_MIN,2024,REG,2,2024-09-15,Sunday,13:00,SF,17.0,MIN,23.0,Home,6.0,40.0,0.0,0,dome,sportturf,U.S. Bank Stadium,True
2024_02_SEA_NE,2024,REG,2,2024-09-15,Sunday,13:00,SEA,23.0,NE,20.0,Home,-3.0,43.0,1.0,0,outdoors,fieldturf,Gillette Stadium,True
2024_02_NYJ_TEN,2024,REG,2,2024-09-15,Sunday,13:00,NYJ,24.0,TEN,17.0,Home,-7.0,41.0,0.0,0,outdoors,grass,Nissan Stadium,True
2024_02_NYG_WAS,2024,REG,2,2024-09-15,Sunday,13:00,NYG,18.0,WAS,21.0,Home,3.0,39.0,0.0,1,outdoors,grass,FedExField,True
2024_02_LA_ARI,2024,REG,2,2024-09-15,Sunday,16:05,LA,10.0,ARI,41.0,Home,31.0,51.0,0.0,1,closed,grass,State Farm Stadium,True
2024_02_PIT_DEN,2024,REG,2,2024-09-15,Sunday,16:25,PIT,13.0,DEN,6.0,Home,-7.0,19.0,0.0,0,outdoors,grass,Empower Field at Mile High,True
2024_02_CIN_KC,2024,REG,2,2024-09-15,Sunday,16:25,CIN,25.0,KC,26.0,Home,1.0,51.0,0.0,0,outdoors,grass,GEHA Field at Arrowhead Stadium,True
2024_02_CHI_HOU,2024,REG,2,2024-09-15,Sunday,20:20,CHI,13.0,HOU,19.0,Home,6.0,32.0,0.0,0,closed,astroturf,NRG Stadium,True
2024_02_ATL_PHI,2024,REG,2,2024-09-16,Monday,20:15,ATL,22.0,PHI,21.0,Home,-1.0,43.0,0.0,0,outdoors,grass,Lincoln Financial Field,True
2024_03_NE_NYJ,2024,REG,3,2024-09-19,Thursday,20:15,NE,3.0,NYJ,24.0,Home,21.0,27.0,0.0,1,outdoors,fieldturf,MetLife Stadium,True
2024_03_NYG_CLE,2024,REG,3,2024-09-22,Sunday,13:00,NYG,21.0,CLE,15.0,Home,-6.0,36.0,0.0,0,outdoors,grass,FirstEnergy Stadium,True
2024_03_CHI_IND,2024,REG,3,2024-09-22,Sunday,13:00,CHI,16.0,IND,21.0,Home,5.0,37.0,0.0,0,closed,fieldturf,Lucas Oil Stadium,True
2024_03_HOU_MIN,2024,REG,3,2024-09-22,Sunday,13:00,HOU,7.0,MIN,34.0,Home,27.0,41.0,0.0,0,dome,sportturf,U.S. Bank Stadium,True
2024_03_PHI_NO,2024,REG,3,2024-09-22,Sunday,13:00,PHI,15.0,NO,12.0,Home,-3.0,27.0,0.0,0,dome,sportturf,Mercedes-Benz Superdome,True
2024_03_LAC_PIT,2024,REG,3,2024-09-22,Sunday,13:00,LAC,10.0,PIT,20.0,Home,10.0,30.0,0.0,0,outdoors,grass,Acrisure Stadium,True
2024_03_DEN_TB,2024,REG,3,2024-09-22,Sunday,13:00,DEN,26.0,TB,7.0,Home,-19.0,33.0,0.0,0,outdoors,grass,Raymond James Stadium,True
2024_03_GB_TEN,2024,REG,3,2024-09-22,Sunday,13:00,GB,30.0,TEN,14.0,Home,-16.0,44.0,0.0,0,outdoors,grass,Nissan Stadium,True
2024_03_CAR_LV,2024,REG,3,2024-09-22,Sunday,16:05,CAR,36.0,LV,22.0,Home,-14.0,58.0,0.0,0,dome,grass,Allegiant Stadium,True
2024_03_MIA_SEA,2024,REG,3,2024-09-22,Sunday,16:05,MIA,3.0,SEA,24.0,Home,21.0,27.0,0.0,0,outdoors,fieldturf,Lumen Field,True
2024_03_DET_ARI,2024,REG,3,2024-09-22,Sunday,16:25,DET,20.0,ARI,13.0,Home,-7.0,33.0,0.0,0,closed,grass,State Farm Stadium,True
2024_03_BAL_DAL,2024,REG,3,2024-09-22,Sunday,16:25,BAL,28.0,DAL,25.0,Home,-3.0,53.0,0.0,0,closed,matrixturf,AT&T Stadium,True
2024_03_SF_LA,2024,REG,3,2024-09-22,Sunday,16:25,SF,24.0,LA,27.0,Home,3.0,51.0,0.0,1,dome,matrixturf,SoFi Stadium,True
2024_03_KC_ATL,2024,REG,3,2024-09-22,Sunday,20:20,KC,22.0,ATL,17.0,Home,-5.0,39.0,0.0,0,closed,fieldturf,Mercedes-Benz Stadium,True
2024_03_JAX_BUF,2024,REG,3,2024-09-23,Monday,19:30,JAX,10.0,BUF,47.0,Home,37.0,57.0,0.0,0,outdoors,a_turf,New Era Field,True
2024_03_WAS_CIN,2024,REG,3,2024-09-23,Monday,20:15,WAS,38.0,CIN,33.0,Home,-5.0,71.0,0.0,0,outdoors,fieldturf,Paycor Stadium,True
2024_04_DAL_NYG,2024,REG,4,2024-09-26,Thursday,20:15,DAL,20.0,NYG,15.0,Home,-5.0,35.0,0.0,1,outdoors,fieldturf,MetLife Stadium,True
2024_04_NO_ATL,2024,REG,4,2024-09-29,Sunday,13:00,NO,24.0,ATL,26.0,Home,2.0,50.0,0.0,1,closed,fieldturf,Mercedes-Benz Stadium,True
2024_04_CIN_CAR,2024,REG,4,2024-09-29,Sunday,13:00,CIN,34.0,CAR,24.0,Home,-10.0,58.0,0.0,0,outdoors,grass,Bank of America Stadium,True
2024_04_LA_CHI,2024,REG,4,2024-09-29,Sunday,13:00,LA,18.0,CHI,24.0,Home,6.0,42.0,0.0,0,outdoors,grass,Soldier Field,True
2024_04_MIN_GB,2024,REG,4,2024-09-29,Sunday,13:00,MIN,31.0,GB,29.0,Home,-2.0,60.0,0.0,1,outdoors,grass,Lambeau Field,True
2024_04_JAX_HOU,2024,REG,4,2024-09-29,Sunday,13:00,JAX,20.0,HOU,24.0,Home,4.0,44.0,0.0,1,closed,astroturf,NRG Stadium,True
2024_04_PIT_IND,2024,REG,4,2024-09-29,Sunday,13:00,PIT,24.0,IND,27.0,Home,3.0,51.0,0.0,0,closed,fieldturf,Lucas Oil Stadium,True
2024_04_DEN_NYJ,2024,REG,4,2024-09-29,Sunday,13:00,DEN,10.0,NYJ,9.0,Home,-1.0,19.0,0.0,0,outdoors,fieldturf,MetLife Stadium,True
2024_04_PHI_TB,2024,REG,4,2024-09-29,Sunday,13:00,PHI,16.0,TB,33.0,Home,17.0,49.0,0.0,0,outdoors,grass,Raymond James Stadium,True
2024_04_WAS_ARI,2024,REG,4,2024-09-29,Sunday,16:05,WAS,42.0,ARI,14.0,Home,-28.0,56.0,0.0,0,closed,grass,State Farm Stadium,True
2024_04_NE_SF,2024,REG,4,2024-09-29,Sunday,16:05,NE,13.0,SF,30.0,Home,17.0,43.0,0.0,0,outdoors,grass,Levi's Stadium,True
2024_04_KC_LAC,2024,REG,4,2024-09-29,Sunday,16:25,KC,17.0,LAC,10.0,Home,-7.0,27.0,0.0,1,dome,matrixturf,SoFi Stadium,True
2024_04_CLE_LV,2024,REG,4,2024-09-29,Sunday,16:25,CLE,16.0,LV,20.0,Home,4.0,36.0,0.0,0,dome,grass,Allegiant Stadium,True
2024_04_BUF_BAL,2024,REG,4,2024-09-29,Sunday,20:20,BUF,10.0,BAL,35.0,Home,25.0,45.0,0.0,0,outdoors,grass,M&T Bank Stadium,True
2024_04_TEN_MIA,2024,REG,4,2024-09-30,Monday,19:30,TEN,31.0,MIA,12.0,Home,-19.0,43.0,0.0,0,outdoors,grass,Hard Rock Stadium,True
2024_04_SEA_DET,2024,REG,4,2024-09-30,Monday,20:15,SEA,29.0,DET,42.0,Home,13.0,71.0,0.0,0,dome,fieldturf,Ford Field,True
2024_05_TB_ATL,2024,REG,5,2024-10-03,Thursday,20:15,TB,30.0,ATL,36.0,Home,6.0,66.0,1.0,1,closed,fieldturf,Mercedes-Benz Stadium,True
2024_05_NYJ_MIN,2024,REG,5,2024-10-06,Sunday,09:30,NYJ,17.0,MIN,23.0,Neutral,6.0,40.0,0.0,0,outdoors,grass,Tottenham Stadium,True
2024_05_CAR_CHI,2024,REG,5,2024-10-06,Sunday,13:00,CAR,10.0,CHI,36.0,Home,26.0,46.0,0.0,0,outdoors,grass,Soldier Field,True
2024_05_BAL_CIN,2024,REG,5,2024-10-06,Sunday,13:00,BAL,41.0,CIN,38.0,Home,-3.0,79.0,1.0,1,outdoors,fieldturf,Paycor Stadium,True
2024_05_BUF_HOU,2024,REG,5,2024-10-06,Sunday,13:00,BUF,20.0,HOU,23.0,Home,3.0,43.0,0.0,0,closed,astroturf,NRG Stadium,True
2024_05_IND_JAX,2024,REG,5,2024-10-06,Sunday,13:00,IND,34.0,JAX,37.0,Home,3.0,71.0,0.0,1,outdoors,grass,TIAA Bank Stadium,True
2024_05_MIA_NE,2024,REG,5,2024-10-06,Sunday,13:00,MIA,15.0,NE,10.0,Home,-5.0,25.0,0.0,1,outdoors,fieldturf,Gillette Stadium,True
2024_05_CLE_WAS,2024,REG,5,2024-10-06,Sunday,13:00,CLE,13.0,WAS,34.0,Home,21.0,47.0,0.0,0,outdoors,grass,FedExField,True
2024_05_LV_DEN,2024,REG,5,2024-10-06,Sunday,16:05,LV,18.0,DEN,34.0,Home,16.0,52.0,0.0,1,outdoors,grass,Empower Field at Mile High,True
2024_05_ARI_SF,2024,REG,5,2024-10-06,Sunday,16:05,ARI,24.0,SF,23.0,Home,-1.0,47.0,0.0,1,outdoors,grass,Levi's Stadium,True
2024_05_GB_LA,2024,REG,5,2024-10-06,Sunday,16:25,GB,24.0,LA,19.0,Home,-5.0,43.0,0.0,0,dome,matrixturf,SoFi Stadium,True
2024_05_NYG_SEA,2024,REG,5,2024-10-06,Sunday,16:25,NYG,29.0,SEA,20.0,Home,-9.0,49.0,0.0,0,outdoors,fieldturf,Lumen Field,True
2024_05_DAL_PIT,2024,REG,5,2024-10-06,Sunday,20:20,DAL,20.0,PIT,17.0,Home,-3.0,37.0,0.0,0,outdoors,grass,Acrisure Stadium,True
2024_05_NO_KC,2024,REG,5,2024-10-07,Monday,20:15,NO,13.0,KC,26.0,Home,13.0,39.0,0.0,0,outdoors,grass,GEHA Field at Arrowhead Stadium,True
2024_06_SF_SEA,2024,REG,6,2024-10-10,Thursday,20:15,SF,36.0,SEA,24.0,Home,-12.0,60.0,0.0,1,outdoors,fieldturf,Lumen Field,True
2024_06_JAX_CHI,2024,REG,6,2024-10-13,Sunday,09:30,JAX,16.0,CHI,35.0,Neutral,19.0,51.0,0.0,0,outdoors,grass,Tottenham Stadium,True
2024_06_WAS_BAL,2024,REG,6,2024-10-13,Sunday,13:00,WAS,23.0,BAL,30.0,Home,7.0,53.0,0.0,0,outdoors,grass,M&T Bank Stadium,True
2024_06_ARI_GB,2024,REG,6,2024-10-13,Sunday,13:00,ARI,13.0,GB,34.0,Home,21.0,47.0,0.0,0,outdoors,grass,Lambeau Field,True
2024_06_HOU_NE,2024,REG,6,2024-10-13,Sunday,13:00,HOU,41.0,NE,21.0,Home,-20.0,62.0,0.0,0,outdoors,fieldturf,Gillette Stadium,True
2024_06_TB_NO,2024,REG,6,2024-10-13,Sunday,13:00,TB,51.0,NO,27.0,Home,-24.0,78.0,0.0,1,dome,sportturf,Mercedes-Benz Superdome,True
2024_06_CLE_PHI,2024,REG,6,2024-10-13,Sunday,13:00,CLE,16.0,PHI,20.0,Home,4.0,36.0,0.0,0,outdoors,grass,Lincoln Financial Field,True
2024_06_IND_TEN,2024,REG,6,2024-10-13,Sunday,13:00,IND,20.0,TEN,17.0,Home,-3.0,37.0,0.0,1,outdoors,grass,Nissan Stadium,True
2024_06_LAC_DEN,2024,REG,6,2024-10-13,Sunday,16:05,LAC,23.0,DEN,16.0,Home,-7.0,39.0,0.0,1,outdoors,grass,Empower Field at Mile High,True
2024_06_PIT_LV,2024,REG,6,2024-10-13,Sunday,16:05,PIT,32.0,LV,13.0,Home,-19.0,45.0,0.0,0,dome,grass,Allegiant Stadium,True
2024_06_ATL_CAR,2024,REG,6,2024-10-13,Sunday,16:25,ATL,38.0,CAR,20.0,Home,-18.0,58.0,0.0,1,outdoors,grass,Bank of America Stadium,True
2024_06_DET_DAL,2024,REG,6,2024-10-13,Sunday,16:25,DET,47.0,DAL,9.0,Home,-38.0,56.0,0.0,0,closed,matrixturf,AT&T Stadium,True
2024_06_CIN_NYG,2024,REG,6,2024-10-13,Sunday,20:20,CIN,17.0,NYG,7.0,Home,-10.0,24.0,0.0,0,outdoors,fieldturf,MetLife Stadium,True
2024_06_BUF_NYJ,2024,REG,6,2024-10-14,Monday,20:15,BUF,23.0,NYJ,20.0,Home,-3.0,43.0,0.0,1,outdoors,fieldturf,MetLife Stadium,True
2024_07_DEN_NO,2024,REG,7,2024-10-17,Thursday,20:15,DEN,33.0,NO,10.0,Home,-23.0,43.0,0.0,0,dome,sportturf,Mercedes-Benz Superdome,True
2024_07_NE_JAX,2024,REG,7,2024-10-20,Sunday,09:30,NE,16.0,JAX,32.0,Neutral,16.0,48.0,0.0,0,outdoors,grass,Wembley Stadium,True
2024_07_SEA_ATL,2024,REG,7,2024-10-20,Sunday,13:00,SEA,34.0,ATL,14.0,Home,-20.0,48.0,0.0,0,closed,fieldturf,Mercedes-Benz Stadium,True
2024_07_TEN_BUF,2024,REG,7,2024-10-20,Sunday,13:00,TEN,10.0,BUF,34.0,Home,24.0,44.0,0.0,0,outdoors,a_turf,New Era Field,True
2024_07_CIN_CLE,2024,REG,7,2024-10-20,Sunday,13:00,CIN,21.0,CLE,14.0,Home,-7.0,35.0,0.0,1,outdoors,grass,FirstEnergy Stadium,True
2024_07_HOU_GB,2024,REG,7,2024-10-20,Sunday,13:00,HOU,22.0,GB,24.0,Home,2.0,46.0,0.0,0,outdoors,grass,Lambeau Field,True
2024_07_MIA_IND,2024,REG,7,2024-10-20,Sunday,13:00,MIA,10.0,IND,16.0,Home,6.0,26.0,0.0,0,closed,fieldturf,Lucas Oil Stadium,True
2024_07_DET_MIN,2024,REG,7,2024-10-20,Sunday,13:00,DET,31.0,MIN,29.0,Home,-2.0,60.0,0.0,1,dome,sportturf,U.S. Bank Stadium,True
2024_07_PHI_NYG,2024,REG,7,2024-10-20,Sunday,13:00,PHI,28.0,NYG,3.0,Home,-25.0,31.0,0.0,1,outdoors,fieldturf,MetLife Stadium,True
2024_07_LV_LA,2024,REG,7,2024-10-20,Sunday,16:05,LV,15.0,LA,20.0,Home,5.0,35.0,0.0,0,dome,matrixturf,SoFi Stadium,True
2024_07_CAR_WAS,2024,REG,7,2024-10-20,Sunday,16:05,CAR,7.0,WAS,40.0,Home,33.0,47.0,0.0,0,outdoors,grass,FedExField,True
2024_07_KC_SF,2024,REG,7,2024-10-20,Sunday,16:25,KC,28.0,SF,18.0,Home,-10.0,46.0,0.0,0,outdoors,grass,Levi's Stadium,True
2024_07_NYJ_PIT,2024,REG,7,2024-10-20,Sunday,20:20,NYJ,15.0,PIT,37.0,Home,22.0,52.0,0.0,0,outdoors,grass,Acrisure Stadium,True
2024_07_BAL_TB,2024,REG,7,2024-10-21,Monday,20:15,BAL,41.0,TB,31.0,Home,-10.0,72.0,0.0,0,outdoors,grass,Raymond James Stadium,True
2024_07_LAC_ARI,2024,REG,7,2024-10-21,Monday,21:00,LAC,15.0,ARI,17.0,Home,2.0,32.0,0.0,0,closed,grass,State Farm Stadium,True
2024_08_MIN_LA,2024,REG,8,2024-10-24,Thursday,20:15,MIN,20.0,LA,30.0,Home,10.0,50.0,0.0,0,dome,matrixturf,SoFi Stadium,True
2024_08_PHI_CIN,2024,REG,8,2024-10-27,Sunday,13:00,PHI,37.0,CIN,17.0,Home,-20.0,54.0,0.0,0,outdoors,fieldturf,Paycor Stadium,True
2024_08_BAL_CLE,2024,REG,8,2024-10-27,Sunday,13:00,BAL,24.0,CLE,29.0,Home,5.0,53.0,0.0,1,outdoors,grass,FirstEnergy Stadium,True
2024_08_TEN_DET,2024,REG,8,2024-10-27,Sunday,13:00,TEN,14.0,DET,52.0,Home,38.0,66.0,0.0,0,dome,fieldturf,Ford Field,True
2024_08_IND_HOU,2024,REG,8,2024-10-27,Sunday,13:00,IND,20.0,HOU,23.0,Home,3.0,43.0,0.0,1,closed,astroturf,NRG Stadium,True
2024_08_GB_JAX,2024,REG,8,2024-10-27,Sunday,13:00,GB,30.0,JAX,27.0,Home,-3.0,57.0,0.0,0,outdoors,grass,TIAA Bank Stadium,True
2024_08_ARI_MIA,2024,REG,8,2024-10-27,Sunday,13:00,ARI,28.0,MIA,27.0,Home,-1.0,55.0,0.0,0,outdoors,grass,Hard Rock Stadium,True
2024_08_NYJ_NE,2024,REG,8,2024-10-27,Sunday,13:00,NYJ,22.0,NE,25.0,Home,3.0,47.0,0.0,1,outdoors,fieldturf,Gillette Stadium,True
2024_08_ATL_TB,2024,REG,8,2024-10-27,Sunday,13:00,ATL,31.0,TB,26.0,Home,-5.0,57.0,0.0,1,outdoors,grass,Raymond James Stadium,True
2024_08_NO_LAC,2024,REG,8,2024-10-27,Sunday,16:05,NO,8.0,LAC,26.0,Home,18.0,34.0,0.0,0,dome,matrixturf,SoFi Stadium,True
2024_08_BUF_SEA,2024,REG,8,2024-10-27,Sunday,16:05,BUF,31.0,SEA,10.0,Home,-21.0,41.0,0.0,0,outdoors,fieldturf,Lumen Field,True
2024_08_CAR_DEN,2024,REG,8,2024-10-27,Sunday,16:25,CAR,14.0,DEN,28.0,Home,14.0,42.0,0.0,0,outdoors,grass,Empower Field at Mile High,True
2024_08_KC_LV,2024,REG,8,2024-10-27,Sunday,16:25,KC,27.0,LV,20.0,Home,-7.0,47.0,0.0,1,dome,grass,Allegiant Stadium,True
2024_08_CHI_WAS,2024,REG,8,2024-10-27,Sunday,16:25,CHI,15.0,WAS,18.0,Home,3.0,33.0,0.0,0,outdoors,grass,FedExField,True
2024_08_DAL_SF,2024,REG,8,2024-10-27,Sunday,20:20,DAL,24.0,SF,30.0,Home,6.0,54.0,0.0,0,outdoors,grass,Levi's Stadium,True
2024_08_NYG_PIT,2024,REG,8,2024-10-28,Monday,20:15,NYG,18.0,PIT,26.0,Home,8.0,44.0,0.0,0,outdoors,grass,Acrisure Stadium,True
2024_09_HOU_NYJ,2024,REG,9,2024-10-31,Thursday,20:15,HOU,13.0,NYJ,21.0,Home,8.0,34.0,0.0,0,outdoors,fieldturf,MetLife Stadium,True
2024_09_DAL_ATL,2024,REG,9,2024-11-03,Sunday,13:00,DAL,21.0,ATL,27.0,Home,6.0,48.0,0.0,0,closed,fieldturf,Mercedes-Benz Stadium,True
2024_09_DEN_BAL,2024,REG,9,2024-11-03,Sunday,13:00,DEN,10.0,BAL,41.0,Home,31.0,51.0,0.0,0,outdoors,grass,M&T Bank Stadium,True
2024_09_MIA_BUF,2024,REG,9,2024-11-03,Sunday,13:00,MIA,27.0,BUF,30.0,Home,3.0,57.0,0.0,1,outdoors,a_turf,New Era Field,True
2024_09_NO_CAR,2024,REG,9,2024-11-03,Sunday,13:00,NO,22.0,CAR,23.0,Home,1.0,45.0,0.0,1,outdoors,grass,Bank of America Stadium,True
2024_09_LV_CIN,2024,REG,9,2024-11-03,Sunday,13:00,LV,24.0,CIN,41.0,Home,17.0,65.0,0.0,0,outdoors,fieldturf,Paycor Stadium,True
2024_09_LAC_CLE,2024,REG,9,2024-11-03,Sunday,13:00,LAC,27.0,CLE,10.0,Home,-17.0,37.0,0.0,0,outdoors,grass,FirstEnergy Stadium,True
2024_09_WAS_NYG,2024,REG,9,2024-11-03,Sunday,13:00,WAS,27.0,NYG,22.0,Home,-5.0,49.0,0.0,1,outdoors,fieldturf,MetLife Stadium,True
2024_09_NE_TEN,2024,REG,9,2024-11-03,Sunday,13:00,NE,17.0,TEN,20.0,Home,3.0,37.0,1.0,0,outdoors,grass,Nissan Stadium,True
2024_09_CHI_ARI,2024,REG,9,2024-11-03,Sunday,16:05,CHI,9.0,ARI,29.0,Home,20.0,38.0,0.0,0,closed,grass,State Farm Stadium,True
2024_09_JAX_PHI,2024,REG,9,2024-11-03,Sunday,16:05,JAX,23.0,PHI,28.0,Home,5.0,51.0,0.0,0,outdoors,grass,Lincoln Financial Field,True
2024_09_DET_GB,2024,REG,9,2024-11-03,Sunday,16:25,DET,24.0,GB,14.0,Home,-10.0,38.0,0.0,1,outdoors,grass,Lambeau Field,True
2024_09_LA_SEA,2024,REG,9,2024-11-03,Sunday,16:25,LA,26.0,SEA,20.0,Home,-6.0,46.0,1.0,1,outdoors,fieldturf,Lumen Field,True
2024_09_IND_MIN,2024,REG,9,2024-11-03,Sunday,20:20,IND,13.0,MIN,21.0,Home,8.0,34.0,0.0,0,dome,sportturf,U.S. Bank Stadium,True
2024_09_TB_KC,2024,REG,9,2024-11-04,Monday,20:15,TB,24.0,KC,30.0,Home,6.0,54.0,1.0,0,outdoors,grass,GEHA Field at Arrowhead Stadium,True
2024_10_CIN_BAL,2024,REG,10,2024-11-07,Thursday,20:15,CIN,34.0,BAL,35.0,Home,1.0,69.0,0.0,1,outdoors,grass,M&T Bank Stadium,True
2024_10_NYG_CAR,2024,REG,10,2024-11-10,Sunday,09:30,NYG,17.0,CAR,20.0,Neutral,3.0,37.0,1.0,0,outdoors,,Allianz Arena,True
2024_10_NE_CHI,2024,REG,10,2024-11-10,Sunday,13:00,NE,19.0,CHI,3.0,Home,-16.0,22.0,0.0,0,outdoors,grass,Soldier Field,True
2024_10_BUF_IND,2024,REG,10,2024-11-10,Sunday,13:00,BUF,30.0,IND,20.0,Home,-10.0,50.0,0.0,0,closed,fieldturf,Lucas Oil Stadium,True
2024_10_MIN_JAX,2024,REG,10,2024-11-10,Sunday,13:00,MIN,12.0,JAX,7.0,Home,-5.0,19.0,0.0,0,outdoors,grass,TIAA Bank Stadium,True
2024_10_DEN_KC,2024,REG,10,2024-11-10,Sunday,13:00,DEN,14.0,KC,16.0,Home,2.0,30.0,0.0,1,outdoors,grass,GEHA Field at Arrowhead Stadium,True
2024_10_ATL_NO,2024,REG,10,2024-11-10,Sunday,13:00,ATL,17.0,NO,20.0,Home,3.0,37.0,0.0,1,dome,sportturf,Mercedes-Benz Superdome,True
2024_10_SF_TB,2024,REG,10,2024-11-10,Sunday,13:00,SF,23.0,TB,20.0,Home,-3.0,43.0,0.0,0,outdoors,grass,Raymond James Stadium,True
2024_10_PIT_WAS,2024,REG,10,2024-11-10,Sunday,13:00,PIT,28.0,WAS,27.0,Home,-1.0,55.0,0.0,0,outdoors,grass,FedExField,True
2024_10_TEN_LAC,2024,REG,10,2024-11-10,Sunday,16:05,TEN,17.0,LAC,27.0,Home,10.0,44.0,0.0,0,dome,matrixturf,SoFi Stadium,True
2024_10_NYJ_ARI,2024,REG,10,2024-11-10,Sunday,16:25,NYJ,6.0,ARI,31.0,Home,25.0,37.0,0.0,0,closed,grass,State Farm Stadium,True
2024_10_PHI_DAL,2024,REG,10,2024-11-10,Sunday,16:25,PHI,34.0,DAL,6.0,Home,-28.0,40.0,0.0,1,closed,matrixturf,AT&T Stadium,True
2024_10_DET_HOU,2024,REG,10,2024-11-10,Sunday,20:20,DET,26.0,HOU,23.0,Home,-3.0,49.0,0.0,0,closed,astroturf,NRG Stadium,True
2024_10_MIA_LA,2024,REG,10,2024-11-11,Monday,20:15,MIA,23.0,LA,15.0,Home,-8.0,38.0,0.0,0,dome,matrixturf,SoFi Stadium,True
2024_11_WAS_PHI,2024,REG,11,2024-11-14,Thursday,20:15,WAS,18.0,PHI,26.0,Home,8.0,44.0,0.0,1,outdoors,grass,Lincoln Financial Field,True
2024_11_GB_CHI,2024,REG,11,2024-11-17,Sunday,13:00,GB,20.0,CHI,19.0,Home,-1.0,39.0,0.0,1,outdoors,grass,Soldier Field,True
2024_11_JAX_DET,2024,REG,11,2024-11-17,Sunday,13:00,JAX,6.0,DET,52.0,Home,46.0,58.0,0.0,0,dome,fieldturf,Ford Field,True
2024_11_LV_MIA,2024,REG,11,2024-11-17,Sunday,13:00,LV,19.0,MIA,34.0,Home,15.0,53.0,0.0,0,outdoors,grass,Hard Rock Stadium,True
2024_11_LA_NE,2024,REG,11,2024-11-17,Sunday,13:00,LA,28.0,NE,22.0,Home,-6.0,50.0,0.0,0,outdoors,fieldturf,Gillette Stadium,True
2024_11_CLE_NO,2024,REG,11,2024-11-17,Sunday,13:00,CLE,14.0,NO,35.0,Home,21.0,49.0,0.0,0,dome,sportturf,Mercedes-Benz Superdome,True
2024_11_IND_NYJ,2024,REG,11,2024-11-17,Sunday,13:00,IND,28.0,NYJ,27.0,Home,-1.0,55.0,0.0,0,outdoors,fieldturf,MetLife Stadium,True
2024_11_BAL_PIT,2024,REG,11,2024-11-17,Sunday,13:00,BAL,16.0,PIT,18.0,Home,2.0,34.0,0.0,1,outdoors,grass,Acrisure Stadium,True
2024_11_MIN_TEN,2024,REG,11,2024-11-17,Sunday,13:00,MIN,23.0,TEN,13.0,Home,-10.0,36.0,0.0,0,outdoors,grass,Nissan Stadium,True
2024_11_ATL_DEN,2024,REG,11,2024-11-17,Sunday,16:05,ATL,6.0,DEN,38.0,Home,32.0,44.0,0.0,0,outdoors,grass,Empower Field at Mile High,True
2024_11_SEA_SF,2024,REG,11,2024-11-17,Sunday,16:05,SEA,20.0,SF,17.0,Home,-3.0,37.0,0.0,1,outdoors,grass,Levi's Stadium,True
2024_11_KC_BUF,2024,REG,11,2024-11-17,Sunday,16:25,KC,21.0,BUF,30.0,Home,9.0,51.0,0.0,0,outdoors,a_turf,New Era Field,True
2024_11_CIN_LAC,2024,REG,11,2024-11-17,Sunday,20:20,CIN,27.0,LAC,34.0,Home,7.0,61.0,0.0,0,dome,matrixturf,SoFi Stadium,True
2024_11_HOU_DAL,2024,REG,11,2024-11-18,Monday,20:15,HOU,34.0,DAL,10.0,Home,-24.0,44.0,0.0,0,closed,matrixturf,AT&T Stadium,True
2024_12_PIT_CLE,2024,REG,12,2024-11-21,Thursday,20:15,PIT,19.0,CLE,24.0,Home,5.0,43.0,0.0,1,outdoors,grass,FirstEnergy Stadium,True
2024_12_KC_CAR,2024,REG,12,2024-11-24,Sunday,13:00,KC,30.0,CAR,27.0,Home,-3.0,57.0,0.0,0,outdoors,grass,Bank of America Stadium,True
2024_12_MIN_CHI,2024,REG,12,2024-11-24,Sunday,13:00,MIN,30.0,CHI,27.0,Home,-3.0,57.0,1.0,1,outdoors,grass,Soldier Field,True
2024_12_TEN_HOU,2024,REG,12,2024-11-24,Sunday,13:00,TEN,32.0,HOU,27.0,Home,-5.0,59.0,0.0,1,closed,astroturf,NRG Stadium,True
2024_12_DET_IND,2024,REG,12,2024-11-24,Sunday,13:00,DET,24.0,IND,6.0,Home,-18.0,30.0,0.0,0,closed,fieldturf,Lucas Oil Stadium,True
2024_12_NE_MIA,2024,REG,12,2024-11-24,Sunday,13:00,NE,15.0,MIA,34.0,Home,19.0,49.0,0.0,1,outdoors,grass,Hard Rock Stadium,True
2024_12_TB_NYG,2024,REG,12,2024-11-24,Sunday,13:00,TB,30.0,NYG,7.0,Home,-23.0,37.0,0.0,0,outdoors,fieldturf,MetLife Stadium,True
2024_12_DAL_WAS,2024,REG,12,2024-11-24,Sunday,13:00,DAL,34.0,WAS,26.0,Home,-8.0,60.0,0.0,1,outdoors,grass,FedExField,True
2024_12_DEN_LV,2024,REG,12,2024-11-24,Sunday,16:05,DEN,29.0,LV,19.0,Home,-10.0,48.0,0.0,1,dome,grass,Allegiant Stadium,True
2024_12_SF_GB,2024,REG,12,2024-11-24,Sunday,16:25,SF,10.0,GB,38.0,Home,28.0,48.0,0.0,0,outdoors,grass,Lambeau Field,True
2024_12_ARI_SEA,2024,REG,12,2024-11-24,Sunday,16:25,ARI,6.0,SEA,16.0,Home,10.0,22.0,0.0,1,outdoors,fieldturf,Lumen Field,True
2024_12_PHI_LA,2024,REG,12,2024-11-24,Sunday,20:20,PHI,37.0,LA,20.0,Home,-17.0,57.0,0.0,0,dome,matrixturf,SoFi Stadium,True
2024_12_BAL_LAC,2024,REG,12,2024-11-25,Monday,20:15,BAL,30.0,LAC,23.0,Home,-7.0,53.0,0.0,0,dome,matrixturf,SoFi Stadium,True
2024_13_CHI_DET,2024,REG,13,2024-11-28,Thursday,12:30,CHI,20.0,DET,23.0,Home,3.0,43.0,0.0,1,dome,fieldturf,Ford Field,True
2024_13_NYG_DAL,2024,REG,13,2024-11-28,Thursday,16:30,NYG,20.0,DAL,27.0,Home,7.0,47.0,0.0,1,closed,matrixturf,AT&T Stadium,True
2024_13_MIA_GB,2024,REG,13,2024-11-28,Thursday,20:20,MIA,17.0,GB,30.0,Home,13.0,47.0,0.0,0,outdoors,grass,Lambeau Field,True
2024_13_LV_KC,2024,REG,13,2024-11-29,Friday,15:00,LV,17.0,KC,19.0,Home,2.0,36.0,0.0,1,outdoors,grass,GEHA Field at Arrowhead Stadium,True
2024_13_LAC_ATL,2024,REG,13,2024-12-01,Sunday,13:00,LAC,17.0,ATL,13.0,Home,-4.0,30.0,0.0,0,closed,fieldturf,Mercedes-Benz Stadium,True
2024_13_PIT_CIN,2024,REG,13,2024-12-01,Sunday,13:00,PIT,44.0,CIN,38.0,Home,-6.0,82.0,0.0,1,outdoors,fieldturf,Paycor Stadium,True
2024_13_HOU_JAX,2024,REG,13,2024-12-01,Sunday,13:00,HOU,23.0,JAX,20.0,Home,-3.0,43.0,0.0,1,outdoors,grass,TIAA Bank Stadium,True
2024_13_ARI_MIN,2024,REG,13,2024-12-01,Sunday,13:00,ARI,22.0,MIN,23.0,Home,1.0,45.0,0.0,0,dome,sportturf,U.S. Bank Stadium,True
2024_13_IND_NE,2024,REG,13,2024-12-01,Sunday,13:00,IND,25.0,NE,24.0,Home,-1.0,49.0,0.0,0,outdoors,fieldturf,Gillette Stadium,True
2024_13_SEA_NYJ,2024,REG,13,2024-12-01,Sunday,13:00,SEA,26.0,NYJ,21.0,Home,-5.0,47.0,0.0,0,outdoors,fieldturf,MetLife Stadium,True
2024_13_TEN_WAS,2024,REG,13,2024-12-01,Sunday,13:00,TEN,19.0,WAS,42.0,Home,23.0,61.0,0.0,0,outdoors,grass,FedExField,True
2024_13_TB_CAR,2024,REG,13,2024-12-01,Sunday,16:05,TB,26.0,CAR,23.0,Home,-3.0,49.0,1.0,1,outdoors,grass,Bank of America Stadium,True
2024_13_LA_NO,2024,REG,13,2024-12-01,Sunday,16:05,LA,21.0,NO,14.0,Home,-7.0,35.0,0.0,0,dome,sportturf,Mercedes-Benz Superdome,True
2024_13_PHI_BAL,2024,REG,13,2024-12-01,Sunday,16:25,PHI,24.0,BAL,19.0,Home,-5.0,43.0,0.0,0,outdoors,grass,M&T Bank Stadium,True
2024_13_SF_BUF,2024,REG,13,2024-12-01,Sunday,20:20,SF,10.0,BUF,35.0,Home,25.0,45.0,0.0,0,outdoors,a_turf,New Era Field,True
2024_13_CLE_DEN,2024,REG,13,2024-12-02,Monday,20:15,CLE,32.0,DEN,41.0,Home,9.0,73.0,0.0,0,outdoors,grass,Empower Field at Mile High,True
2024_14_GB_DET,2024,REG,14,2024-12-05,Thursday,20:15,GB,31.0,DET,34.0,Home,3.0,65.0,0.0,1,dome,fieldturf,Ford Field,True
2024_14_NYJ_MIA,2024,REG,14,2024-12-08,Sunday,13:00,NYJ,26.0,MIA,32.0,Home,6.0,58.0,1.0,1,outdoors,grass,Hard Rock Stadium,True
2024_14_ATL_MIN,2024,REG,14,2024-12-08,Sunday,13:00,ATL,21.0,MIN,42.0,Home,21.0,63.0,0.0,0,dome,sportturf,U.S. Bank Stadium,True
2024_14_NO_NYG,2024,REG,14,2024-12-08,Sunday,13:00,NO,14.0,NYG,11.0,Home,-3.0,25.0,0.0,0,outdoors,fieldturf,MetLife Stadium,True
2024_14_CAR_PHI,2024,REG,14,2024-12-08,Sunday,13:00,CAR,16.0,PHI,22.0,Home,6.0,38.0,0.0,0,outdoors,grass,Lincoln Financial Field,True
2024_14_CLE_PIT,2024,REG,14,2024-12-08,Sunday,13:00,CLE,14.0,PIT,27.0,Home,13.0,41.0,0.0,1,outdoors,grass,Acrisure Stadium,True
2024_14_LV_TB,2024,REG,14,2024-12-08,Sunday,13:00,LV,13.0,TB,28.0,Home,15.0,41.0,0.0,0,outdoors,grass,Raymond James Stadium,True
2024_14_JAX_TEN,2024,REG,14,2024-12-08,Sunday,13:00,JAX,10.0,TEN,6.0,Home,-4.0,16.0,0.0,1,outdoors,grass,Nissan Stadium,True
2024_14_SEA_ARI,2024,REG,14,2024-12-08,Sunday,16:05,SEA,30.0,ARI,18.0,Home,-12.0,48.0,0.0,1,closed,grass,State Farm Stadium,True
2024_14_BUF_LA,2024,REG,14,2024-12-08,Sunday,16:25,BUF,42.0,LA,44.0,Home,2.0,86.0,0.0,0,dome,matrixturf,SoFi Stadium,True
2024_14_CHI_SF,2024,REG,14,2024-12-08,Sunday,16:25,CHI,13.0,SF,38.0,Home,25.0,51.0,0.0,0,outdoors,grass,Levi's Stadium,True
2024_14_LAC_KC,2024,REG,14,2024-12-08,Sunday,20:20,LAC,17.0,KC,19.0,Home,2.0,36.0,0.0,1,outdoors,grass,GEHA Field at Arrowhead Stadium,True
2024_14_CIN_DAL,2024,REG,14,2024-12-09,Monday,20:15,CIN,27.0,DAL,20.0,Home,-7.0,47.0,0.0,0,closed,matrixturf,AT&T Stadium,True
2024_15_LA_SF,2024,REG,15,2024-12-12,Thursday,20:15,LA,12.0,SF,6.0,Home,-6.0,18.0,0.0,1,outdoors,grass,Levi's Stadium,True
2024_15_DAL_CAR,2024,REG,15,2024-12-15,Sunday,13:00,DAL,30.0,CAR,14.0,Home,-16.0,44.0,0.0,0,outdoors,grass,Bank of America Stadium,True
2024_15_KC_CLE,2024,REG,15,2024-12-15,Sunday,13:00,KC,21.0,CLE,7.0,Home,-14.0,28.0,0.0,0,outdoors,grass,FirstEnergy Stadium,True
2024_15_MIA_HOU,2024,REG,15,2024-12-15,Sunday,13:00,MIA,12.0,HOU,20.0,Home,8.0,32.0,0.0,0,closed,astroturf,NRG Stadium,True
2024_15_NYJ_JAX,2024,REG,15,2024-12-15,Sunday,13:00,NYJ,32.0,JAX,25.0,Home,-7.0,57.0,0.0,0,outdoors,grass,TIAA Bank Stadium,True
2024_15_WAS_NO,2024,REG,15,2024-12-15,Sunday,13:00,WAS,20.0,NO,19.0,Home,-1.0,39.0,0.0,0,dome,sportturf,Mercedes-Benz Superdome,True
2024_15_BAL_NYG,2024,REG,15,2024-12-15,Sunday,13:00,BAL,35.0,NYG,14.0,Home,-21.0,49.0,0.0,0,outdoors,fieldturf,MetLife Stadium,True
2024_15_CIN_TEN,2024,REG,15,2024-12-15,Sunday,13:00,CIN,37.0,TEN,27.0,Home,-10.0,64.0,0.0,0,outdoors,grass,Nissan Stadium,True
2024_15_NE_ARI,2024,REG,15,2024-12-15,Sunday,16:25,NE,17.0,ARI,30.0,Home,13.0,47.0,0.0,0,closed,grass,State Farm Stadium,True
2024_15_IND_DEN,2024,REG,15,2024-12-15,Sunday,16:25,IND,13.0,DEN,31.0,Home,18.0,44.0,0.0,0,outdoors,grass,Empower Field at Mile High,True
2024_15_BUF_DET,2024,REG,15,2024-12-15,Sunday,16:25,BUF,48.0,DET,42.0,Home,-6.0,90.0,0.0,0,dome,fieldturf,Ford Field,True
2024_15_TB_LAC,2024,REG,15,2024-12-15,Sunday,16:25,TB,40.0,LAC,17.0,Home,-23.0,57.0,0.0,0,dome,matrixturf,SoFi Stadium,True
2024_15_PIT_PHI,2024,REG,15,2024-12-15,Sunday,16:25,PIT,13.0,PHI,27.0,Home,14.0,40.0,0.0,0,outdoors,grass,Lincoln Financial Field,True
2024_15_GB_SEA,2024,REG,15,2024-12-15,Sunday,20:20,GB,30.0,SEA,13.0,Home,-17.0,43.0,0.0,0,outdoors,fieldturf,Lumen Field,True
2024_15_CHI_MIN,2024,REG,15,2024-12-16,Monday,20:00,CHI,12.0,MIN,30.0,Home,18.0,42.0,0.0,1,dome,sportturf,U.S. Bank Stadium,True
2024_15_ATL_LV,2024,REG,15,2024-12-16,Monday,20:30,ATL,15.0,LV,9.0,Home,-6.0,24.0,0.0,0,dome,grass,Allegiant Stadium,True
2024_16_DEN_LAC,2024,REG,16,2024-12-19,Thursday,20:15,DEN,27.0,LAC,34.0,Home,7.0,61.0,0.0,1,dome,matrixturf,SoFi Stadium,True
2024_16_HOU_KC,2024,REG,16,2024-12-21,Saturday,13:00,HOU,19.0,KC,27.0,Home,8.0,46.0,0.0,0,outdoors,grass,GEHA Field at Arrowhead Stadium,True
2024_16_PIT_BAL,2024,REG,16,2024-12-21,Saturday,16:30,PIT,17.0,BAL,34.0,Home,17.0,51.0,0.0,1,outdoors,grass,M&T Bank Stadium,True
2024_16_NYG_ATL,2024,REG,16,2024-12-22,Sunday,13:00,NYG,7.0,ATL,34.0,Home,27.0,41.0,0.0,0,closed,fieldturf,Mercedes-Benz Stadium,True
2024_16_ARI_CAR,2024,REG,16,2024-12-22,Sunday,13:00,ARI,30.0,CAR,36.0,Home,6.0,66.0,1.0,0,outdoors,grass,Bank of America Stadium,True
2024_16_DET_CHI,2024,REG,16,2024-12-22,Sunday,13:00,DET,34.0,CHI,17.0,Home,-17.0,51.0,0.0,1,outdoors,grass,Soldier Field,True
2024_16_CLE_CIN,2024,REG,16,2024-12-22,Sunday,13:00,CLE,6.0,CIN,24.0,Home,18.0,30.0,0.0,1,outdoors,fieldturf,Paycor Stadium,True
2024_16_TEN_IND,2024,REG,16,2024-12-22,Sunday,13:00,TEN,30.0,IND,38.0,Home,8.0,68.0,0.0,1,closed,fieldturf,Lucas Oil Stadium,True
2024_16_LA_NYJ,2024,REG,16,2024-12-22,Sunday,13:00,LA,19.0,NYJ,9.0,Home,-10.0,28.0,0.0,0,outdoors,fieldturf,MetLife Stadium,True
2024_16_PHI_WAS,2024,REG,16,2024-12-22,Sunday,13:00,PHI,33.0,WAS,36.0,Home,3.0,69.0,0.0,1,outdoors,grass,FedExField,True
2024_16_MIN_SEA,2024,REG,16,2024-12-22,Sunday,16:05,MIN,27.0,SEA,24.0,Home,-3.0,51.0,0.0,0,outdoors,fieldturf,Lumen Field,True
2024_16_NE_BUF,2024,REG,16,2024-12-22,Sunday,16:25,NE,21.0,BUF,24.0,Home,3.0,45.0,0.0,1,outdoors,a_turf,New Era Field,True
2024_16_JAX_LV,2024,REG,16,2024-12-22,Sunday,16:25,JAX,14.0,LV,19.0,Home,5.0,33.0,0.0,0,dome,grass,Allegiant Stadium,True
2024_16_SF_MIA,2024,REG,16,2024-12-22,Sunday,16:25,SF,17.0,MIA,29.0,Home,12.0,46.0,0.0,0,outdoors,grass,Hard Rock Stadium,True
2024_16_TB_DAL,2024,REG,16,2024-12-22,Sunday,20:20,TB,24.0,DAL,26.0,Home,2.0,50.0,0.0,0,closed,matrixturf,AT&T Stadium,True
2024_16_NO_GB,2024,REG,16,2024-12-23,Monday,20:15,NO,0.0,GB,34.0,Home,34.0,34.0,0.0,0,outdoors,grass,Lambeau Field,True
2024_17_KC_PIT,2024,REG,17,2024-12-25,Wednesday,13:00,KC,29.0,PIT,10.0,Home,-19.0,39.0,0.0,0,outdoors,grass,Acrisure Stadium,True
2024_17_BAL_HOU,2024,REG,17,2024-12-25,Wednesday,16:30,BAL,31.0,HOU,2.0,Home,-29.0,33.0,0.0,0,closed,astroturf,NRG Stadium,True
2024_17_SEA_CHI,2024,REG,17,2024-12-26,Thursday,20:15,SEA,6.0,CHI,3.0,Home,-3.0,9.0,0.0,0,outdoors,grass,Soldier Field,True
2024_17_LAC_NE,2024,REG,17,2024-12-28,Saturday,13:00,LAC,40.0,NE,7.0,Home,-33.0,47.0,0.0,0,outdoors,fieldturf,Gillette Stadium,True
2024_17_DEN_CIN,2024,REG,17,2024-12-28,Saturday,16:30,DEN,24.0,CIN,30.0,Home,6.0,54.0,1.0,0,outdoors,fieldturf,Paycor Stadium,True
2024_17_ARI_LA,2024,REG,17,2024-12-28,Saturday,20:15,ARI,9.0,LA,13.0,Home,4.0,22.0,0.0,1,dome,matrixturf,SoFi Stadium,True
2024_17_NYJ_BUF,2024,REG,17,2024-12-29,Sunday,13:00,NYJ,14.0,BUF,40.0,Home,26.0,54.0,0.0,1,outdoors,a_turf,New Era Field,True
2024_17_TEN_JAX,2024,REG,17,2024-12-29,Sunday,13:00,TEN,13.0,JAX,20.0,Home,7.0,33.0,0.0,1,outdoors,grass,TIAA Bank Stadium,True
2024_17_LV_NO,2024,REG,17,2024-12-29,Sunday,13:00,LV,25.0,NO,10.0,Home,-15.0,35.0,0.0,0,dome,sportturf,Mercedes-Benz Superdome,True
2024_17_IND_NYG,2024,REG,17,2024-12-29,Sunday,13:00,IND,33.0,NYG,45.0,Home,12.0,78.0,0.0,0,outdoors,fieldturf,MetLife Stadium,True
2024_17_DAL_PHI,2024,REG,17,2024-12-29,Sunday,13:00,DAL,7.0,PHI,41.0,Home,34.0,48.0,0.0,1,outdoors,grass,Lincoln Financial Field,True
2024_17_CAR_TB,2024,REG,17,2024-12-29,Sunday,13:00,CAR,14.0,TB,48.0,Home,34.0,62.0,0.0,1,outdoors,grass,Raymond James Stadium,True
2024_17_MIA_CLE,2024,REG,17,2024-12-29,Sunday,16:05,MIA,20.0,CLE,3.0,Home,-17.0,23.0,0.0,0,outdoors,grass,FirstEnergy Stadium,True
2024_17_GB_MIN,2024,REG,17,2024-12-29,Sunday,16:25,GB,25.0,MIN,27.0,Home,2.0,52.0,0.0,1,dome,sportturf,U.S. Bank Stadium,True
2024_17_ATL_WAS,2024,REG,17,2024-12-29,Sunday,20:20,ATL,24.0,WAS,30.0,Home,6.0,54.0,1.0,0,outdoors,grass,FedExField,True
2024_17_DET_SF,2024,REG,17,2024-12-30,Monday,20:15,DET,40.0,SF,34.0,Home,-6.0,74.0,0.0,0,outdoors,grass,Levi's Stadium,True
2024_18_CLE_BAL,2024,REG,18,2025-01-04,Saturday,16:30,CLE,10.0,BAL,35.0,Home,25.0,45.0,0.0,1,outdoors,grass,M&T Bank Stadium,True
2024_18_CIN_PIT,2024,REG,18,2025-01-04,Saturday,20:00,CIN,19.0,PIT,17.0,Home,-2.0,36.0,0.0,1,outdoors,grass,Acrisure Stadium,True
2024_18_CAR_ATL,2024,REG,18,2025-01-05,Sunday,13:00,CAR,44.0,ATL,38.0,Home,-6.0,82.0,1.0,1,closed,fieldturf,Mercedes-Benz Stadium,True
2024_18_WAS_DAL,2024,REG,18,2025-01-05,Sunday,13:00,WAS,23.0,DAL,19.0,Home,-4.0,42.0,0.0,1,closed,matrixturf,AT&T Stadium,True
2024_18_CHI_GB,2024,REG,18,2025-01-05,Sunday,13:00,CHI,24.0,GB,22.0,Home,-2.0,46.0,0.0,1,outdoors,grass,Lambeau Field,True
2024_18_JAX_IND,2024,REG,18,2025-01-05,Sunday,13:00,JAX,23.0,IND,26.0,Home,3.0,49.0,1.0,1,closed,fieldturf,Lucas Oil Stadium,True
2024_18_BUF_NE,2024,REG,18,2025-01-05,Sunday,13:00,BUF,16.0,NE,23.0,Home,7.0,39.0,0.0,1,outdoors,fieldturf,Gillette Stadium,True
2024_18_NYG_PHI,2024,REG,18,2025-01-05,Sunday,13:00,NYG,13.0,PHI,20.0,Home,7.0,33.0,0.0,1,outdoors,grass,Lincoln Financial Field,True
2024_18_NO_TB,2024,REG,18,2025-01-05,Sunday,13:00,NO,19.0,TB,27.0,Home,8.0,46.0,0.0,1,outdoors,grass,Raymond James Stadium,True
2024_18_HOU_TEN,2024,REG,18,2025-01-05,Sunday,13:00,HOU,23.0,TEN,14.0,Home,-9.0,37.0,0.0,1,outdoors,grass,Nissan Stadium,True
2024_18_SF_ARI,2024,REG,18,2025-01-05,Sunday,16:25,SF,24.0,ARI,47.0,Home,23.0,71.0,0.0,1,closed,grass,State Farm Stadium,True
2024_18_KC_DEN,2024,REG,18,2025-01-05,Sunday,16:25,KC,0.0,DEN,38.0,Home,38.0,38.0,0.0,1,outdoors,grass,Empower Field at Mile High,True
2024_18_SEA_LA,2024,REG,18,2025-01-05,Sunday,16:25,SEA,30.0,LA,25.0,Home,-5.0,55.0,0.0,1,dome,matrixturf,SoFi Stadium,True
2024_18_LAC_LV,2024,REG,18,2025-01-05,Sunday,16:25,LAC,34.0,LV,20.0,Home,-14.0,54.0,0.0,1,dome,grass,Allegiant Stadium,True
2024_18_MIA_NYJ,2024,REG,18,2025-01-05,Sunday,16:25,MIA,20.0,NYJ,32.0,Home,12.0,52.0,0.0,1,outdoors,fieldturf,MetLife Stadium,True
2024_18_MIN_DET,2024,REG,18,2025-01-05,Sunday,20:20,MIN,9.0,DET,31.0,Home,22.0,40.0,0.0,1,dome,fieldturf,Ford Field,True
2024_19_LAC_HOU,2024,WC,19,2025-01-11,Saturday,16:30,LAC,12.0,HOU,32.0,Home,20.0,44.0,0.0,0,closed,astroturf,NRG Stadium,True
2024_19_PIT_BAL,2024,WC,19,2025-01-11,Saturday,20:00,PIT,14.0,BAL,28.0,Home,14.0,42.0,0.0,1,outdoors,grass,M&T Bank Stadium,True
2024_19_DEN_BUF,2024,WC,19,2025-01-12,Sunday,13:00,DEN,7.0,BUF,31.0,Home,24.0,38.0,0.0,0,outdoors,a_turf,New Era Field,True
2024_19_GB_PHI,2024,WC,19,2025-01-12,Sunday,16:30,GB,10.0,PHI,22.0,Home,12.0,32.0,0.0,0,outdoors,grass,Lincoln Financial Field,True
2024_19_WAS_TB,2024,WC,19,2025-01-12,Sunday,20:00,WAS,23.0,TB,20.0,Home,-3.0,43.0,0.0,0,outdoors,grass,Raymond James Stadium,True
2024_19_MIN_LA,2024,WC,19,2025-01-13,Monday,20:00,MIN,9.0,LA,27.0,Neutral,18.0,36.0,0.0,0,closed,grass,State Farm Stadium,True
2024_20_HOU_KC,2024,DIV,20,2025-01-18,Saturday,16:30,HOU,14.0,KC,23.0,Home,9.0,37.0,0.0,0,outdoors,grass,GEHA Field at Arrowhead Stadium,True
2024_20_WAS_DET,2024,DIV,20,2025-01-18,Saturday,20:00,WAS,45.0,DET,31.0,Home,-14.0,76.0,0.0,0,dome,fieldturf,Ford Field,True
2024_20_LA_PHI,2024,DIV,20,2025-01-19,Sunday,15:00,LA,22.0,PHI,28.0,Home,6.0,50.0,0.0,0,outdoors,grass,Lincoln Financial Field,True
2024_20_BAL_BUF,2024,DIV,20,2025-01-19,Sunday,18:30,BAL,25.0,BUF,27.0,Home,2.0,52.0,0.0,0,outdoors,a_turf,New Era Field,True
2024_21_WAS_PHI,2024,CON,21,2025-01-26,Sunday,15:00,WAS,23.0,PHI,55.0,Home,32.0,78.0,0.0,1,outdoors,grass,Lincoln Financial Field,True
2024_21_BUF_KC,2024,CON,21,2025-01-26,Sunday,18:30,BUF,29.0,KC,32.0,Home,3.0,61.0,0.0,0,outdoors,grass,GEHA Field at Arrowhead Stadium,True
2024_22_KC_PHI,2024,SB,22,2025-02-09,Sunday,18:30,KC,22.0,PHI,40.0,Neutral,18.0,62.0,0.0,0,dome,sportturf,Mercedes-Benz Superdome,True
2025_01_DAL_PHI,2025,REG,1,2025-09-04,Thursday,20:20,DAL,20.0,PHI,24.0,Home,4.0,44.0,0.0,1,outdoors,grass,Lincoln Financial Field,True
2025_01_KC_LAC,2025,REG,1,2025-09-05,Friday,20:00,KC,21.0,LAC,27.0,Neutral,6.0,48.0,0.0,1,dome,,SoFi Stadium,True
2025_01_TB_ATL,2025,REG,1,2025-09-07,Sunday,13:00,TB,23.0,ATL,20.0,Home,-3.0,43.0,0.0,1,closed,fieldturf,Mercedes-Benz Stadium,True
2025_01_CIN_CLE,2025,REG,1,2025-09-07,Sunday,13:00,CIN,17.0,CLE,16.0,Home,-1.0,33.0,0.0,1,outdoors,grass,FirstEnergy Stadium,True
2025_01_MIA_IND,2025,REG,1,2025-09-07,Sunday,13:00,MIA,8.0,IND,33.0,Home,25.0,41.0,0.0,0,closed,fieldturf,Lucas Oil Stadium,True
2025_01_CAR_JAX,2025,REG,1,2025-09-07,Sunday,13:00,CAR,10.0,JAX,26.0,Home,16.0,36.0,0.0,0,outdoors,grass,TIAA Bank Stadium,True
2025_01_LV_NE,2025,REG,1,2025-09-07,Sunday,13:00,LV,20.0,NE,13.0,Home,-7.0,33.0,0.0,0,outdoors,fieldturf,Gillette Stadium,True
2025_01_ARI_NO,2025,REG,1,2025-09-07,Sunday,13:00,ARI,20.0,NO,13.0,Home,-7.0,33.0,0.0,0,dome,sportturf,Mercedes-Benz Superdome,True
2025_01_PIT_NYJ,2025,REG,1,2025-09-07,Sunday,13:00,PIT,34.0,NYJ,32.0,Home,-2.0,66.0,0.0,0,outdoors,fieldturf,MetLife Stadium,True
2025_01_NYG_WAS,2025,REG,1,2025-09-07,Sunday,13:00,NYG,6.0,WAS,21.0,Home,15.0,27.0,0.0,1,outdoors,grass,FedExField,True
2025_01_TEN_DEN,2025,REG,1,2025-09-07,Sunday,16:05,TEN,12.0,DEN,20.0,Home,8.0,32.0,0.0,0,outdoors,grass,Empower Field at Mile High,True
2025_01_SF_SEA,2025,REG,1,2025-09-07,Sunday,16:05,SF,17.0,SEA,13.0,Home,-4.0,30.0,0.0,1,outdoors,fieldturf,Lumen Field,True
2025_01_DET_GB,2025,REG,1,2025-09-07,Sunday,16:25,DET,13.0,GB,27.0,Home,14.0,40.0,0.0,1,outdoors,grass,Lambeau Field,True
2025_01_HOU_LA,2025,REG,1,2025-09-07,Sunday,16:25,HOU,9.0,LA,14.0,Home,5.0,23.0,0.0,0,dome,matrixturf,SoFi Stadium,True
2025_01_BAL_BUF,2025,REG,1,2025-09-07,Sunday,20:20,BAL,40.0,BUF,41.0,Home,1.0,81.0,0.0,0,outdoors,a_turf,New Era Field,True
2025_01_MIN_CHI,2025,REG,1,2025-09-08,Monday,20:15,MIN,27.0,CHI,24.0,Home,-3.0,51.0,0.0,1,outdoors,grass,Soldier Field,True
2025_02_WAS_GB,2025,REG,2,2025-09-11,Thursday,20:15,WAS,18.0,GB,27.0,Home,9.0,45.0,0.0,0,outdoors,grass,Lambeau Field,True
2025_02_CLE_BAL,2025,REG,2,2025-09-14,Sunday,13:00,CLE,17.0,BAL,41.0,Home,24.0,58.0,0.0,1,outdoors,grass,M&T Bank Stadium,True
2025_02_JAX_CIN,2025,REG,2,2025-09-14,Sunday,13:00,JAX,27.0,CIN,31.0,Home,4.0,58.0,0.0,0,outdoors,fieldturf,Paycor Stadium,True
2025_02_NYG_DAL,2025,REG,2,2025-09-14,Sunday,13:00,NYG,37.0,DAL,40.0,Home,3.0,77.0,1.0,1,closed,matrixturf,AT&T Stadium,True
2025_02_CHI_DET,2025,REG,2,2025-09-14,Sunday,13:00,CHI,21.0,DET,52.0,Home,31.0,73.0,0.0,1,dome,fieldturf,Ford Field,True
2025_02_NE_MIA,2025,REG,2,2025-09-14,Sunday,13:00,NE,33.0,MIA,27.0,Home,-6.0,60.0,0.0,1,outdoors,grass,Hard Rock Stadium,True
2025_02_SF_NO,2025,REG,2,2025-09-14,Sunday,13:00,SF,26.0,NO,21.0,Home,-5.0,47.0,0.0,0,dome,sportturf,Mercedes-Benz Superdome,True
2025_02_BUF_NYJ,2025,REG,2,2025-09-14,Sunday,13:00,BUF,30.0,NYJ,10.0,Home,-20.0,40.0,0.0,1,outdoors,fieldturf,MetLife Stadium,True
2025_02_SEA_PIT,2025,REG,2,2025-09-14,Sunday,13:00,SEA,31.0,PIT,17.0,Home,-14.0,48.0,0.0,0,outdoors,grass,Acrisure Stadium,True
2025_02_LA_TEN,2025,REG,2,2025-09-14,Sunday,13:00,LA,33.0,TEN,19.0,Home,-14.0,52.0,0.0,0,outdoors,grass,Nissan Stadium,True
2025_02_CAR_ARI,2025,REG,2,2025-09-14,Sunday,16:05,CAR,22.0,ARI,27.0,Home,5.0,49.0,0.0,0,closed,grass,State Farm Stadium,True
2025_02_DEN_IND,2025,REG,2,2025-09-14,Sunday,16:05,DEN,28.0,IND,29.0,Home,1.0,57.0,0.0,0,closed,fieldturf,Lucas Oil Stadium,True
2025_02_PHI_KC,2025,REG,2,2025-09-14,Sunday,16:25,PHI,20.0,KC,17.0,Home,-3.0,37.0,0.0,0,outdoors,grass,GEHA Field at Arrowhead Stadium,True
2025_02_ATL_MIN,2025,REG,2,2025-09-14,Sunday,20:20,ATL,22.0,MIN,6.0,Home,-16.0,28.0,0.0,0,dome,sportturf,U.S. Bank Stadium,True
2025_02_TB_HOU,2025,REG,2,2025-09-15,Monday,19:00,TB,20.0,HOU,19.0,Home,-1.0,39.0,0.0,0,closed,astroturf,NRG Stadium,True
2025_02_LAC_LV,2025,REG,2,2025-09-15,Monday,22:00,LAC,20.0,LV,9.0,Home,-11.0,29.0,0.0,1,dome,grass,Allegiant Stadium,True
2025_03_MIA_BUF,2025,REG,3,2025-09-18,Thursday,20:15,MIA,21.0,BUF,31.0,Home,10.0,52.0,0.0,1,outdoors,a_turf,New Era Field,True
2025_03_ATL_CAR,2025,REG,3,2025-09-21,Sunday,13:00,ATL,0.0,CAR,30.0,Home,30.0,30.0,0.0,1,outdoors,grass,Bank of America Stadium,True
2025_03_GB_CLE,2025,REG,3,2025-09-21,Sunday,13:00,GB,10.0,CLE,13.0,Home,3.0,23.0,0.0,0,outdoors,grass,FirstEnergy Stadium,True
2025_03_HOU_JAX,2025,REG,3,2025-09-21,Sunday,13:00,HOU,10.0,JAX,17.0,Home,7.0,27.0,0.0,1,outdoors,grass,TIAA Bank Stadium,True
2025_03_CIN_MIN,2025,REG,3,2025-09-21,Sunday,13:00,CIN,10.0,MIN,48.0,Home,38.0,58.0,0.0,0,dome,sportturf,U.S. Bank Stadium,True
2025_03_PIT_NE,2025,REG,3,2025-09-21,Sunday,13:00,PIT,21.0,NE,14.0,Home,-7.0,35.0,0.0,0,outdoors,fieldturf,Gillette Stadium,True
2025_03_LA_PHI,2025,REG,3,2025-09-21,Sunday,13:00,LA,26.0,PHI,33.0,Home,7.0,59.0,0.0,0,outdoors,grass,Lincoln Financial Field,True
2025_03_NYJ_TB,2025,REG,3,2025-09-21,Sunday,13:00,NYJ,27.0,TB,29.0,Home,2.0,56.0,0.0,0,outdoors,grass,Raymond James Stadium,True
2025_03_IND_TEN,2025,REG,3,2025-09-21,Sunday,13:00,IND,41.0,TEN,20.0,Home,-21.0,61.0,0.0,1,outdoors,grass,Nissan Stadium,True
2025_03_LV_WAS,2025,REG,3,2025-09-21,Sunday,13:00,LV,24.0,WAS,41.0,Home,17.0,65.0,0.0,0,outdoors,grass,FedExField,True
2025_03_DEN_LAC,2025,REG,3,2025-09-21,Sunday,16:05,DEN,20.0,LAC,23.0,Home,3.0,43.0,0.0,1,dome,matrixturf,SoFi Stadium,True
2025_03_NO_SEA,2025,REG,3,2025-09-21,Sunday,16:05,NO,13.0,SEA,44.0,Home,31.0,57.0,0.0,0,outdoors,fieldturf,Lumen Field,True
2025_03_DAL_CHI,2025,REG,3,2025-09-21,Sunday,16:25,DAL,14.0,CHI,31.0,Home,17.0,45.0,0.0,0,outdoors,grass,Soldier Field,True
2025_03_ARI_SF,2025,REG,3,2025-09-21,Sunday,16:25,ARI,15.0,SF,16.0,Home,1.0,31.0,0.0,1,outdoors,grass,Levi's Stadium,True
2025_03_KC_NYG,2025,REG,3,2025-09-21,Sunday,20:20,KC,22.0,NYG,9.0,Home,-13.0,31.0,0.0,0,outdoors,fieldturf,MetLife Stadium,True
2025_03_DET_BAL,2025,REG,3,2025-09-22,Monday,20:15,DET,38.0,BAL,30.0,Home,-8.0,68.0,0.0,0,outdoors,grass,M&T Bank Stadium,True
2025_04_SEA_ARI,2025,REG,4,2025-09-25,Thursday,20:15,SEA,23.0,ARI,20.0,Home,-3.0,43.0,0.0,1,closed,grass,State Farm Stadium,True
2025_04_MIN_PIT,2025,REG,4,2025-09-28,Sunday,09:30,MIN,21.0,PIT,24.0,Neutral,3.0,45.0,0.0,0,outdoors,grass,Acrisure Stadium,True
2025_04_WAS_ATL,2025,REG,4,2025-09-28,Sunday,13:00,WAS,27.0,ATL,34.0,Home,7.0,61.0,0.0,0,closed,fieldturf,Mercedes-Benz Stadium,True
2025_04_NO_BUF,2025,REG,4,2025-09-28,Sunday,13:00,NO,19.0,BUF,31.0,Home,12.0,50.0,0.0,0,outdoors,a_turf,New Era Field,True
2025_04_CLE_DET,2025,REG,4,2025-09-28,Sunday,13:00,CLE,10.0,DET,34.0,Home,24.0,44.0,0.0,0,dome,fieldturf,Ford Field,True
2025_04_TEN_HOU,2025,REG,4,2025-09-28,Sunday,13:00,TEN,0.0,HOU,26.0,Home,26.0,26.0,0.0,1,closed,astroturf,NRG Stadium,True
2025_04_CAR_NE,2025,REG,4,2025-09-28,Sunday,13:00,CAR,13.0,NE,42.0,Home,29.0,55.0,0.0,0,outdoors,fieldturf,Gillette Stadium,True
2025_04_LAC_NYG,2025,REG,4,2025-09-28,Sunday,13:00,LAC,18.0,NYG,21.0,Home,3.0,39.0,0.0,0,outdoors,fieldturf,MetLife Stadium,True
2025_04_PHI_TB,2025,REG,4,2025-09-28,Sunday,13:00,PHI,31.0,TB,25.0,Home,-6.0,56.0,0.0,0,outdoors,grass,Raymond James Stadium,True
2025_04_IND_LA,2025,REG,4,2025-09-28,Sunday,16:05,IND,20.0,LA,27.0,Home,7.0,47.0,0.0,0,dome,matrixturf,SoFi Stadium,True
2025_04_JAX_SF,2025,REG,4,2025-09-28,Sunday,16:05,JAX,26.0,SF,21.0,Home,-5.0,47.0,0.0,0,outdoors,grass,Levi's Stadium,True
2025_04_BAL_KC,2025,REG,4,2025-09-28,Sunday,16:25,BAL,20.0,KC,37.0,Home,17.0,57.0,0.0,0,outdoors,grass,GEHA Field at Arrowhead Stadium,True
2025_04_CHI_LV,2025,REG,4,2025-09-28,Sunday,16:25,CHI,25.0,LV,24.0,Home,-1.0,49.0,0.0,0,dome,grass,Allegiant Stadium,True
2025_04_GB_DAL,2025,REG,4,2025-09-28,Sunday,20:20,GB,40.0,DAL,40.0,Home,0.0,80.0,1.0,0,closed,matrixturf,AT&T Stadium,True
2025_04_NYJ_MIA,2025,REG,4,2025-09-29,Monday,19:15,NYJ,21.0,MIA,27.0,Home,6.0,48.0,0.0,1,outdoors,grass,Hard Rock Stadium,True
2025_04_CIN_DEN,2025,REG,4,2025-09-29,Monday,20:15,CIN,3.0,DEN,28.0,Home,25.0,31.0,0.0,0,outdoors,grass,Empower Field at Mile High,True
2025_05_SF_LA,2025,REG,5,2025-10-02,Thursday,20:15,SF,26.0,LA,23.0,Home,-3.0,49.0,1.0,1,dome,matrixturf,SoFi Stadium,True
2025_05_MIN_CLE,2025,REG,5,2025-10-05,Sunday,09:30,MIN,21.0,CLE,17.0,Neutral,-4.0,38.0,0.0,0,outdoors,grass,FirstEnergy Stadium,True
2025_05_HOU_BAL,2025,REG,5,2025-10-05,Sunday,13:00,HOU,44.0,BAL,10.0,Home,-34.0,54.0,0.0,0,outdoors,grass,M&T Bank Stadium,True
2025_05_MIA_CAR,2025,REG,5,2025-10-05,Sunday,13:00,MIA,24.0,CAR,27.0,Home,3.0,51.0,0.0,0,outdoors,grass,Bank of America Stadium,True
2025_05_LV_IND,2025,REG,5,2025-10-05,Sunday,13:00,LV,6.0,IND,40.0,Home,34.0,46.0,0.0,0,closed,fieldturf,Lucas Oil Stadium,True
2025_05_NYG_NO,2025,REG,5,2025-10-05,Sunday,13:00,NYG,14.0,NO,26.0,Home,12.0,40.0,0.0,0,dome,sportturf,Mercedes-Benz Superdome,True
2025_05_DAL_NYJ,2025,REG,5,2025-10-05,Sunday,13:00,DAL,37.0,NYJ,22.0,Home,-15.0,59.0,0.0,0,outdoors,fieldturf,MetLife Stadium,True
2025_05_DEN_PHI,2025,REG,5,2025-10-05,Sunday,13:00,DEN,21.0,PHI,17.0,Home,-4.0,38.0,0.0,0,outdoors,grass,Lincoln Financial Field,True
2025_05_TEN_ARI,2025,REG,5,2025-10-05,Sunday,16:05,TEN,22.0,ARI,21.0,Home,-1.0,43.0,0.0,0,closed,grass,State Farm Stadium,True
2025_05_TB_SEA,2025,REG,5,2025-10-05,Sunday,16:05,TB,38.0,SEA,35.0,Home,-3.0,73.0,0.0,0,outdoors,fieldturf,Lumen Field,True
2025_05_DET_CIN,2025,REG,5,2025-10-05,Sunday,16:25,DET,37.0,CIN,24.0,Home,-13.0,61.0,0.0,0,outdoors,fieldturf,Paycor Stadium,True
2025_05_WAS_LAC,2025,REG,5,2025-10-05,Sunday,16:25,WAS,27.0,LAC,10.0,Home,-17.0,37.0,0.0,0,dome,matrixturf,SoFi Stadium,True
2025_05_NE_BUF,2025,REG,5,2025-10-05,Sunday,20:20,NE,23.0,BUF,20.0,Home,-3.0,43.0,0.0,1,outdoors,a_turf,New Era Field,True
2025_05_KC_JAX,2025,REG,5,2025-10-06,Monday,20:15,KC,28.0,JAX,31.0,Home,3.0,59.0,0.0,0,outdoors,grass,TIAA Bank Stadium,True
2025_06_PHI_NYG,2025,REG,6,2025-10-09,Thursday,20:15,PHI,17.0,NYG,34.0,Home,17.0,51.0,0.0,1,outdoors,fieldturf,MetLife Stadium,True
2025_06_DEN_NYJ,2025,REG,6,2025-10-12,Sunday,09:30,DEN,13.0,NYJ,11.0,Neutral,-2.0,24.0,0.0,0,outdoors,grass,MetLife Stadium,True
2025_06_LA_BAL,2025,REG,6,2025-10-12,Sunday,13:00,LA,17.0,BAL,3.0,Home,-14.0,20.0,0.0,0,outdoors,grass,M&T Bank Stadium,True
2025_06_DAL_CAR,2025,REG,6,2025-10-12,Sunday,13:00,DAL,27.0,CAR,30.0,Home,3.0,57.0,0.0,0,outdoors,grass,Bank of America Stadium,True
2025_06_ARI_IND,2025,REG,6,2025-10-12,Sunday,13:00,ARI,27.0,IND,31.0,Home,4.0,58.0,0.0,0,closed,fieldturf,Lucas Oil Stadium,True
2025_06_SEA_JAX,2025,REG,6,2025-10-12,Sunday,13:00,SEA,20.0,JAX,12.0,Home,-8.0,32.0,0.0,0,outdoors,grass,TIAA Bank Stadium,True
2025_06_LAC_MIA,2025,REG,6,2025-10-12,Sunday,13:00,LAC,29.0,MIA,27.0,Home,-2.0,56.0,0.0,0,outdoors,grass,Hard Rock Stadium,True
2025_06_NE_NO,2025,REG,6,2025-10-12,Sunday,13:00,NE,25.0,NO,19.0,Home,-6.0,44.0,0.0,0,dome,sportturf,Mercedes-Benz Superdome,True
2025_06_CLE_PIT,2025,REG,6,2025-10-12,Sunday,13:00,CLE,9.0,PIT,23.0,Home,14.0,32.0,0.0,1,outdoors,grass,Acrisure Stadium,True
2025_06_TEN_LV,2025,REG,6,2025-10-12,Sunday,16:05,TEN,10.0,LV,20.0,Home,10.0,30.0,0.0,0,dome,grass,Allegiant Stadium,True
2025_06_CIN_GB,2025,REG,6,2025-10-12,Sunday,16:25,CIN,18.0,GB,27.0,Home,9.0,45.0,0.0,0,outdoors,grass,Lambeau Field,True
2025_06_SF_TB,2025,REG,6,2025-10-12,Sunday,16:25,SF,19.0,TB,30.0,Home,11.0,49.0,0.0,0,outdoors,grass,Raymond James Stadium,True
2025_06_DET_KC,2025,REG,6,2025-10-12,Sunday,20:20,DET,17.0,KC,30.0,Home,13.0,47.0,0.0,0,outdoors,grass,GEHA Field at Arrowhead Stadium,True
2025_06_BUF_ATL,2025,REG,6,2025-10-13,Monday,19:15,BUF,14.0,ATL,24.0,Home,10.0,38.0,0.0,0,closed,fieldturf,Mercedes-Benz Stadium,True
2025_06_CHI_WAS,2025,REG,6,2025-10-13,Monday,20:15,CHI,25.0,WAS,24.0,Home,-1.0,49.0,0.0,0,outdoors,grass,FedExField,True
2025_07_PIT_CIN,2025,REG,7,2025-10-16,Thursday,20:15,PIT,31.0,CIN,33.0,Home,2.0,64.0,0.0,1,outdoors,fieldturf,Paycor Stadium,True
2025_07_LA_JAX,2025,REG,7,2025-10-19,Sunday,09:30,LA,35.0,JAX,7.0,Neutral,-28.0,42.0,0.0,0,outdoors,grass,TIAA Bank Stadium,True
2025_07_NO_CHI,2025,REG,7,2025-10-19,Sunday,13:00,NO,14.0,CHI,26.0,Home,12.0,40.0,0.0,0,outdoors,grass,Soldier Field,True
2025_07_MIA_CLE,2025,REG,7,2025-10-19,Sunday,13:00,MIA,6.0,CLE,31.0,Home,25.0,37.0,0.0,0,outdoors,grass,FirstEnergy Stadium,True
2025_07_LV_KC,2025,REG,7,2025-10-19,Sunday,13:00,LV,0.0,KC,31.0,Home,31.0,31.0,0.0,1,outdoors,grass,GEHA Field at Arrowhead Stadium,True
2025_07_PHI_MIN,2025,REG,7,2025-10-19,Sunday,13:00,PHI,28.0,MIN,22.0,Home,-6.0,50.0,0.0,0,dome,sportturf,U.S. Bank Stadium,True
2025_07_CAR_NYJ,2025,REG,7,2025-10-19,Sunday,13:00,CAR,13.0,NYJ,6.0,Home,-7.0,19.0,0.0,0,outdoors,fieldturf,MetLife Stadium,True
2025_07_NE_TEN,2025,REG,7,2025-10-19,Sunday,13:00,NE,31.0,TEN,13.0,Home,-18.0,44.0,0.0,0,outdoors,grass,Nissan Stadium,True
2025_07_NYG_DEN,2025,REG,7,2025-10-19,Sunday,16:05,NYG,32.0,DEN,33.0,Home,1.0,65.0,0.0,0,outdoors,grass,Empower Field at Mile High,True
2025_07_IND_LAC,2025,REG,7,2025-10-19,Sunday,16:05,IND,38.0,LAC,24.0,Home,-14.0,62.0,0.0,0,dome,matrixturf,SoFi Stadium,True
2025_07_GB_ARI,2025,REG,7,2025-10-19,Sunday,16:25,GB,27.0,ARI,23.0,Home,-4.0,50.0,0.0,0,closed,grass,State Farm Stadium,True
2025_07_WAS_DAL,2025,REG,7,2025-10-19,Sunday,16:25,WAS,22.0,DAL,44.0,Home,22.0,66.0,0.0,1,closed,matrixturf,AT&T Stadium,True
2025_07_ATL_SF,2025,REG,7,2025-10-19,Sunday,20:20,ATL,10.0,SF,20.0,Home,10.0,30.0,0.0,0,outdoors,grass,Levi's Stadium,True
2025_07_TB_DET,2025,REG,7,2025-10-20,Monday,19:00,TB,9.0,DET,24.0,Home,15.0,33.0,0.0,0,dome,fieldturf,Ford Field,True
2025_07_HOU_SEA,2025,REG,7,2025-10-20,Monday,22:00,HOU,19.0,SEA,27.0,Home,8.0,46.0,0.0,0,outdoors,fieldturf,Lumen Field,True
2025_08_MIN_LAC,2025,REG,8,2025-10-23,Thursday,20:15,MIN,10.0,LAC,37.0,Home,27.0,47.0,0.0,0,dome,matrixturf,SoFi Stadium,True
2025_08_MIA_ATL,2025,REG,8,2025-10-26,Sunday,13:00,MIA,34.0,ATL,10.0,Home,-24.0,44.0,0.0,0,closed,fieldturf,Mercedes-Benz Stadium,True
2025_08_CHI_BAL,2025,REG,8,2025-10-26,Sunday,13:00,CHI,16.0,BAL,30.0,Home,14.0,46.0,0.0,0,outdoors,grass,M&T Bank Stadium,True
2025_08_BUF_CAR,2025,REG,8,2025-10-26,Sunday,13:00,BUF,40.0,CAR,9.0,Home,-31.0,49.0,0.0,0,outdoors,grass,Bank of America Stadium,True
2025_08_NYJ_CIN,2025,REG,8,2025-10-26,Sunday,13:00,NYJ,39.0,CIN,38.0,Home,-1.0,77.0,0.0,0,outdoors,fieldturf,Paycor Stadium,True
2025_08_SF_HOU,2025,REG,8,2025-10-26,Sunday,13:00,SF,15.0,HOU,26.0,Home,11.0,41.0,0.0,0,closed,astroturf,NRG Stadium,True
2025_08_CLE_NE,2025,REG,8,2025-10-26,Sunday,13:00,CLE,13.0,NE,32.0,Home,19.0,45.0,0.0,0,outdoors,fieldturf,Gillette Stadium,True
2025_08_NYG_PHI,2025,REG,8,2025-10-26,Sunday,13:00,NYG,20.0,PHI,38.0,Home,18.0,58.0,0.0,1,outdoors,grass,Lincoln Financial Field,True
2025_08_TB_NO,2025,REG,8,2025-10-26,Sunday,16:05,TB,23.0,NO,3.0,Home,-20.0,26.0,0.0,1,dome,sportturf,Mercedes-Benz Superdome,True
2025_08_DAL_DEN,2025,REG,8,2025-10-26,Sunday,16:25,DAL,24.0,DEN,44.0,Home,20.0,68.0,0.0,0,outdoors,grass,Empower Field at Mile High,True
2025_08_TEN_IND,2025,REG,8,2025-10-26,Sunday,16:25,TEN,14.0,IND,38.0,Home,24.0,52.0,0.0,1,closed,fieldturf,Lucas Oil Stadium,True
2025_08_GB_PIT,2025,REG,8,2025-10-26,Sunday,20:20,GB,35.0,PIT,25.0,Home,-10.0,60.0,0.0,0,outdoors,grass,Acrisure Stadium,True
2025_08_WAS_KC,2025,REG,8,2025-10-27,Monday,20:15,WAS,7.0,KC,28.0,Home,21.0,35.0,0.0,0,outdoors,grass,GEHA Field at Arrowhead Stadium,True
2025_09_BAL_MIA,2025,REG,9,2025-10-30,Thursday,20:15,BAL,28.0,MIA,6.0,Home,-22.0,34.0,0.0,0,outdoors,grass,Hard Rock Stadium,True
2025_09_CHI_CIN,2025,REG,9,2025-11-02,Sunday,13:00,CHI,47.0,CIN,42.0,Home,-5.0,89.0,0.0,0,outdoors,fieldturf,Paycor Stadium,True
2025_09_MIN_DET,2025,REG,9,2025-11-02,Sunday,13:00,MIN,27.0,DET,24.0,Home,-3.0,51.0,0.0,1,dome,fieldturf,Ford Field,True
2025_09_CAR_GB,2025,REG,9,2025-11-02,Sunday,13:00,CAR,16.0,GB,13.0,Home,-3.0,29.0,0.0,0,outdoors,grass,Lambeau Field,True
2025_09_DEN_HOU,2025,REG,9,2025-11-02,Sunday,13:00,DEN,18.0,HOU,15.0,Home,-3.0,33.0,0.0,0,closed,astroturf,NRG Stadium,True
2025_09_ATL_NE,2025,REG,9,2025-11-02,Sunday,13:00,ATL,23.0,NE,24.0,Home,1.0,47.0,0.0,0,outdoors,fieldturf,Gillette Stadium,True
2025_09_SF_NYG,2025,REG,9,2025-11-02,Sunday,13:00,SF,34.0,NYG,24.0,Home,-10.0,58.0,0.0,0,outdoors,fieldturf,MetLife Stadium,True
2025_09_IND_PIT,2025,REG,9,2025-11-02,Sunday,13:00,IND,20.0,PIT,27.0,Home,7.0,47.0,0.0,0,outdoors,grass,Acrisure Stadium,True
2025_09_LAC_TEN,2025,REG,9,2025-11-02,Sunday,13:00,LAC,27.0,TEN,20.0,Home,-7.0,47.0,0.0,0,outdoors,grass,Nissan Stadium,True
2025_09_NO_LA,2025,REG,9,2025-11-02,Sunday,16:05,NO,10.0,LA,34.0,Home,24.0,44.0,0.0,0,dome,matrixturf,SoFi Stadium,True
2025_09_JAX_LV,2025,REG,9,2025-11-02,Sunday,16:05,JAX,30.0,LV,29.0,Home,-1.0,59.0,1.0,0,dome,grass,Allegiant Stadium,True
2025_09_KC_BUF,2025,REG,9,2025-11-02,Sunday,16:25,KC,21.0,BUF,28.0,Home,7.0,49.0,0.0,0,outdoors,a_turf,New Era Field,True
2025_09_SEA_WAS,2025,REG,9,2025-11-02,Sunday,20:20,SEA,38.0,WAS,14.0,Home,-24.0,52.0,0.0,0,outdoors,grass,FedExField,True
2025_09_ARI_DAL,2025,REG,9,2025-11-03,Monday,20:15,ARI,27.0,DAL,17.0,Home,-10.0,44.0,0.0,0,closed,matrixturf,AT&T Stadium,True
2025_10_LV_DEN,2025,REG,10,2025-11-06,Thursday,20:15,LV,7.0,DEN,10.0,Home,3.0,17.0,0.0,1,outdoors,grass,Empower Field at Mile High,True
2025_10_ATL_IND,2025,REG,10,2025-11-09,Sunday,09:30,ATL,25.0,IND,31.0,Neutral,6.0,56.0,1.0,0,closed,grass,Lucas Oil Stadium,True
2025_10_NO_CAR,2025,REG,10,2025-11-09,Sunday,13:00,NO,17.0,CAR,7.0,Home,-10.0,24.0,0.0,1,outdoors,grass,Bank of America Stadium,True
2025_10_NYG_CHI,2025,REG,10,2025-11-09,Sunday,13:00,NYG,20.0,CHI,24.0,Home,4.0,44.0,0.0,0,outdoors,grass,Soldier Field,True
2025_10_JAX_HOU,2025,REG,10,2025-11-09,Sunday,13:00,JAX,29.0,HOU,36.0,Home,7.0,65.0,0.0,1,closed,astroturf,NRG Stadium,True
2025_10_BUF_MIA,2025,REG,10,2025-11-09,Sunday,13:00,BUF,13.0,MIA,30.0,Home,17.0,43.0,0.0,1,outdoors,grass,Hard Rock Stadium,True
2025_10_BAL_MIN,2025,REG,10,2025-11-09,Sunday,13:00,BAL,27.0,MIN,19.0,Home,-8.0,46.0,0.0,0,dome,sportturf,U.S. Bank Stadium,True
2025_10_CLE_NYJ,2025,REG,10,2025-11-09,Sunday,13:00,CLE,20.0,NYJ,27.0,Home,7.0,47.0,0.0,0,outdoors,fieldturf,MetLife Stadium,True
2025_10_NE_TB,2025,REG,10,2025-11-09,Sunday,13:00,NE,28.0,TB,23.0,Home,-5.0,51.0,0.0,0,outdoors,grass,Raymond James Stadium,True
2025_10_ARI_SEA,2025,REG,10,2025-11-09,Sunday,16:05,ARI,22.0,SEA,44.0,Home,22.0,66.0,0.0,1,outdoors,fieldturf,Lumen Field,True
2025_10_LA_SF,2025,REG,10,2025-11-09,Sunday,16:25,LA,42.0,SF,26.0,Home,-16.0,68.0,0.0,1,outdoors,grass,Levi's Stadium,True
2025_10_DET_WAS,2025,REG,10,2025-11-09,Sunday,16:25,DET,44.0,WAS,22.0,Home,-22.0,66.0,0.0,0,outdoors,grass,FedExField,True
2025_10_PIT_LAC,2025,REG,10,2025-11-09,Sunday,20:20,PIT,10.0,LAC,25.0,Home,15.0,35.0,0.0,0,dome,matrixturf,SoFi Stadium,True
2025_10_PHI_GB,2025,REG,10,2025-11-10,Monday,20:15,PHI,10.0,GB,7.0,Home,-3.0,17.0,0.0,0,outdoors,grass,Lambeau Field,True
2025_11_NYJ_NE,2025,REG,11,2025-11-13,Thursday,20:15,NYJ,14.0,NE,27.0,Home,13.0,41.0,0.0,1,outdoors,fieldturf,Gillette Stadium,True
2025_11_WAS_MIA,2025,REG,11,2025-11-16,Sunday,09:30,WAS,13.0,MIA,16.0,Neutral,3.0,29.0,1.0,0,outdoors,grass,Hard Rock Stadium,True
2025_11_CAR_ATL,2025,REG,11,2025-11-16,Sunday,13:00,CAR,30.0,ATL,27.0,Home,-3.0,57.0,1.0,1,closed,fieldturf,Mercedes-Benz Stadium,True
2025_11_TB_BUF,2025,REG,11,2025-11-16,Sunday,13:00,TB,32.0,BUF,44.0,Home,12.0,76.0,0.0,0,outdoors,a_turf,New Era Field,True
2025_11_LAC_JAX,2025,REG,11,2025-11-16,Sunday,13:00,LAC,6.0,JAX,35.0,Home,29.0,41.0,0.0,0,outdoors,grass,TIAA Bank Stadium,True
2025_11_CHI_MIN,2025,REG,11,2025-11-16,Sunday,13:00,CHI,19.0,MIN,17.0,Home,-2.0,36.0,0.0,1,dome,sportturf,U.S. Bank Stadium,True
2025_11_GB_NYG,2025,REG,11,2025-11-16,Sunday,13:00,GB,27.0,NYG,20.0,Home,-7.0,47.0,0.0,0,outdoors,fieldturf,MetLife Stadium,True
2025_11_CIN_PIT,2025,REG,11,2025-11-16,Sunday,13:00,CIN,12.0,PIT,34.0,Home,22.0,46.0,0.0,1,outdoors,grass,Acrisure Stadium,True
2025_11_HOU_TEN,2025,REG,11,2025-11-16,Sunday,13:00,HOU,16.0,TEN,13.0,Home,-3.0,29.0,0.0,1,outdoors,grass,Nissan Stadium,True
2025_11_SF_ARI,2025,REG,11,2025-11-16,Sunday,16:05,SF,41.0,ARI,22.0,Home,-19.0,63.0,0.0,1,closed,grass,State Farm Stadium,True
2025_11_SEA_LA,2025,REG,11,2025-11-16,Sunday,16:05,SEA,19.0,LA,21.0,Home,2.0,40.0,0.0,1,dome,matrixturf,SoFi Stadium,True
2025_11_BAL_CLE,2025,REG,11,2025-11-16,Sunday,16:25,BAL,23.0,CLE,16.0,Home,-7.0,39.0,0.0,1,outdoors,grass,FirstEnergy Stadium,True
2025_11_KC_DEN,2025,REG,11,2025-11-16,Sunday,16:25,KC,19.0,DEN,22.0,Home,3.0,41.0,0.0,1,outdoors,grass,Empower Field at Mile High,True
2025_11_DET_PHI,2025,REG,11,2025-11-16,Sunday,20:20,DET,9.0,PHI,16.0,Home,7.0,25.0,0.0,0,outdoors,grass,Lincoln Financial Field,True
2025_11_DAL_LV,2025,REG,11,2025-11-17,Monday,20:15,DAL,33.0,LV,16.0,Home,-17.0,49.0,0.0,0,dome,grass,Allegiant Stadium,True
2025_12_BUF_HOU,2025,REG,12,2025-11-20,Thursday,20:15,BUF,19.0,HOU,23.0,Home,4.0,42.0,0.0,0,closed,astroturf,NRG Stadium,True
2025_12_NYJ_BAL,2025,REG,12,2025-11-23,Sunday,13:00,NYJ,10.0,BAL,23.0,Home,13.0,33.0,0.0,0,outdoors,grass,M&T Bank Stadium,True
2025_12_PIT_CHI,2025,REG,12,2025-11-23,Sunday,13:00,PIT,28.0,CHI,31.0,Home,3.0,59.0,0.0,0,outdoors,grass,Soldier Field,True
2025_12_NE_CIN,2025,REG,12,2025-11-23,Sunday,13:00,NE,26.0,CIN,20.0,Home,-6.0,46.0,0.0,0,outdoors,fieldturf,Paycor Stadium,True
2025_12_NYG_DET,2025,REG,12,2025-11-23,Sunday,13:00,NYG,27.0,DET,34.0,Home,7.0,61.0,1.0,0,dome,fieldturf,Ford Field,True
2025_12_MIN_GB,2025,REG,12,2025-11-23,Sunday,13:00,MIN,6.0,GB,23.0,Home,17.0,29.0,0.0,1,outdoors,grass,Lambeau Field,True
2025_12_IND_KC,2025,REG,12,2025-11-23,Sunday,13:00,IND,20.0,KC,23.0,Home,3.0,43.0,1.0,0,outdoors,grass,GEHA Field at Arrowhead Stadium,True
2025_12_SEA_TEN,2025,REG,12,2025-11-23,Sunday,13:00,SEA,30.0,TEN,24.0,Home,-6.0,54.0,0.0,0,outdoors,grass,Nissan Stadium,True
2025_12_JAX_ARI,2025,REG,12,2025-11-23,Sunday,16:05,JAX,27.0,ARI,24.0,Home,-3.0,51.0,1.0,0,closed,grass,State Farm Stadium,True
2025_12_CLE_LV,2025,REG,12,2025-11-23,Sunday,16:05,CLE,24.0,LV,10.0,Home,-14.0,34.0,0.0,0,dome,grass,Allegiant Stadium,True
2025_12_PHI_DAL,2025,REG,12,2025-11-23,Sunday,16:25,PHI,21.0,DAL,24.0,Home,3.0,45.0,0.0,1,closed,matrixturf,AT&T Stadium,True
2025_12_ATL_NO,2025,REG,12,2025-11-23,Sunday,16:25,ATL,24.0,NO,10.0,Home,-14.0,34.0,0.0,1,dome,sportturf,Mercedes-Benz Superdome,True
2025_12_TB_LA,2025,REG,12,2025-11-23,Sunday,20:20,TB,7.0,LA,34.0,Home,27.0,41.0,0.0,0,dome,matrixturf,SoFi Stadium,True
2025_12_CAR_SF,2025,REG,12,2025-11-24,Monday,20:15,CAR,9.0,SF,20.0,Home,11.0,29.0,0.0,0,outdoors,grass,Levi's Stadium,True
2025_13_GB_DET,2025,REG,13,2025-11-27,Thursday,13:00,GB,31.0,DET,24.0,Home,-7.0,55.0,0.0,1,dome,fieldturf,Ford Field,True
2025_13_KC_DAL,2025,REG,13,2025-11-27,Thursday,16:30,KC,28.0,DAL,31.0,Home,3.0,59.0,0.0,0,closed,matrixturf,AT&T Stadium,True
2025_13_CIN_BAL,2025,REG,13,2025-11-27,Thursday,20:20,CIN,32.0,BAL,14.0,Home,-18.0,46.0,0.0,1,outdoors,grass,M&T Bank Stadium,True
2025_13_CHI_PHI,2025,REG,13,2025-11-28,Friday,15:00,CHI,24.0,PHI,15.0,Home,-9.0,39.0,0.0,0,outdoors,grass,Lincoln Financial Field,True
2025_13_LA_CAR,2025,REG,13,2025-11-30,Sunday,13:00,LA,28.0,CAR,31.0,Home,3.0,59.0,0.0,0,outdoors,grass,Bank of America Stadium,True
2025_13_SF_CLE,2025,REG,13,2025-11-30,Sunday,13:00,SF,26.0,CLE,8.0,Home,-18.0,34.0,0.0,0,outdoors,grass,FirstEnergy Stadium,True
2025_13_HOU_IND,2025,REG,13,2025-11-30,Sunday,13:00,HOU,20.0,IND,16.0,Home,-4.0,36.0,0.0,1,closed,fieldturf,Lucas Oil Stadium,True
2025_13_NO_MIA,2025,REG,13,2025-11-30,Sunday,13:00,NO,17.0,MIA,21.0,Home,4.0,38.0,0.0,0,outdoors,grass,Hard Rock Stadium,True
2025_13_ATL_NYJ,2025,REG,13,2025-11-30,Sunday,13:00,ATL,24.0,NYJ,27.0,Home,3.0,51.0,0.0,0,outdoors,fieldturf,MetLife Stadium,True
2025_13_ARI_TB,2025,REG,13,2025-11-30,Sunday,13:00,ARI,17.0,TB,20.0,Home,3.0,37.0,0.0,0,outdoors,grass,Raymond James Stadium,True
2025_13_JAX_TEN,2025,REG,13,2025-11-30,Sunday,13:00,JAX,25.0,TEN,3.0,Home,-22.0,28.0,0.0,1,outdoors,grass,Nissan Stadium,True
2025_13_MIN_SEA,2025,REG,13,2025-11-30,Sunday,16:05,MIN,0.0,SEA,26.0,Home,26.0,26.0,0.0,0,outdoors,fieldturf,Lumen Field,True
2025_13_LV_LAC,2025,REG,13,2025-11-30,Sunday,16:25,LV,14.0,LAC,31.0,Home,17.0,45.0,0.0,1,dome,matrixturf,SoFi Stadium,True
2025_13_BUF_PIT,2025,REG,13,2025-11-30,Sunday,16:25,BUF,26.0,PIT,7.0,Home,-19.0,33.0,0.0,0,outdoors,grass,Acrisure Stadium,True
2025_13_DEN_WAS,2025,REG,13,2025-11-30,Sunday,20:20,DEN,27.0,WAS,26.0,Home,-1.0,53.0,1.0,0,outdoors,grass,FedExField,True
2025_13_NYG_NE,2025,REG,13,2025-12-01,Monday,20:15,NYG,15.0,NE,33.0,Home,18.0,48.0,0.0,0,outdoors,fieldturf,Gillette Stadium,True
2025_14_DAL_DET,2025,REG,14,2025-12-04,Thursday,20:15,DAL,30.0,DET,44.0,Home,14.0,74.0,0.0,0,dome,fieldturf,Ford Field,True
2025_14_SEA_ATL,2025,REG,14,2025-12-07,Sunday,13:00,SEA,37.0,ATL,9.0,Home,-28.0,46.0,0.0,0,closed,fieldturf,Mercedes-Benz Stadium,True
2025_14_PIT_BAL,2025,REG,14,2025-12-07,Sunday,13:00,PIT,27.0,BAL,22.0,Home,-5.0,49.0,0.0,1,outdoors,grass,M&T Bank Stadium,True
2025_14_CIN_BUF,2025,REG,14,2025-12-07,Sunday,13:00,CIN,34.0,BUF,39.0,Home,5.0,73.0,0.0,0,outdoors,a_turf,New Era Field,True
2025_14_TEN_CLE,2025,REG,14,2025-12-07,Sunday,13:00,TEN,31.0,CLE,29.0,Home,-2.0,60.0,0.0,0,outdoors,grass,FirstEnergy Stadium,True
2025_14_IND_JAX,2025,REG,14,2025-12-07,Sunday,13:00,IND,19.0,JAX,36.0,Home,17.0,55.0,0.0,1,outdoors,grass,TIAA Bank Stadium,True
2025_14_WAS_MIN,2025,REG,14,2025-12-07,Sunday,13:00,WAS,0.0,MIN,31.0,Home,31.0,31.0,0.0,0,dome,sportturf,U.S. Bank Stadium,True
2025_14_MIA_NYJ,2025,REG,14,2025-12-07,Sunday,13:00,MIA,34.0,NYJ,10.0,Home,-24.0,44.0,0.0,1,outdoors,fieldturf,MetLife Stadium,True
2025_14_NO_TB,2025,REG,14,2025-12-07,Sunday,13:00,NO,24.0,TB,20.0,Home,-4.0,44.0,0.0,1,outdoors,grass,Raymond James Stadium,True
2025_14_DEN_LV,2025,REG,14,2025-12-07,Sunday,16:05,DEN,24.0,LV,17.0,Home,-7.0,41.0,0.0,1,dome,grass,Allegiant Stadium,True
2025_14_LA_ARI,2025,REG,14,2025-12-07,Sunday,16:25,LA,45.0,ARI,17.0,Home,-28.0,62.0,0.0,1,closed,grass,State Farm Stadium,True
2025_14_CHI_GB,2025,REG,14,2025-12-07,Sunday,16:25,CHI,21.0,GB,28.0,Home,7.0,49.0,0.0,1,outdoors,grass,Lambeau Field,True
2025_14_HOU_KC,2025,REG,14,2025-12-07,Sunday,20:20,HOU,20.0,KC,10.0,Home,-10.0,30.0,0.0,0,outdoors,grass,GEHA Field at Arrowhead Stadium,True
2025_14_PHI_LAC,2025,REG,14,2025-12-08,Monday,20:15,PHI,19.0,LAC,22.0,Home,3.0,41.0,1.0,0,dome,matrixturf,SoFi Stadium,True
2025_15_ATL_TB,2025,REG,15,2025-12-11,Thursday,20:15,ATL,29.0,TB,28.0,Home,-1.0,57.0,0.0,1,outdoors,grass,Raymond James Stadium,True
2025_15_CLE_CHI,2025,REG,15,2025-12-14,Sunday,13:00,CLE,3.0,CHI,31.0,Home,28.0,34.0,0.0,0,outdoors,grass,Soldier Field,True
2025_15_BAL_CIN,2025,REG,15,2025-12-14,Sunday,13:00,BAL,24.0,CIN,0.0,Home,-24.0,24.0,0.0,1,outdoors,fieldturf,Paycor Stadium,True
2025_15_ARI_HOU,2025,REG,15,2025-12-14,Sunday,13:00,ARI,20.0,HOU,40.0,Home,20.0,60.0,0.0,0,closed,astroturf,NRG Stadium,True
2025_15_NYJ_JAX,2025,REG,15,2025-12-14,Sunday,13:00,NYJ,20.0,JAX,48.0,Home,28.0,68.0,0.0,0,outdoors,grass,TIAA Bank Stadium,True
2025_15_LAC_KC,2025,REG,15,2025-12-14,Sunday,13:00,LAC,16.0,KC,13.0,Home,-3.0,29.0,0.0,1,outdoors,grass,GEHA Field at Arrowhead Stadium,True
2025_15_BUF_NE,2025,REG,15,2025-12-14,Sunday,13:00,BUF,35.0,NE,31.0,Home,-4.0,66.0,0.0,1,outdoors,fieldturf,Gillette Stadium,True
2025_15_WAS_NYG,2025,REG,15,2025-12-14,Sunday,13:00,WAS,29.0,NYG,21.0,Home,-8.0,50.0,0.0,1,outdoors,fieldturf,MetLife Stadium,True
2025_15_LV_PHI,2025,REG,15,2025-12-14,Sunday,13:00,LV,0.0,PHI,31.0,Home,31.0,31.0,0.0,0,outdoors,grass,Lincoln Financial Field,True
2025_15_GB_DEN,2025,REG,15,2025-12-14,Sunday,16:25,GB,26.0,DEN,34.0,Home,8.0,60.0,0.0,0,outdoors,grass,Empower Field at Mile High,True
2025_15_DET_LA,2025,REG,15,2025-12-14,Sunday,16:25,DET,34.0,LA,41.0,Home,7.0,75.0,0.0,0,dome,matrixturf,SoFi Stadium,True
2025_15_CAR_NO,2025,REG,15,2025-12-14,Sunday,16:25,CAR,17.0,NO,20.0,Home,3.0,37.0,0.0,1,dome,sportturf,Mercedes-Benz Superdome,True
2025_15_IND_SEA,2025,REG,15,2025-12-14,Sunday,16:25,IND,16.0,SEA,18.0,Home,2.0,34.0,0.0,0,outdoors,fieldturf,Lumen Field,True
2025_15_TEN_SF,2025,REG,15,2025-12-14,Sunday,16:25,TEN,24.0,SF,37.0,Home,13.0,61.0,0.0,0,outdoors,grass,Levi's Stadium,True
2025_15_MIN_DAL,2025,REG,15,2025-12-14,Sunday,20:20,MIN,34.0,DAL,26.0,Home,-8.0,60.0,0.0,0,closed,matrixturf,AT&T Stadium,True
2025_15_MIA_PIT,2025,REG,15,2025-12-15,Monday,20:15,MIA,15.0,PIT,28.0,Home,13.0,43.0,0.0,0,outdoors,grass,Acrisure Stadium,True
2025_16_LA_SEA,2025,REG,16,2025-12-18,Thursday,20:15,LA,37.0,SEA,38.0,Home,1.0,75.0,1.0,1,outdoors,fieldturf,Lumen Field,True
2025_16_PHI_WAS,2025,REG,16,2025-12-20,Saturday,17:00,PHI,29.0,WAS,18.0,Home,-11.0,47.0,0.0,1,outdoors,grass,FedExField,True
2025_16_GB_CHI,2025,REG,16,2025-12-20,Saturday,20:20,GB,16.0,CHI,22.0,Home,6.0,38.0,1.0,1,outdoors,grass,Soldier Field,True
2025_16_TB_CAR,2025,REG,16,2025-12-21,Sunday,13:00,TB,20.0,CAR,23.0,Home,3.0,43.0,0.0,1,outdoors,grass,Bank of America Stadium,True
2025_16_BUF_CLE,2025,REG,16,2025-12-21,Sunday,13:00,BUF,23.0,CLE,20.0,Home,-3.0,43.0,0.0,0,outdoors,grass,FirstEnergy Stadium,True
2025_16_LAC_DAL,2025,REG,16,2025-12-21,Sunday,13:00,LAC,34.0,DAL,17.0,Home,-17.0,51.0,0.0,0,closed,matrixturf,AT&T Stadium,True
2025_16_CIN_MIA,2025,REG,16,2025-12-21,Sunday,13:00,CIN,45.0,MIA,21.0,Home,-24.0,66.0,0.0,0,outdoors,grass,Hard Rock Stadium,True
2025_16_NYJ_NO,2025,REG,16,2025-12-21,Sunday,13:00,NYJ,6.0,NO,29.0,Home,23.0,35.0,0.0,0,dome,sportturf,Mercedes-Benz Superdome,True
2025_16_MIN_NYG,2025,REG,16,2025-12-21,Sunday,13:00,MIN,16.0,NYG,13.0,Home,-3.0,29.0,0.0,0,outdoors,fieldturf,MetLife Stadium,True
2025_16_KC_TEN,2025,REG,16,2025-12-21,Sunday,13:00,KC,9.0,TEN,26.0,Home,17.0,35.0,0.0,0,outdoors,grass,Nissan Stadium,True
2025_16_ATL_ARI,2025,REG,16,2025-12-21,Sunday,16:05,ATL,26.0,ARI,19.0,Home,-7.0,45.0,0.0,0,closed,grass,State Farm Stadium,True
2025_16_JAX_DEN,2025,REG,16,2025-12-21,Sunday,16:05,JAX,34.0,DEN,20.0,Home,-14.0,54.0,0.0,0,outdoors,grass,Empower Field at Mile High,True
2025_16_PIT_DET,2025,REG,16,2025-12-21,Sunday,16:25,PIT,29.0,DET,24.0,Home,-5.0,53.0,0.0,0,dome,fieldturf,Ford Field,True
2025_16_LV_HOU,2025,REG,16,2025-12-21,Sunday,16:25,LV,21.0,HOU,23.0,Home,2.0,44.0,0.0,0,closed,astroturf,NRG Stadium,True
2025_16_NE_BAL,2025,REG,16,2025-12-21,Sunday,20:20,NE,28.0,BAL,24.0,Home,-4.0,52.0,0.0,0,outdoors,grass,M&T Bank Stadium,True
2025_16_SF_IND,2025,REG,16,2025-12-22,Monday,20:15,SF,48.0,IND,27.0,Home,-21.0,75.0,0.0,0,closed,fieldturf,Lucas Oil Stadium,True
2025_17_DAL_WAS,2025,REG,17,2025-12-25,Thursday,13:00,DAL,30.0,WAS,23.0,Home,-7.0,53.0,0.0,1,outdoors,grass,FedExField,True
2025_17_DET_MIN,2025,REG,17,2025-12-25,Thursday,16:30,DET,10.0,MIN,23.0,Home,13.0,33.0,0.0,1,dome,sportturf,U.S. Bank Stadium,True
2025_17_DEN_KC,2025,REG,17,2025-12-25,Thursday,20:15,DEN,20.0,KC,13.0,Home,-7.0,33.0,0.0,1,outdoors,grass,GEHA Field at Arrowhead Stadium,True
2025_17_HOU_LAC,2025,REG,17,2025-12-27,Saturday,16:30,HOU,20.0,LAC,16.0,Home,-4.0,36.0,0.0,0,dome,matrixturf,SoFi Stadium,True
2025_17_BAL_GB,2025,REG,17,2025-12-27,Saturday,20:00,BAL,41.0,GB,24.0,Home,-17.0,65.0,0.0,0,outdoors,grass,Lambeau Field,True
2025_17_SEA_CAR,2025,REG,17,2025-12-28,Sunday,13:00,SEA,27.0,CAR,10.0,Home,-17.0,37.0,0.0,0,outdoors,grass,Bank of America Stadium,True
2025_17_ARI_CIN,2025,REG,17,2025-12-28,Sunday,13:00,ARI,14.0,CIN,37.0,Home,23.0,51.0,0.0,0,outdoors,fieldturf,Paycor Stadium,True
2025_17_PIT_CLE,2025,REG,17,2025-12-28,Sunday,13:00,PIT,6.0,CLE,13.0,Home,7.0,19.0,0.0,1,outdoors,grass,FirstEnergy Stadium,True
2025_17_JAX_IND,2025,REG,17,2025-12-28,Sunday,13:00,JAX,23.0,IND,17.0,Home,-6.0,40.0,0.0,1,closed,fieldturf,Lucas Oil Stadium,True
2025_17_TB_MIA,2025,REG,17,2025-12-28,Sunday,13:00,TB,17.0,MIA,20.0,Home,3.0,37.0,0.0,0,outdoors,grass,Hard Rock Stadium,True
2025_17_NE_NYJ,2025,REG,17,2025-12-28,Sunday,13:00,NE,42.0,NYJ,10.0,Home,-32.0,52.0,0.0,1,outdoors,fieldturf,MetLife Stadium,True
2025_17_NO_TEN,2025,REG,17,2025-12-28,Sunday,13:00,NO,34.0,TEN,26.0,Home,-8.0,60.0,0.0,0,outdoors,grass,Nissan Stadium,True
2025_17_NYG_LV,2025,REG,17,2025-12-28,Sunday,16:05,NYG,34.0,LV,10.0,Home,-24.0,44.0,0.0,0,dome,grass,Allegiant Stadium,True
2025_17_PHI_BUF,2025,REG,17,2025-12-28,Sunday,16:25,PHI,13.0,BUF,12.0,Home,-1.0,25.0,0.0,0,outdoors,a_turf,New Era Field,True
2025_17_CHI_SF,2025,REG,17,2025-12-28,Sunday,20:20,CHI,38.0,SF,42.0,Home,4.0,80.0,0.0,0,outdoors,grass,Levi's Stadium,True
2025_17_LA_ATL,2025,REG,17,2025-12-29,Monday,20:15,LA,24.0,ATL,27.0,Home,3.0,51.0,0.0,0,closed,fieldturf,Mercedes-Benz Stadium,True
2025_18_CAR_TB,2025,REG,18,2026-01-03,Saturday,16:30,CAR,14.0,TB,16.0,Home,2.0,30.0,0.0,1,outdoors,grass,Raymond James Stadium,True
2025_18_SEA_SF,2025,REG,18,2026-01-03,Saturday,20:00,SEA,13.0,SF,3.0,Home,-10.0,16.0,0.0,1,outdoors,grass,Levi's Stadium,True
2025_18_NO_ATL,2025,REG,18,2026-01-04,Sunday,13:00,NO,17.0,ATL,19.0,Home,2.0,36.0,0.0,1,closed,fieldturf,Mercedes-Benz Stadium,True
2025_18_CLE_CIN,2025,REG,18,2026-01-04,Sunday,13:00,CLE,20.0,CIN,18.0,Home,-2.0,38.0,0.0,1,outdoors,fieldturf,Paycor Stadium,True
2025_18_IND_HOU,2025,REG,18,2026-01-04,Sunday,13:00,IND,30.0,HOU,38.0,Home,8.0,68.0,0.0,1,closed,astroturf,NRG Stadium,True
2025_18_TEN_JAX,2025,REG,18,2026-01-04,Sunday,13:00,TEN,7.0,JAX,41.0,Home,34.0,48.0,0.0,1,outdoors,grass,TIAA Bank Stadium,True
2025_18_GB_MIN,2025,REG,18,2026-01-04,Sunday,13:00,GB,3.0,MIN,16.0,Home,13.0,19.0,0.0,1,dome,sportturf,U.S. Bank Stadium,True
2025_18_DAL_NYG,2025,REG,18,2026-01-04,Sunday,13:00,DAL,17.0,NYG,34.0,Home,17.0,51.0,0.0,1,outdoors,fieldturf,MetLife Stadium,True
2025_18_NYJ_BUF,2025,REG,18,2026-01-04,Sunday,16:25,NYJ,8.0,BUF,35.0,Home,27.0,43.0,0.0,1,outdoors,a_turf,New Era Field,True
2025_18_DET_CHI,2025,REG,18,2026-01-04,Sunday,16:25,DET,19.0,CHI,16.0,Home,-3.0,35.0,0.0,1,outdoors,grass,Soldier Field,True
2025_18_LAC_DEN,2025,REG,18,2026-01-04,Sunday,16:25,LAC,3.0,DEN,19.0,Home,16.0,22.0,0.0,1,outdoors,grass,Empower Field at Mile High,True
2025_18_ARI_LA,2025,REG,18,2026-01-04,Sunday,16:25,ARI,20.0,LA,37.0,Home,17.0,57.0,0.0,1,dome,matrixturf,SoFi Stadium,True
2025_18_KC_LV,2025,REG,18,2026-01-04,Sunday,16:25,KC,12.0,LV,14.0,Home,2.0,26.0,0.0,1,dome,grass,Allegiant Stadium,True
2025_18_MIA_NE,2025,REG,18,2026-01-04,Sunday,16:25,MIA,10.0,NE,38.0,Home,28.0,48.0,0.0,1,outdoors,fieldturf,Gillette Stadium,True
2025_18_WAS_PHI,2025,REG,18,2026-01-04,Sunday,16:25,WAS,24.0,PHI,17.0,Home,-7.0,41.0,0.0,1,outdoors,grass,Lincoln Financial Field,True
2025_18_BAL_PIT,2025,REG,18,2026-01-04,Sunday,20:20,BAL,24.0,PIT,26.0,Home,2.0,50.0,0.0,1,outdoors,grass,Acrisure Stadium,True
2025_19_LA_CAR,2025,WC,19,2026-01-10,Saturday,16:30,LA,34.0,CAR,31.0,Home,-3.0,65.0,0.0,0,outdoors,grass,Bank of America Stadium,True
2025_19_GB_CHI,2025,WC,19,2026-01-10,Saturday,20:00,GB,27.0,CHI,31.0,Home,4.0,58.0,0.0,1,outdoors,grass,Soldier Field,True
2025_19_BUF_JAX,2025,WC,19,2026-01-11,Sunday,13:00,BUF,27.0,JAX,24.0,Home,-3.0,51.0,0.0,0,outdoors,grass,TIAA Bank Stadium,True
2025_19_SF_PHI,2025,WC,19,2026-01-11,Sunday,16:30,SF,23.0,PHI,19.0,Home,-4.0,42.0,0.0,0,outdoors,grass,Lincoln Financial Field,True
2025_19_LAC_NE,2025,WC,19,2026-01-11,Sunday,20:00,LAC,3.0,NE,16.0,Home,13.0,19.0,0.0,0,outdoors,fieldturf,Gillette Stadium,True
2025_19_HOU_PIT,2025,WC,19,2026-01-12,Monday,20:00,HOU,30.0,PIT,6.0,Home,-24.0,36.0,0.0,0,outdoors,grass,Acrisure Stadium,True
2025_20_BUF_DEN,2025,DIV,20,2026-01-17,Saturday,16:30,BUF,30.0,DEN,33.0,Home,3.0,63.0,1.0,0,outdoors,grass,Empower Field at Mile High,True
2025_20_SF_SEA,2025,DIV,20,2026-01-17,Saturday,20:00,SF,6.0,SEA,41.0,Home,35.0,47.0,0.0,1,outdoors,fieldturf,Lumen Field,True
2025_20_HOU_NE,2025,DIV,20,2026-01-18,Sunday,15:00,HOU,16.0,NE,28.0,Home,12.0,44.0,0.0,0,outdoors,fieldturf,Gillette Stadium,True
2025_20_LA_CHI,2025,DIV,20,2026-01-18,Sunday,18:30,LA,20.0,CHI,17.0,Home,-3.0,37.0,1.0,0,outdoors,grass,Soldier Field,True
2025_21_NE_DEN,2025,CON,21,2026-01-25,Sunday,15:00,NE,10.0,DEN,7.0,Home,-3.0,17.0,0.0,0,outdoors,grass,Empower Field at Mile High,True
2025_21_LA_SEA,2025,CON,21,2026-01-25,Sunday,18:30,LA,27.0,SEA,31.0,Home,4.0,58.0,0.0,1,outdoors,fieldturf,Lumen Field,True
2025_22_SEA_NE,2025,SB,22,2026-02-08,Sunday,18:30,SEA,29.0,NE,13.0,Neutral,-16.0,42.0,0.0,0,outdoors,grass,Levi's Stadium,True
2026_01_NE_SEA,2026,REG,1,2026-09-09,Wednesday,20:20,NE,,SEA,,Home,,,,0,outdoors,fieldturf,Lumen Field,False
2026_01_SF_LA,2026,REG,1,2026-09-10,Thursday,20:35,SF,,LA,,Neutral,,,,1,dome,matrixturf,Melbourne Cricket Ground,False
2026_01_CHI_CAR,2026,REG,1,2026-09-13,Sunday,13:00,CHI,,CAR,,Home,,,,0,outdoors,grass,Bank of America Stadium,False
2026_01_TB_CIN,2026,REG,1,2026-09-13,Sunday,13:00,TB,,CIN,,Home,,,,0,outdoors,fieldturf,Paycor Stadium,False
2026_01_NO_DET,2026,REG,1,2026-09-13,Sunday,13:00,NO,,DET,,Home,,,,0,dome,fieldturf,Ford Field,False
2026_01_BUF_HOU,2026,REG,1,2026-09-13,Sunday,13:00,BUF,,HOU,,Home,,,,0,,astroturf,Reliant Stadium,False
2026_01_BAL_IND,2026,REG,1,2026-09-13,Sunday,13:00,BAL,,IND,,Home,,,,0,,fieldturf,Lucas Oil Stadium,False
2026_01_CLE_JAX,2026,REG,1,2026-09-13,Sunday,13:00,CLE,,JAX,,Home,,,,0,outdoors,grass,EverBank Stadium,False
2026_01_ATL_PIT,2026,REG,1,2026-09-13,Sunday,13:00,ATL,,PIT,,Home,,,,0,outdoors,grass,Acrisure Stadium,False
2026_01_NYJ_TEN,2026,REG,1,2026-09-13,Sunday,13:00,NYJ,,TEN,,Home,,,,0,outdoors,grass,Nissan Stadium,False
2026_01_ARI_LAC,2026,REG,1,2026-09-13,Sunday,16:25,ARI,,LAC,,Home,,,,0,dome,matrixturf,SoFi Stadium,False
2026_01_MIA_LV,2026,REG,1,2026-09-13,Sunday,16:25,MIA,,LV,,Home,,,,0,dome,grass,Allegiant Stadium,False
2026_01_GB_MIN,2026,REG,1,2026-09-13,Sunday,16:25,GB,,MIN,,Home,,,,1,dome,sportturf,U.S. Bank Stadium,False
2026_01_WAS_PHI,2026,REG,1,2026-09-13,Sunday,16:25,WAS,,PHI,,Home,,,,1,outdoors,grass,Lincoln Financial Field,False
2026_01_DAL_NYG,2026,REG,1,2026-09-13,Sunday,20:20,DAL,,NYG,,Home,,,,1,outdoors,fieldturf,MetLife Stadium,False
2026_01_DEN_KC,2026,REG,1,2026-09-14,Monday,20:15,DEN,,KC,,Home,,,,1,outdoors,grass,GEHA Field at Arrowhead Stadium,False
2026_02_DET_BUF,2026,REG,2,2026-09-17,Thursday,20:15,DET,,BUF,,Home,,,,0,outdoors,a_turf,Highmark Stadium,False
2026_02_CAR_ATL,2026,REG,2,2026-09-20,Sunday,13:00,CAR,,ATL,,Home,,,,1,,fieldturf,Mercedes-Benz Stadium,False
2026_02_NO_BAL,2026,REG,2,2026-09-20,Sunday,13:00,NO,,BAL,,Home,,,,0,outdoors,grass,M&T Bank Stadium,False
2026_02_MIN_CHI,2026,REG,2,2026-09-20,Sunday,13:00,MIN,,CHI,,Home,,,,1,outdoors,grass,Soldier Field,False
2026_02_CIN_HOU,2026,REG,2,2026-09-20,Sunday,13:00,CIN,,HOU,,Home,,,,0,,astroturf,Reliant Stadium,False
2026_02_PIT_NE,2026,REG,2,2026-09-20,Sunday,13:00,PIT,,NE,,Home,,,,0,outdoors,fieldturf,Gillette Stadium,False
2026_02_GB_NYJ,2026,REG,2,2026-09-20,Sunday,13:00,GB,,NYJ,,Home,,,,0,outdoors,fieldturf,MetLife Stadium,False
2026_02_CLE_TB,2026,REG,2,2026-09-20,Sunday,13:00,CLE,,TB,,Home,,,,0,outdoors,grass,Raymond James Stadium,False
2026_02_PHI_TEN,2026,REG,2,2026-09-20,Sunday,13:00,PHI,,TEN,,Home,,,,0,outdoors,grass,Nissan Stadium,False
2026_02_JAX_DEN,2026,REG,2,2026-09-20,Sunday,16:05,JAX,,DEN,,Home,,,,0,outdoors,grass,Empower Field at Mile High,False
2026_02_LV_LAC,2026,REG,2,2026-09-20,Sunday,16:05,LV,,LAC,,Home,,,,1,dome,matrixturf,SoFi Stadium,False
2026_02_SEA_ARI,2026,REG,2,2026-09-20,Sunday,16:25,SEA,,ARI,,Home,,,,1,,grass,State Farm Stadium,False
2026_02_WAS_DAL,2026,REG,2,2026-09-20,Sunday,16:25,WAS,,DAL,,Home,,,,1,,matrixturf,AT&T Stadium,False
2026_02_MIA_SF,2026,REG,2,2026-09-20,Sunday,16:25,MIA,,SF,,Home,,,,0,outdoors,grass,Levi's Stadium,False
2026_02_IND_KC,2026,REG,2,2026-09-20,Sunday,20:20,IND,,KC,,Home,,,,0,outdoors,grass,GEHA Field at Arrowhead Stadium,False
2026_02_NYG_LA,2026,REG,2,2026-09-21,Monday,20:15,NYG,,LA,,Home,,,,0,dome,matrixturf,SoFi Stadium,False
2026_03_ATL_GB,2026,REG,3,2026-09-24,Thursday,20:15,ATL,,GB,,Home,,,,0,outdoors,grass,Lambeau Field,False
2026_03_LAC_BUF,2026,REG,3,2026-09-27,Sunday,13:00,LAC,,BUF,,Home,,,,0,outdoors,a_turf,Highmark Stadium,False
2026_03_CAR_CLE,2026,REG,3,2026-09-27,Sunday,13:00,CAR,,CLE,,Home,,,,0,outdoors,grass,Huntington Bank Field,False
2026_03_NYJ_DET,2026,REG,3,2026-09-27,Sunday,13:00,NYJ,,DET,,Home,,,,0,dome,fieldturf,Ford Field,False
2026_03_HOU_IND,2026,REG,3,2026-09-27,Sunday,13:00,HOU,,IND,,Home,,,,1,,fieldturf,Lucas Oil Stadium,False
2026_03_NE_JAX,2026,REG,3,2026-09-27,Sunday,13:00,NE,,JAX,,Home,,,,0,outdoors,grass,EverBank Stadium,False
2026_03_KC_MIA,2026,REG,3,2026-09-27,Sunday,13:00,KC,,MIA,,Home,,,,0,outdoors,grass,Hard Rock Stadium,False
2026_03_TEN_NYG,2026,REG,3,2026-09-27,Sunday,13:00,TEN,,NYG,,Home,,,,0,outdoors,fieldturf,MetLife Stadium,False
2026_03_CIN_PIT,2026,REG,3,2026-09-27,Sunday,13:00,CIN,,PIT,,Home,,,,1,outdoors,grass,Acrisure Stadium,False
2026_03_SEA_WAS,2026,REG,3,2026-09-27,Sunday,13:00,SEA,,WAS,,Home,,,,0,outdoors,grass,Northwest Stadium,False
2026_03_ARI_SF,2026,REG,3,2026-09-27,Sunday,16:05,ARI,,SF,,Home,,,,1,outdoors,grass,Levi's Stadium,False
2026_03_MIN_TB,2026,REG,3,2026-09-27,Sunday,16:05,MIN,,TB,,Home,,,,0,outdoors,grass,Raymond James Stadium,False
2026_03_BAL_DAL,2026,REG,3,2026-09-27,Sunday,16:25,BAL,,DAL,,Neutral,,,,0,,matrixturf,Maracana Stadium,False
2026_03_LV_NO,2026,REG,3,2026-09-27,Sunday,16:25,LV,,NO,,Home,,,,0,dome,sportturf,Caesars Superdome,False
2026_03_LA_DEN,2026,REG,3,2026-09-27,Sunday,20:20,LA,,DEN,,Home,,,,0,outdoors,grass,Empower Field at Mile High,False
2026_03_PHI_CHI,2026,REG,3,2026-09-28,Monday,20:15,PHI,,CHI,,Home,,,,0,outdoors,grass,Soldier Field,False
2026_04_PIT_CLE,2026,REG,4,2026-10-01,Thursday,20:15,PIT,,CLE,,Home,,,,1,outdoors,grass,Huntington Bank Field,False
2026_04_IND_WAS,2026,REG,4,2026-10-04,Sunday,09:30,IND,,WAS,,Neutral,,,,0,outdoors,grass,Tottenham Hotspur Stadium,False
2026_04_TEN_BAL,2026,REG,4,2026-10-04,Sunday,13:00,TEN,,BAL,,Home,,,,0,outdoors,grass,M&T Bank Stadium,False
2026_04_NE_BUF,2026,REG,4,2026-10-04,Sunday,13:00,NE,,BUF,,Home,,,,1,outdoors,a_turf,Highmark Stadium,False
2026_04_NYJ_CHI,2026,REG,4,2026-10-04,Sunday,13:00,NYJ,,CHI,,Home,,,,0,outdoors,grass,Soldier Field,False
2026_04_JAX_CIN,2026,REG,4,2026-10-04,Sunday,13:00,JAX,,CIN,,Home,,,,0,outdoors,fieldturf,Paycor Stadium,False
2026_04_DAL_HOU,2026,REG,4,2026-10-04,Sunday,13:00,DAL,,HOU,,Home,,,,0,,astroturf,Reliant Stadium,False
2026_04_ARI_NYG,2026,REG,4,2026-10-04,Sunday,13:00,ARI,,NYG,,Home,,,,0,outdoors,fieldturf,MetLife Stadium,False
2026_04_LA_PHI,2026,REG,4,2026-10-04,Sunday,13:00,LA,,PHI,,Home,,,,0,outdoors,grass,Lincoln Financial Field,False
2026_04_GB_TB,2026,REG,4,2026-10-04,Sunday,13:00,GB,,TB,,Home,,,,0,outdoors,grass,Raymond James Stadium,False
2026_04_MIA_MIN,2026,REG,4,2026-10-04,Sunday,16:05,MIA,,MIN,,Home,,,,0,dome,sportturf,U.S. Bank Stadium,False
2026_04_KC_LV,2026,REG,4,2026-10-04,Sunday,16:25,KC,,LV,,Home,,,,1,dome,grass,Allegiant Stadium,False
2026_04_LAC_SEA,2026,REG,4,2026-10-04,Sunday,16:25,LAC,,SEA,,Home,,,,0,outdoors,fieldturf,Lumen Field,False
2026_04_DEN_SF,2026,REG,4,2026-10-04,Sunday,16:25,DEN,,SF,,Home,,,,0,outdoors,grass,Levi's Stadium,False
2026_04_DET_CAR,2026,REG,4,2026-10-04,Sunday,20:20,DET,,CAR,,Home,,,,0,outdoors,grass,Bank of America Stadium,False
2026_04_ATL_NO,2026,REG,4,2026-10-05,Monday,20:15,ATL,,NO,,Home,,,,1,dome,sportturf,Caesars Superdome,False
2026_05_TB_DAL,2026,REG,5,2026-10-08,Thursday,20:15,TB,,DAL,,Home,,,,0,,matrixturf,AT&T Stadium,False
2026_05_PHI_JAX,2026,REG,5,2026-10-11,Sunday,09:30,PHI,,JAX,,Home,,,,0,outdoors,grass,Tottenham Hotspur Stadium,False
2026_05_CIN_MIA,2026,REG,5,2026-10-11,Sunday,13:00,CIN,,MIA,,Home,,,,0,outdoors,grass,Hard Rock Stadium,False
2026_05_LV_NE,2026,REG,5,2026-10-11,Sunday,13:00,LV,,NE,,Home,,,,0,outdoors,fieldturf,Gillette Stadium,False
2026_05_MIN_NO,2026,REG,5,2026-10-11,Sunday,13:00,MIN,,NO,,Home,,,,0,dome,sportturf,Caesars Superdome,False
2026_05_CLE_NYJ,2026,REG,5,2026-10-11,Sunday,13:00,CLE,,NYJ,,Home,,,,0,outdoors,fieldturf,MetLife Stadium,False
2026_05_IND_PIT,2026,REG,5,2026-10-11,Sunday,13:00,IND,,PIT,,Home,,,,0,outdoors,grass,Acrisure Stadium,False
2026_05_HOU_TEN,2026,REG,5,2026-10-11,Sunday,13:00,HOU,,TEN,,Home,,,,1,outdoors,grass,Nissan Stadium,False
2026_05_NYG_WAS,2026,REG,5,2026-10-11,Sunday,13:00,NYG,,WAS,,Home,,,,1,outdoors,grass,Northwest Stadium,False
2026_05_DEN_LAC,2026,REG,5,2026-10-11,Sunday,16:05,DEN,,LAC,,Home,,,,1,dome,matrixturf,SoFi Stadium,False
2026_05_DET_ARI,2026,REG,5,2026-10-11,Sunday,16:25,DET,,ARI,,Home,,,,0,,grass,State Farm Stadium,False
2026_05_CHI_GB,2026,REG,5,2026-10-11,Sunday,16:25,CHI,,GB,,Home,,,,1,outdoors,grass,Lambeau Field,False
2026_05_SF_SEA,2026,REG,5,2026-10-11,Sunday,16:25,SF,,SEA,,Home,,,,1,outdoors,fieldturf,Lumen Field,False
2026_05_BAL_ATL,2026,REG,5,2026-10-11,Sunday,20:20,BAL,,ATL,,Home,,,,0,,fieldturf,Mercedes-Benz Stadium,False
2026_05_BUF_LA,2026,REG,5,2026-10-12,Monday,20:15,BUF,,LA,,Home,,,,0,dome,matrixturf,SoFi Stadium,False
2026_06_SEA_DEN,2026,REG,6,2026-10-15,Thursday,20:15,SEA,,DEN,,Home,,,,0,outdoors,grass,Empower Field at Mile High,False
2026_06_HOU_JAX,2026,REG,6,2026-10-18,Sunday,09:30,HOU,,JAX,,Neutral,,,,1,outdoors,grass,Wembley Stadium,False
2026_06_CHI_ATL,2026,REG,6,2026-10-18,Sunday,13:00,CHI,,ATL,,Home,,,,0,,fieldturf,Mercedes-Benz Stadium,False
2026_06_BAL_CLE,2026,REG,6,2026-10-18,Sunday,13:00,BAL,,CLE,,Home,,,,1,outdoors,grass,Huntington Bank Field,False
2026_06_TEN_IND,2026,REG,6,2026-10-18,Sunday,13:00,TEN,,IND,,Home,,,,1,,fieldturf,Lucas Oil Stadium,False
2026_06_NYJ_NE,2026,REG,6,2026-10-18,Sunday,13:00,NYJ,,NE,,Home,,,,1,outdoors,fieldturf,Gillette Stadium,False
2026_06_NO_NYG,2026,REG,6,2026-10-18,Sunday,13:00,NO,,NYG,,Home,,,,0,outdoors,fieldturf,MetLife Stadium,False
2026_06_CAR_PHI,2026,REG,6,2026-10-18,Sunday,13:00,CAR,,PHI,,Home,,,,0,outdoors,grass,Lincoln Financial Field,False
2026_06_PIT_TB,2026,REG,6,2026-10-18,Sunday,13:00,PIT,,TB,,Home,,,,0,outdoors,grass,Raymond James Stadium,False
2026_06_ARI_LA,2026,REG,6,2026-10-18,Sunday,16:05,ARI,,LA,,Home,,,,1,dome,matrixturf,SoFi Stadium,False
2026_06_LAC_KC,2026,REG,6,2026-10-18,Sunday,16:25,LAC,,KC,,Home,,,,1,outdoors,grass,GEHA Field at Arrowhead Stadium,False
2026_06_BUF_LV,2026,REG,6,2026-10-18,Sunday,16:25,BUF,,LV,,Home,,,,0,dome,grass,Allegiant Stadium,False
2026_06_DAL_GB,2026,REG,6,2026-10-18,Sunday,20:20,DAL,,GB,,Home,,,,0,outdoors,grass,Lambeau Field,False
2026_06_WAS_SF,2026,REG,6,2026-10-19,Monday,20:15,WAS,,SF,,Home,,,,0,outdoors,grass,Levi's Stadium,False
2026_07_NE_CHI,2026,REG,7,2026-10-22,Thursday,20:15,NE,,CHI,,Home,,,,0,outdoors,grass,Soldier Field,False
2026_07_PIT_NO,2026,REG,7,2026-10-25,Sunday,09:30,PIT,,NO,,Neutral,,,,0,dome,sportturf,Stade de France,False
2026_07_SF_ATL,2026,REG,7,2026-10-25,Sunday,13:00,SF,,ATL,,Home,,,,0,,fieldturf,Mercedes-Benz Stadium,False
2026_07_CIN_BAL,2026,REG,7,2026-10-25,Sunday,13:00,CIN,,BAL,,Home,,,,1,outdoors,grass,M&T Bank Stadium,False
2026_07_TB_CAR,2026,REG,7,2026-10-25,Sunday,13:00,TB,,CAR,,Home,,,,1,outdoors,grass,Bank of America Stadium,False
2026_07_NYG_HOU,2026,REG,7,2026-10-25,Sunday,13:00,NYG,,HOU,,Home,,,,0,,astroturf,Reliant Stadium,False
2026_07_IND_MIN,2026,REG,7,2026-10-25,Sunday,13:00,IND,,MIN,,Home,,,,0,dome,sportturf,U.S. Bank Stadium,False
2026_07_MIA_NYJ,2026,REG,7,2026-10-25,Sunday,13:00,MIA,,NYJ,,Home,,,,1,outdoors,fieldturf,MetLife Stadium,False
2026_07_CLE_TEN,2026,REG,7,2026-10-25,Sunday,13:00,CLE,,TEN,,Home,,,,0,outdoors,grass,Nissan Stadium,False
2026_07_DEN_ARI,2026,REG,7,2026-10-25,Sunday,16:05,DEN,,ARI,,Home,,,,0,,grass,State Farm Stadium,False
2026_07_GB_DET,2026,REG,7,2026-10-25,Sunday,16:25,GB,,DET,,Home,,,,1,dome,fieldturf,Ford Field,False
2026_07_LA_LV,2026,REG,7,2026-10-25,Sunday,16:25,LA,,LV,,Home,,,,0,dome,grass,Allegiant Stadium,False
2026_07_KC_SEA,2026,REG,7,2026-10-25,Sunday,20:20,KC,,SEA,,Home,,,,0,outdoors,fieldturf,Lumen Field,False
2026_07_DAL_PHI,2026,REG,7,2026-10-26,Monday,20:15,DAL,,PHI,,Home,,,,1,outdoors,grass,Lincoln Financial Field,False
2026_08_CAR_GB,2026,REG,8,2026-10-29,Thursday,20:15,CAR,,GB,,Home,,,,0,outdoors,grass,Lambeau Field,False
2026_08_BAL_BUF,2026,REG,8,2026-11-01,Sunday,13:00,BAL,,BUF,,Home,,,,0,outdoors,a_turf,Highmark Stadium,False
2026_08_TEN_CIN,2026,REG,8,2026-11-01,Sunday,13:00,TEN,,CIN,,Home,,,,0,outdoors,fieldturf,Paycor Stadium,False
2026_08_ARI_DAL,2026,REG,8,2026-11-01,Sunday,13:00,ARI,,DAL,,Home,,,,0,,matrixturf,AT&T Stadium,False
2026_08_MIN_DET,2026,REG,8,2026-11-01,Sunday,13:00,MIN,,DET,,Home,,,,1,dome,fieldturf,Ford Field,False
2026_08_IND_JAX,2026,REG,8,2026-11-01,Sunday,13:00,IND,,JAX,,Home,,,,1,outdoors,grass,EverBank Stadium,False
2026_08_LV_NYJ,2026,REG,8,2026-11-01,Sunday,13:00,LV,,NYJ,,Home,,,,0,outdoors,fieldturf,MetLife Stadium,False
2026_08_CLE_PIT,2026,REG,8,2026-11-01,Sunday,13:00,CLE,,PIT,,Home,,,,1,outdoors,grass,Acrisure Stadium,False
2026_08_ATL_TB,2026,REG,8,2026-11-01,Sunday,13:00,ATL,,TB,,Home,,,,1,outdoors,grass,Raymond James Stadium,False
2026_08_LAC_LA,2026,REG,8,2026-11-01,Sunday,16:05,LAC,,LA,,Home,,,,0,dome,matrixturf,SoFi Stadium,False
2026_08_KC_DEN,2026,REG,8,2026-11-01,Sunday,16:25,KC,,DEN,,Home,,,,1,outdoors,grass,Empower Field at Mile High,False
2026_08_NE_MIA,2026,REG,8,2026-11-01,Sunday,16:25,NE,,MIA,,Home,,,,1,outdoors,grass,Hard Rock Stadium,False
2026_08_PHI_WAS,2026,REG,8,2026-11-01,Sunday,20:20,PHI,,WAS,,Home,,,,1,outdoors,grass,Northwest Stadium,False
2026_08_CHI_SEA,2026,REG,8,2026-11-02,Monday,20:15,CHI,,SEA,,Home,,,,0,outdoors,fieldturf,Lumen Field,False
2026_09_JAX_BAL,2026,REG,9,2026-11-05,Thursday,20:15,JAX,,BAL,,Home,,,,0,outdoors,grass,M&T Bank Stadium,False
2026_09_CIN_ATL,2026,REG,9,2026-11-08,Sunday,09:30,CIN,,ATL,,Neutral,,,,0,,fieldturf,Bernabeu,False
2026_09_DEN_CAR,2026,REG,9,2026-11-08,Sunday,13:00,DEN,,CAR,,Home,,,,0,outdoors,grass,Bank of America Stadium,False
2026_09_DAL_IND,2026,REG,9,2026-11-08,Sunday,13:00,DAL,,IND,,Home,,,,0,,fieldturf,Lucas Oil Stadium,False
2026_09_NYJ_KC,2026,REG,9,2026-11-08,Sunday,13:00,NYJ,,KC,,Home,,,,0,outdoors,grass,GEHA Field at Arrowhead Stadium,False
2026_09_DET_MIA,2026,REG,9,2026-11-08,Sunday,13:00,DET,,MIA,,Home,,,,0,outdoors,grass,Hard Rock Stadium,False
2026_09_CLE_NO,2026,REG,9,2026-11-08,Sunday,13:00,CLE,,NO,,Home,,,,0,dome,sportturf,Caesars Superdome,False
2026_09_NYG_PHI,2026,REG,9,2026-11-08,Sunday,13:00,NYG,,PHI,,Home,,,,1,outdoors,grass,Lincoln Financial Field,False
2026_09_LA_WAS,2026,REG,9,2026-11-08,Sunday,13:00,LA,,WAS,,Home,,,,0,outdoors,grass,Northwest Stadium,False
2026_09_HOU_LAC,2026,REG,9,2026-11-08,Sunday,16:05,HOU,,LAC,,Home,,,,0,dome,matrixturf,SoFi Stadium,False
2026_09_LV_SF,2026,REG,9,2026-11-08,Sunday,16:05,LV,,SF,,Home,,,,0,outdoors,grass,Levi's Stadium,False
2026_09_GB_NE,2026,REG,9,2026-11-08,Sunday,16:25,GB,,NE,,Home,,,,0,outdoors,fieldturf,Gillette Stadium,False
2026_09_ARI_SEA,2026,REG,9,2026-11-08,Sunday,16:25,ARI,,SEA,,Home,,,,1,outdoors,fieldturf,Lumen Field,False
2026_09_TB_CHI,2026,REG,9,2026-11-08,Sunday,20:20,TB,,CHI,,Home,,,,0,outdoors,grass,Soldier Field,False
2026_09_BUF_MIN,2026,REG,9,2026-11-09,Monday,20:15,BUF,,MIN,,Home,,,,0,dome,sportturf,U.S. Bank Stadium,False
2026_10_WAS_NYG,2026,REG,10,2026-11-12,Thursday,20:15,WAS,,NYG,,Home,,,,1,outdoors,fieldturf,MetLife Stadium,False
2026_10_NE_DET,2026,REG,10,2026-11-15,Sunday,09:30,NE,,DET,,Neutral,,,,0,dome,fieldturf,FC Bayern Munich Stadium,False
2026_10_KC_ATL,2026,REG,10,2026-11-15,Sunday,13:00,KC,,ATL,,Home,,,,0,,fieldturf,Mercedes-Benz Stadium,False
2026_10_HOU_CLE,2026,REG,10,2026-11-15,Sunday,13:00,HOU,,CLE,,Home,,,,0,outdoors,grass,Huntington Bank Field,False
2026_10_MIN_GB,2026,REG,10,2026-11-15,Sunday,13:00,MIN,,GB,,Home,,,,1,outdoors,grass,Lambeau Field,False
2026_10_MIA_IND,2026,REG,10,2026-11-15,Sunday,13:00,MIA,,IND,,Home,,,,0,,fieldturf,Lucas Oil Stadium,False
2026_10_CAR_NO,2026,REG,10,2026-11-15,Sunday,13:00,CAR,,NO,,Home,,,,1,dome,sportturf,Caesars Superdome,False
2026_10_BUF_NYJ,2026,REG,10,2026-11-15,Sunday,13:00,BUF,,NYJ,,Home,,,,1,outdoors,fieldturf,MetLife Stadium,False
2026_10_JAX_TEN,2026,REG,10,2026-11-15,Sunday,13:00,JAX,,TEN,,Home,,,,1,outdoors,grass,Nissan Stadium,False
2026_10_LA_ARI,2026,REG,10,2026-11-15,Sunday,16:05,LA,,ARI,,Home,,,,1,,grass,State Farm Stadium,False
2026_10_SEA_LV,2026,REG,10,2026-11-15,Sunday,16:05,SEA,,LV,,Home,,,,0,dome,grass,Allegiant Stadium,False
2026_10_SF_DAL,2026,REG,10,2026-11-15,Sunday,16:25,SF,,DAL,,Home,,,,0,,matrixturf,AT&T Stadium,False
2026_10_PIT_CIN,2026,REG,10,2026-11-15,Sunday,20:20,PIT,,CIN,,Home,,,,1,outdoors,fieldturf,Paycor Stadium,False
2026_10_LAC_BAL,2026,REG,10,2026-11-16,Monday,20:15,LAC,,BAL,,Home,,,,0,outdoors,grass,M&T Bank Stadium,False
2026_11_IND_HOU,2026,REG,11,2026-11-19,Thursday,20:15,IND,,HOU,,Home,,,,1,,astroturf,Reliant Stadium,False
2026_11_MIA_BUF,2026,REG,11,2026-11-22,Sunday,13:00,MIA,,BUF,,Home,,,,1,outdoors,a_turf,Highmark Stadium,False
2026_11_BAL_CAR,2026,REG,11,2026-11-22,Sunday,13:00,BAL,,CAR,,Home,,,,0,outdoors,grass,Bank of America Stadium,False
2026_11_NO_CHI,2026,REG,11,2026-11-22,Sunday,13:00,NO,,CHI,,Home,,,,0,outdoors,grass,Soldier Field,False
2026_11_TEN_DAL,2026,REG,11,2026-11-22,Sunday,13:00,TEN,,DAL,,Home,,,,0,,matrixturf,AT&T Stadium,False
2026_11_TB_DET,2026,REG,11,2026-11-22,Sunday,13:00,TB,,DET,,Home,,,,0,dome,fieldturf,Ford Field,False
2026_11_ARI_KC,2026,REG,11,2026-11-22,Sunday,13:00,ARI,,KC,,Home,,,,0,outdoors,grass,GEHA Field at Arrowhead Stadium,False
2026_11_JAX_NYG,2026,REG,11,2026-11-22,Sunday,13:00,JAX,,NYG,,Home,,,,0,outdoors,fieldturf,MetLife Stadium,False
2026_11_NYJ_LAC,2026,REG,11,2026-11-22,Sunday,16:05,NYJ,,LAC,,Home,,,,0,dome,matrixturf,SoFi Stadium,False
2026_11_LV_DEN,2026,REG,11,2026-11-22,Sunday,16:25,LV,,DEN,,Home,,,,1,outdoors,grass,Empower Field at Mile High,False
2026_11_PIT_PHI,2026,REG,11,2026-11-22,Sunday,16:25,PIT,,PHI,,Home,,,,0,outdoors,grass,Lincoln Financial Field,False
2026_11_MIN_SF,2026,REG,11,2026-11-22,Sunday,20:20,MIN,,SF,,Neutral,,,,0,outdoors,grass,Estadio Banorte,False
2026_11_CIN_WAS,2026,REG,11,2026-11-23,Monday,20:15,CIN,,WAS,,Home,,,,0,outdoors,grass,Northwest Stadium,False
2026_12_GB_LA,2026,REG,12,2026-11-25,Wednesday,20:00,GB,,LA,,Home,,,,0,dome,matrixturf,SoFi Stadium,False
2026_12_CHI_DET,2026,REG,12,2026-11-26,Thursday,13:00,CHI,,DET,,Home,,,,1,dome,fieldturf,Ford Field,False
2026_12_PHI_DAL,2026,REG,12,2026-11-26,Thursday,16:30,PHI,,DAL,,Home,,,,1,,matrixturf,AT&T Stadium,False
2026_12_KC_BUF,2026,REG,12,2026-11-26,Thursday,20:20,KC,,BUF,,Home,,,,0,outdoors,a_turf,Highmark Stadium,False
2026_12_DEN_PIT,2026,REG,12,2026-11-27,Friday,15:00,DEN,,PIT,,Home,,,,0,outdoors,grass,Acrisure Stadium,False
2026_12_NO_CIN,2026,REG,12,2026-11-29,Sunday,13:00,NO,,CIN,,Home,,,,0,outdoors,fieldturf,Paycor Stadium,False
2026_12_LV_CLE,2026,REG,12,2026-11-29,Sunday,13:00,LV,,CLE,,Home,,,,0,outdoors,grass,Huntington Bank Field,False
2026_12_BAL_HOU,2026,REG,12,2026-11-29,Sunday,13:00,BAL,,HOU,,Home,,,,0,,astroturf,Reliant Stadium,False
2026_12_NYG_IND,2026,REG,12,2026-11-29,Sunday,13:00,NYG,,IND,,Home,,,,0,,fieldturf,Lucas Oil Stadium,False
2026_12_NYJ_MIA,2026,REG,12,2026-11-29,Sunday,13:00,NYJ,,MIA,,Home,,,,1,outdoors,grass,Hard Rock Stadium,False
2026_12_ATL_MIN,2026,REG,12,2026-11-29,Sunday,13:00,ATL,,MIN,,Home,,,,0,dome,sportturf,U.S. Bank Stadium,False
2026_12_TEN_JAX,2026,REG,12,2026-11-29,Sunday,16:05,TEN,,JAX,,Home,,,,1,outdoors,grass,EverBank Stadium,False
2026_12_WAS_ARI,2026,REG,12,2026-11-29,Sunday,16:25,WAS,,ARI,,Home,,,,0,,grass,State Farm Stadium,False
2026_12_SEA_SF,2026,REG,12,2026-11-29,Sunday,16:25,SEA,,SF,,Home,,,,1,outdoors,grass,Levi's Stadium,False
2026_12_NE_LAC,2026,REG,12,2026-11-29,Sunday,20:20,NE,,LAC,,Home,,,,0,dome,matrixturf,SoFi Stadium,False
2026_12_CAR_TB,2026,REG,12,2026-11-30,Monday,20:15,CAR,,TB,,Home,,,,1,outdoors,grass,Raymond James Stadium,False
2026_13_KC_LA,2026,REG,13,2026-12-03,Thursday,20:15,KC,,LA,,Home,,,,0,dome,matrixturf,SoFi Stadium,False
2026_13_DET_ATL,2026,REG,13,2026-12-06,Sunday,13:00,DET,,ATL,,Home,,,,0,,fieldturf,Mercedes-Benz Stadium,False
2026_13_JAX_CHI,2026,REG,13,2026-12-06,Sunday,13:00,JAX,,CHI,,Home,,,,0,outdoors,grass,Soldier Field,False
2026_13_CIN_CLE,2026,REG,13,2026-12-06,Sunday,13:00,CIN,,CLE,,Home,,,,1,outdoors,grass,Huntington Bank Field,False
2026_13_GB_NO,2026,REG,13,2026-12-06,Sunday,13:00,GB,,NO,,Home,,,,0,dome,sportturf,Caesars Superdome,False
2026_13_SF_NYG,2026,REG,13,2026-12-06,Sunday,13:00,SF,,NYG,,Home,,,,0,outdoors,fieldturf,MetLife Stadium,False
2026_13_LAC_TB,2026,REG,13,2026-12-06,Sunday,13:00,LAC,,TB,,Home,,,,0,outdoors,grass,Raymond James Stadium,False
2026_13_WAS_TEN,2026,REG,13,2026-12-06,Sunday,13:00,WAS,,TEN,,Home,,,,0,outdoors,grass,Nissan Stadium,False
2026_13_PHI_ARI,2026,REG,13,2026-12-06,Sunday,16:05,PHI,,ARI,,Home,,,,0,,grass,State Farm Stadium,False
2026_13_MIA_DEN,2026,REG,13,2026-12-06,Sunday,16:05,MIA,,DEN,,Home,,,,0,outdoors,grass,Empower Field at Mile High,False
2026_13_CAR_MIN,2026,REG,13,2026-12-06,Sunday,16:25,CAR,,MIN,,Home,,,,0,dome,sportturf,U.S. Bank Stadium,False
2026_13_BUF_NE,2026,REG,13,2026-12-06,Sunday,16:25,BUF,,NE,,Home,,,,1,outdoors,fieldturf,Gillette Stadium,False
2026_13_HOU_PIT,2026,REG,13,2026-12-06,Sunday,20:20,HOU,,PIT,,Home,,,,0,outdoors,grass,Acrisure Stadium,False
2026_13_DAL_SEA,2026,REG,13,2026-12-07,Monday,20:15,DAL,,SEA,,Home,,,,0,outdoors,fieldturf,Lumen Field,False
2026_14_MIN_NE,2026,REG,14,2026-12-10,Thursday,20:15,MIN,,NE,,Home,,,,0,outdoors,fieldturf,Gillette Stadium,False
2026_14_TB_BAL,2026,REG,14,2026-12-13,Sunday,13:00,TB,,BAL,,Home,,,,0,outdoors,grass,M&T Bank Stadium,False
2026_14_NO_CAR,2026,REG,14,2026-12-13,Sunday,13:00,NO,,CAR,,Home,,,,1,outdoors,grass,Bank of America Stadium,False
2026_14_ATL_CLE,2026,REG,14,2026-12-13,Sunday,13:00,ATL,,CLE,,Home,,,,0,outdoors,grass,Huntington Bank Field,False
2026_14_TEN_DET,2026,REG,14,2026-12-13,Sunday,13:00,TEN,,DET,,Home,,,,0,dome,fieldturf,Ford Field,False
2026_14_CHI_MIA,2026,REG,14,2026-12-13,Sunday,13:00,CHI,,MIA,,Home,,,,0,outdoors,grass,Hard Rock Stadium,False
2026_14_DEN_NYJ,2026,REG,14,2026-12-13,Sunday,13:00,DEN,,NYJ,,Home,,,,0,outdoors,fieldturf,MetLife Stadium,False
2026_14_IND_PHI,2026,REG,14,2026-12-13,Sunday,13:00,IND,,PHI,,Home,,,,0,outdoors,grass,Lincoln Financial Field,False
2026_14_HOU_WAS,2026,REG,14,2026-12-13,Sunday,13:00,HOU,,WAS,,Home,,,,0,outdoors,grass,Northwest Stadium,False
2026_14_LAC_LV,2026,REG,14,2026-12-13,Sunday,16:05,LAC,,LV,,Home,,,,1,dome,grass,Allegiant Stadium,False
2026_14_KC_CIN,2026,REG,14,2026-12-13,Sunday,16:25,KC,,CIN,,Home,,,,0,outdoors,fieldturf,Paycor Stadium,False
2026_14_NYG_SEA,2026,REG,14,2026-12-13,Sunday,16:25,NYG,,SEA,,Home,,,,0,outdoors,fieldturf,Lumen Field,False
2026_14_LA_SF,2026,REG,14,2026-12-13,Sunday,16:25,LA,,SF,,Home,,,,1,outdoors,grass,Levi's Stadium,False
2026_14_BUF_GB,2026,REG,14,2026-12-13,Sunday,20:20,BUF,,GB,,Home,,,,0,outdoors,grass,Lambeau Field,False
2026_14_PIT_JAX,2026,REG,14,2026-12-14,Monday,20:15,PIT,,JAX,,Home,,,,0,outdoors,grass,EverBank Stadium,False
2026_15_SF_LAC,2026,REG,15,2026-12-17,Thursday,20:15,SF,,LAC,,Home,,,,0,dome,matrixturf,SoFi Stadium,False
2026_15_SEA_PHI,2026,REG,15,2026-12-19,Saturday,17:00,SEA,,PHI,,Home,,,,0,outdoors,grass,Lincoln Financial Field,False
2026_15_CHI_BUF,2026,REG,15,2026-12-19,Saturday,20:20,CHI,,BUF,,Home,,,,0,outdoors,a_turf,Highmark Stadium,False
2026_15_CIN_CAR,2026,REG,15,2026-12-20,Sunday,13:00,CIN,,CAR,,Home,,,,0,outdoors,grass,Bank of America Stadium,False
2026_15_MIA_GB,2026,REG,15,2026-12-20,Sunday,13:00,MIA,,GB,,Home,,,,0,outdoors,grass,Lambeau Field,False
2026_15_JAX_HOU,2026,REG,15,2026-12-20,Sunday,13:00,JAX,,HOU,,Home,,,,1,,astroturf,Reliant Stadium,False
2026_15_CLE_NYG,2026,REG,15,2026-12-20,Sunday,13:00,CLE,,NYG,,Home,,,,0,outdoors,fieldturf,MetLife Stadium,False
2026_15_BAL_PIT,2026,REG,15,2026-12-20,Sunday,13:00,BAL,,PIT,,Home,,,,1,outdoors,grass,Acrisure Stadium,False
2026_15_NO_TB,2026,REG,15,2026-12-20,Sunday,13:00,NO,,TB,,Home,,,,1,outdoors,grass,Raymond James Stadium,False
2026_15_IND_TEN,2026,REG,15,2026-12-20,Sunday,13:00,IND,,TEN,,Home,,,,1,outdoors,grass,Nissan Stadium,False
2026_15_ATL_WAS,2026,REG,15,2026-12-20,Sunday,13:00,ATL,,WAS,,Home,,,,0,outdoors,grass,Northwest Stadium,False
2026_15_NYJ_ARI,2026,REG,15,2026-12-20,Sunday,16:05,NYJ,,ARI,,Home,,,,0,,grass,State Farm Stadium,False
2026_15_DAL_LA,2026,REG,15,2026-12-20,Sunday,16:25,DAL,,LA,,Home,,,,0,dome,matrixturf,SoFi Stadium,False
2026_15_DEN_LV,2026,REG,15,2026-12-20,Sunday,16:25,DEN,,LV,,Home,,,,1,dome,grass,Allegiant Stadium,False
2026_15_DET_MIN,2026,REG,15,2026-12-20,Sunday,20:20,DET,,MIN,,Home,,,,1,dome,sportturf,U.S. Bank Stadium,False
2026_15_NE_KC,2026,REG,15,2026-12-21,Monday,20:15,NE,,KC,,Home,,,,0,outdoors,grass,GEHA Field at Arrowhead Stadium,False
2026_16_HOU_PHI,2026,REG,16,2026-12-24,Thursday,20:15,HOU,,PHI,,Home,,,,0,outdoors,grass,Lincoln Financial Field,False
2026_16_GB_CHI,2026,REG,16,2026-12-25,Friday,13:00,GB,,CHI,,Home,,,,1,outdoors,grass,Soldier Field,False
2026_16_BUF_DEN,2026,REG,16,2026-12-25,Friday,16:30,BUF,,DEN,,Home,,,,0,outdoors,grass,Empower Field at Mile High,False
2026_16_LA_SEA,2026,REG,16,2026-12-25,Friday,20:15,LA,,SEA,,Home,,,,1,outdoors,fieldturf,Lumen Field,False
2026_16_TB_ATL,2026,REG,16,2026-12-27,Sunday,13:00,TB,,ATL,,Home,,,,1,,fieldturf,Mercedes-Benz Stadium,False
2026_16_CLE_BAL,2026,REG,16,2026-12-27,Sunday,13:00,CLE,,BAL,,Home,,,,1,outdoors,grass,M&T Bank Stadium,False
2026_16_CIN_IND,2026,REG,16,2026-12-27,Sunday,13:00,CIN,,IND,,Home,,,,0,,fieldturf,Lucas Oil Stadium,False
2026_16_LAC_MIA,2026,REG,16,2026-12-27,Sunday,13:00,LAC,,MIA,,Home,,,,0,outdoors,grass,Hard Rock Stadium,False
2026_16_WAS_MIN,2026,REG,16,2026-12-27,Sunday,13:00,WAS,,MIN,,Home,,,,0,dome,sportturf,U.S. Bank Stadium,False
2026_16_ARI_NO,2026,REG,16,2026-12-27,Sunday,13:00,ARI,,NO,,Home,,,,0,dome,sportturf,Caesars Superdome,False
2026_16_NE_NYJ,2026,REG,16,2026-12-27,Sunday,13:00,NE,,NYJ,,Home,,,,1,outdoors,fieldturf,MetLife Stadium,False
2026_16_CAR_PIT,2026,REG,16,2026-12-27,Sunday,13:00,CAR,,PIT,,Home,,,,0,outdoors,grass,Acrisure Stadium,False
2026_16_TEN_LV,2026,REG,16,2026-12-27,Sunday,16:05,TEN,,LV,,Home,,,,0,dome,grass,Allegiant Stadium,False
2026_16_SF_KC,2026,REG,16,2026-12-27,Sunday,16:25,SF,,KC,,Home,,,,0,outdoors,grass,GEHA Field at Arrowhead Stadium,False
2026_16_JAX_DAL,2026,REG,16,2026-12-27,Sunday,20:20,JAX,,DAL,,Home,,,,0,,matrixturf,AT&T Stadium,False
2026_16_NYG_DET,2026,REG,16,2026-12-28,Monday,20:15,NYG,,DET,,Home,,,,0,dome,fieldturf,Ford Field,False
2026_17_BAL_CIN,2026,REG,17,2026-12-31,Thursday,20:15,BAL,,CIN,,Home,,,,1,outdoors,fieldturf,Paycor Stadium,False
2026_17_NO_ATL,2026,REG,17,2027-01-03,Sunday,13:00,NO,,ATL,,Home,,,,1,,fieldturf,Mercedes-Benz Stadium,False
2026_17_SEA_CAR,2026,REG,17,2027-01-03,Sunday,13:00,SEA,,CAR,,Home,,,,0,outdoors,grass,Bank of America Stadium,False
2026_17_IND_CLE,2026,REG,17,2027-01-03,Sunday,13:00,IND,,CLE,,Home,,,,0,outdoors,grass,Huntington Bank Field,False
2026_17_NYG_DAL,2026,REG,17,2027-01-03,Sunday,13:00,NYG,,DAL,,Home,,,,1,,matrixturf,AT&T Stadium,False
2026_17_WAS_JAX,2026,REG,17,2027-01-03,Sunday,13:00,WAS,,JAX,,Home,,,,0,outdoors,grass,EverBank Stadium,False
2026_17_KC_LAC,2026,REG,17,2027-01-03,Sunday,13:00,KC,,LAC,,Home,,,,1,dome,matrixturf,SoFi Stadium,False
2026_17_BUF_MIA,2026,REG,17,2027-01-03,Sunday,13:00,BUF,,MIA,,Home,,,,1,outdoors,grass,Hard Rock Stadium,False
2026_17_DEN_NE,2026,REG,17,2027-01-03,Sunday,13:00,DEN,,NE,,Home,,,,0,outdoors,fieldturf,Gillette Stadium,False
2026_17_MIN_NYJ,2026,REG,17,2027-01-03,Sunday,13:00,MIN,,NYJ,,Home,,,,0,outdoors,fieldturf,MetLife Stadium,False
2026_17_LA_TB,2026,REG,17,2027-01-03,Sunday,13:00,LA,,TB,,Home,,,,0,outdoors,grass,Raymond James Stadium,False
2026_17_PIT_TEN,2026,REG,17,2027-01-03,Sunday,13:00,PIT,,TEN,,Home,,,,0,outdoors,grass,Nissan Stadium,False
2026_17_LV_ARI,2026,REG,17,2027-01-03,Sunday,16:05,LV,,ARI,,Home,,,,0,,grass,State Farm Stadium,False
2026_17_DET_CHI,2026,REG,17,2027-01-03,Sunday,16:25,DET,,CHI,,Home,,,,1,outdoors,grass,Soldier Field,False
2026_17_PHI_SF,2026,REG,17,2027-01-03,Sunday,20:20,PHI,,SF,,Home,,,,0,outdoors,grass,Levi's Stadium,False
2026_17_HOU_GB,2026,REG,17,2027-01-04,Monday,20:15,HOU,,GB,,Home,,,,0,outdoors,grass,Lambeau Field,False
2026_18_SF_ARI,2026,REG,18,2027-01-10,Sunday,13:00,SF,,ARI,,Home,,,,1,,grass,State Farm Stadium,False
2026_18_PIT_BAL,2026,REG,18,2027-01-10,Sunday,13:00,PIT,,BAL,,Home,,,,1,outdoors,grass,M&T Bank Stadium,False
2026_18_NYJ_BUF,2026,REG,18,2027-01-10,Sunday,13:00,NYJ,,BUF,,Home,,,,1,outdoors,a_turf,Highmark Stadium,False
2026_18_ATL_CAR,2026,REG,18,2027-01-10,Sunday,13:00,ATL,,CAR,,Home,,,,1,outdoors,grass,Bank of America Stadium,False
2026_18_CLE_CIN,2026,REG,18,2027-01-10,Sunday,13:00,CLE,,CIN,,Home,,,,1,outdoors,fieldturf,Paycor Stadium,False
2026_18_LAC_DEN,2026,REG,18,2027-01-10,Sunday,13:00,LAC,,DEN,,Home,,,,1,outdoors,grass,Empower Field at Mile High,False
2026_18_DET_GB,2026,REG,18,2027-01-10,Sunday,13:00,DET,,GB,,Home,,,,1,outdoors,grass,Lambeau Field,False
2026_18_TEN_HOU,2026,REG,18,2027-01-10,Sunday,13:00,TEN,,HOU,,Home,,,,1,,astroturf,Reliant Stadium,False
2026_18_JAX_IND,2026,REG,18,2027-01-10,Sunday,13:00,JAX,,IND,,Home,,,,1,,fieldturf,Lucas Oil Stadium,False
2026_18_LV_KC,2026,REG,18,2027-01-10,Sunday,13:00,LV,,KC,,Home,,,,1,outdoors,grass,GEHA Field at Arrowhead Stadium,False
2026_18_SEA_LA,2026,REG,18,2027-01-10,Sunday,13:00,SEA,,LA,,Home,,,,1,dome,matrixturf,SoFi Stadium,False
2026_18_CHI_MIN,2026,REG,18,2027-01-10,Sunday,13:00,CHI,,MIN,,Home,,,,1,dome,sportturf,U.S. Bank Stadium,False
2026_18_MIA_NE,2026,REG,18,2027-01-10,Sunday,13:00,MIA,,NE,,Home,,,,1,outdoors,fieldturf,Gillette Stadium,False
2026_18_TB_NO,2026,REG,18,2027-01-10,Sunday,13:00,TB,,NO,,Home,,,,1,dome,sportturf,Caesars Superdome,False
2026_18_PHI_NYG,2026,REG,18,2027-01-10,Sunday,13:00,PHI,,NYG,,Home,,,,1,outdoors,fieldturf,MetLife Stadium,False
2026_18_DAL_WAS,2026,REG,18,2027-01-10,Sunday,13:00,DAL,,WAS,,Home,,,,1,outdoors,grass,Northwest Stadium,False
