athlete_id,name,general_gamesPlayed,general_fumblesForced,general_fumblesRecovered,general_fumblesTouchdowns,passing_completions,passing_passingAttempts,passing_completionPct,passing_passingYards,passing_yardsPerPassAttempt,passing_passingYardsPerGame,passing_longPassing,passing_passingTouchdowns,passing_interceptions,passing_sacks,passing_sackYardsLost,passing_QBR,passing_QBRating,passing_adjQBR,rushing_rushingAttempts,rushing_rushingYards,rushing_yardsPerRushAttempt,rushing_longRushing,rushing_rushingBigPlays,rushing_rushingTouchdowns,rushing_rushingYardsPerGame,rushing_rushingFumbles,rushing_rushingFumblesLost,rushing_rushingFirstDowns,receiving_receptions,receiving_receivingTargets,receiving_receivingYards,receiving_yardsPerReception,receiving_receivingTouchdowns,receiving_longReception,receiving_receivingBigPlays,receiving_receivingYardsPerGame,receiving_receivingFumbles,receiving_receivingFumblesLost,receiving_receivingYardsAfterCatch,receiving_receivingFirstDowns,defensive_soloTackles,defensive_assistTackles,defensive_totalTackles,defensive_sacks,defensive_sackYards,defensive_tacklesForLoss,defensive_passesDefended,defensive_longInterception,defensiveinterceptions_interceptions,defensiveinterceptions_interceptionYards,defensiveinterceptions_interceptionTouchdowns,scoring_rushingTouchdowns,scoring_receivingTouchdowns,scoring_returnTouchdowns,scoring_totalTouchdowns,scoring_fieldGoals,scoring_kickExtraPoints,scoring_totalTwoPointConvs,scoring_totalPoints,scoring_totalPointsPerGame,returning_kickReturns,returning_kickReturnYards,returning_yardsPerKickReturn,returning_longKickReturn,returning_kickReturnTouchdowns,returning_puntReturns,returning_puntReturnYards,returning_yardsPerPuntReturn,returning_longPuntReturn,returning_puntReturnTouchdowns,returning_puntReturnFairCatches,kicking_fieldGoalsMade,kicking_fieldGoalAttempts,kicking_fieldGoalPct,kicking_longFieldGoalMade,kicking_fieldGoalsMade1_19,kicking_fieldGoalsMade20_29,kicking_fieldGoalsMade30_39,kicking_fieldGoalsMade40_49,kicking_fieldGoalsMade50,kicking_fieldGoalAttempts1_19,kicking_fieldGoalAttempts20_29,kicking_fieldGoalAttempts30_39,kicking_fieldGoalAttempts40_49,kicking_fieldGoalAttempts50,kicking_extraPointsMade,kicking_extraPointAttempts,kicking_extraPointPct,punting_punts,punting_puntYards,punting_longPunt,punting_grossAvgPuntYards,punting_netAvgPuntYards,punting_puntsBlocked,punting_puntsInside20,punting_touchbacks,punting_fairCatches,punting_puntReturns,punting_puntReturnYards,punting_avgPuntReturnYards,team,position,season,fantasy_points_standard,fantasy_points_half_ppr,fantasy_points_ppr
3117251,Christian McCaffrey,17.0,0.0,0.0,0.0,0.0,1.0,0.0,0.0,0.0,0.0,0.0,0.0,0.0,0.0,0.0,1.49,39.58300018310547,2.66,311.0,1202.0,3.865000009536743,41.0,3.0,10.0,70.70587921142578,1.0,0.0,71.0,102.0,129.0,924.0,9.059000015258789,7.0,39.0,7.0,54.35293960571289,1.0,0.0,720.0,49.0,3.0,1.0,4.0,0.0,0.0,0.0,0.0,0.0,0.0,0.0,0.0,10.0,7.0,0.0,17.0,0.0,0.0,0.0,102.0,6.0,,,,,,,,,,,,,,,,,,,,,,,,,,,,,,,,,,,,,,,,,SF,RB,2025,314.6,365.6,416.6
4426515,Puka Nacua,16.0,,,0.0,0.0,0.0,0.0,0.0,0.0,0.0,0.0,0.0,0.0,0.0,0.0,,39.58300018310547,,10.0,105.0,10.5,45.0,1.0,1.0,6.5625,0.0,0.0,5.0,129.0,166.0,1715.0,13.295000076293945,10.0,58.0,27.0,107.1875,1.0,1.0,666.0,80.0,,,,,,,,,,,,1.0,10.0,0.0,11.0,0.0,0.0,0.0,66.0,4.125,,,,,,,,,,,,,,,,,,,,,,,,,,,,,,,,,,,,,,,,,LAR,WR,2025,246.0,310.5,375.0
4430807,Bijan Robinson,17.0,0.0,0.0,0.0,0.0,0.0,0.0,0.0,0.0,0.0,0.0,0.0,0.0,0.0,0.0,,39.58300018310547,,287.0,1478.0,5.150000095367432,93.0,8.0,7.0,86.94117736816406,3.0,2.0,63.0,79.0,103.0,820.0,10.380000114440918,4.0,69.0,10.0,48.235294342041016,1.0,1.0,857.0,34.0,0.0,0.0,0.0,0.0,0.0,0.0,0.0,0.0,0.0,0.0,0.0,7.0,4.0,0.0,11.0,0.0,0.0,1.0,68.0,4.0,,,,,,,,,,,,,,,,,,,,,,,,,,,,,,,,,,,,,,,,,ATL,RB,2025,289.8,329.3,368.8
4429795,Jahmyr Gibbs,17.0,0.0,0.0,0.0,0.0,0.0,0.0,0.0,0.0,0.0,0.0,0.0,0.0,0.0,0.0,,39.58300018310547,,243.0,1223.0,5.0329999923706055,78.0,10.0,13.0,71.94117736816406,2.0,1.0,56.0,77.0,94.0,616.0,8.0,5.0,42.0,7.0,36.235294342041016,0.0,0.0,615.0,28.0,0.0,0.0,0.0,0.0,0.0,0.0,0.0,0.0,0.0,0.0,0.0,13.0,5.0,0.0,18.0,0.0,0.0,0.0,108.0,6.353000164031982,,,,,,,,,,,,,,,,,,,,,,,,,,,,,,,,,,,,,,,,,DET,RB,2025,289.9,328.4,366.9
3918298,Josh Allen,17.0,0.0,0.0,-17.0,319.0,460.0,69.3479995727539,3668.0,7.973999977111816,215.76470947265625,54.0,25.0,10.0,40.0,298.0,65.06,102.15599822998047,65.42,112.0,579.0,5.170000076293945,40.0,5.0,14.0,34.05882263183594,6.0,2.0,46.0,0.0,0.0,0.0,0.0,0.0,0.0,0.0,0.0,0.0,0.0,0.0,0.0,0.0,0.0,0.0,0.0,0.0,0.0,0.0,0.0,0.0,0.0,0.0,14.0,0.0,0.0,14.0,0.0,0.0,0.0,84.0,4.940999984741211,,,,,,,,,,,,,,,,,,,,,,,,,,,,,,,,,,,,,,,,,BUF,QB,2025,364.62,364.62,364.62
4242335,Jonathan Taylor,17.0,0.0,0.0,0.0,0.0,0.0,0.0,0.0,0.0,0.0,0.0,0.0,0.0,0.0,0.0,,39.58300018310547,,323.0,1585.0,4.9070000648498535,83.0,9.0,18.0,93.23529052734375,1.0,1.0,84.0,46.0,55.0,378.0,8.217000007629395,2.0,43.0,3.0,22.235294342041016,1.0,0.0,434.0,15.0,1.0,0.0,1.0,0.0,0.0,0.0,0.0,0.0,0.0,0.0,0.0,18.0,2.0,0.0,20.0,0.0,0.0,1.0,122.0,7.176000118255615,,,,,,,,,,,,,,,,,,,,,,,,,,,,,,,,,,,,,,,,,IND,RB,2025,314.3,337.3,360.3
4430878,Jaxon Smith-Njigba,17.0,0.0,0.0,0.0,0.0,0.0,0.0,0.0,0.0,0.0,0.0,0.0,0.0,0.0,0.0,,39.58300018310547,,7.0,36.0,5.14300012588501,11.0,0.0,0.0,2.117647171020508,0.0,0.0,2.0,119.0,163.0,1793.0,15.067000389099121,10.0,63.0,27.0,105.47058868408203,3.0,1.0,528.0,79.0,3.0,0.0,3.0,0.0,0.0,0.0,0.0,0.0,0.0,0.0,0.0,0.0,10.0,0.0,10.0,0.0,0.0,0.0,60.0,3.5290000438690186,,,,,,,,,,,,,,,,,,,,,,,,,,,,,,,,,,,,,,,,,SEA,WR,2025,240.9,300.4,359.9
12483,Matthew Stafford,17.0,0.0,0.0,-30.0,388.0,597.0,64.99199676513672,4707.0,7.883999824523926,276.8823547363281,88.0,46.0,8.0,23.0,150.0,70.99,109.19499969482422,71.17,29.0,1.0,0.03400000184774399,6.0,0.0,0.0,0.05882352963089943,3.0,1.0,0.0,0.0,0.0,0.0,0.0,0.0,0.0,0.0,0.0,0.0,0.0,0.0,0.0,1.0,0.0,1.0,0.0,0.0,0.0,0.0,0.0,0.0,0.0,0.0,0.0,0.0,0.0,0.0,0.0,0.0,0.0,0.0,0.0,,,,,,,,,,,,,,,,,,,,,,,,,,,,,,,,,,,,,,,,,LAR,QB,2025,354.38,354.38,354.38
4431452,Drake Maye,17.0,0.0,0.0,-7.0,354.0,492.0,71.95099639892578,4394.0,8.930999755859375,258.4705810546875,72.0,31.0,8.0,47.0,201.0,78.17,113.48200225830078,77.06,103.0,450.0,4.36899995803833,28.0,2.0,4.0,26.47058868408203,2.0,0.0,38.0,1.0,1.0,2.0,2.0,0.0,2.0,0.0,0.11764705926179886,0.0,0.0,10.0,0.0,0.0,0.0,0.0,0.0,0.0,0.0,0.0,0.0,0.0,0.0,0.0,4.0,0.0,0.0,4.0,0.0,0.0,1.0,26.0,1.5290000438690186,,,,,,,,,,,,,,,,,,,,,,,,,,,,,,,,,,,,,,,,,NE,QB,2025,352.96,353.46,353.96
4360310,Trevor Lawrence,17.0,0.0,0.0,0.0,341.0,560.0,60.893001556396484,4007.0,7.15500020980835,235.7058868408203,63.0,29.0,12.0,41.0,247.0,57.14,90.9749984741211,58.32,82.0,359.0,4.377999782562256,21.0,2.0,9.0,21.117647171020508,2.0,1.0,40.0,0.0,0.0,0.0,0.0,0.0,0.0,0.0,0.0,0.0,0.0,0.0,0.0,0.0,0.0,0.0,0.0,0.0,0.0,0.0,0.0,0.0,0.0,0.0,9.0,0.0,0.0,9.0,0.0,0.0,1.0,56.0,3.2939999103546143,,,,,,,,,,,,,,,,,,,,,,,,,,,,,,,,,,,,,,,,,JAX,QB,2025,340.17999999999995,340.17999999999995,340.17999999999995
4374302,Amon-Ra St. Brown,17.0,0.0,0.0,0.0,0.0,0.0,0.0,0.0,0.0,0.0,0.0,0.0,0.0,0.0,0.0,,39.58300018310547,,3.0,9.0,3.0,6.0,0.0,0.0,0.529411792755127,0.0,0.0,1.0,117.0,172.0,1401.0,11.973999977111816,11.0,52.0,19.0,82.4117660522461,1.0,0.0,570.0,71.0,4.0,1.0,5.0,0.0,0.0,0.0,0.0,0.0,0.0,0.0,0.0,0.0,11.0,0.0,11.0,0.0,0.0,0.0,66.0,3.881999969482422,0.0,0.0,0.0,0.0,0.0,0.0,0.0,0.0,0.0,0.0,0.0,0.0,0.0,0.0,0.0,0.0,0.0,0.0,0.0,0.0,0.0,0.0,0.0,0.0,0.0,0.0,0.0,0.0,,,,,,,,,,,,,DET,WR,2025,207.0,265.5,324.0
4429160,De'Von Achane,16.0,0.0,0.0,0.0,0.0,0.0,0.0,0.0,0.0,0.0,0.0,0.0,0.0,0.0,0.0,,39.58300018310547,,238.0,1350.0,5.671999931335449,59.0,13.0,8.0,84.375,1.0,0.0,56.0,67.0,85.0,488.0,7.283999919891357,4.0,29.0,4.0,30.5,0.0,0.0,552.0,23.0,3.0,0.0,3.0,0.0,0.0,0.0,0.0,0.0,0.0,0.0,0.0,8.0,4.0,0.0,12.0,0.0,0.0,0.0,72.0,4.5,,,,,,,,,,,,,,,,,,,,,,,,,,,,,,,,,,,,,,,,,MIA,RB,2025,255.8,289.3,322.8
4431611,Caleb Williams,17.0,0.0,0.0,-37.0,330.0,568.0,58.0989990234375,3942.0,6.940000057220459,231.88235473632812,65.0,27.0,7.0,24.0,165.0,57.86,90.1259994506836,58.17,77.0,388.0,5.039000034332275,29.0,2.0,3.0,22.823530197143555,7.0,0.0,28.0,2.0,2.0,22.0,11.0,1.0,20.0,1.0,1.2941176891326904,0.0,0.0,25.0,2.0,1.0,0.0,1.0,0.0,0.0,0.0,0.0,0.0,0.0,0.0,0.0,3.0,1.0,0.0,4.0,0.0,0.0,0.0,24.0,1.4119999408721924,,,,,,,,,,,,,,,,,,,,,,,,,,,,,,,,,,,,,,,,,CHI,QB,2025,316.68,317.68,318.68
4361307,Trey McBride,17.0,,,0.0,0.0,0.0,0.0,0.0,0.0,0.0,0.0,0.0,0.0,0.0,0.0,,39.58300018310547,,0.0,0.0,0.0,0.0,0.0,0.0,0.0,0.0,0.0,0.0,126.0,169.0,1239.0,9.833000183105469,11.0,31.0,12.0,72.88235473632812,0.0,0.0,583.0,63.0,,,,,,,,,,,,0.0,11.0,0.0,11.0,0.0,0.0,0.0,66.0,3.881999969482422,,,,,,,,,,,,,,,,,,,,,,,,,,,,,,,,,,,,,,,,,ARI,TE,2025,189.9,252.9,315.9
4362628,Ja'Marr Chase,16.0,0.0,0.0,0.0,0.0,0.0,0.0,0.0,0.0,0.0,0.0,0.0,0.0,0.0,0.0,,39.58300018310547,,3.0,14.0,4.666999816894531,9.0,0.0,0.0,0.875,0.0,0.0,0.0,125.0,185.0,1412.0,11.295999526977539,8.0,64.0,15.0,88.25,1.0,1.0,640.0,73.0,5.0,0.0,5.0,0.0,0.0,0.0,0.0,0.0,0.0,0.0,0.0,0.0,8.0,0.0,8.0,0.0,0.0,0.0,48.0,3.0,,,,,,,,,,,,,,,,,,,,,,,,,,,,,,,,,,,,,,,,,CIN,WR,2025,188.6,251.1,313.6
2577417,Dak Prescott,17.0,0.0,0.0,-6.0,404.0,600.0,67.33300018310547,4552.0,7.586999893188477,267.76470947265625,86.0,30.0,10.0,31.0,208.0,71.22,99.52799987792969,70.2,53.0,177.0,3.3399999141693115,14.0,0.0,2.0,10.411765098571777,4.0,1.0,15.0,0.0,0.0,0.0,0.0,0.0,0.0,0.0,0.0,0.0,0.0,0.0,0.0,2.0,0.0,2.0,0.0,0.0,0.0,0.0,0.0,0.0,0.0,0.0,2.0,0.0,0.0,2.0,0.0,0.0,0.0,12.0,0.7059999704360962,,,,,,,,,,,,,,,,,,,,,,,,,,,,,,,,,,,,,,,,,DAL,QB,2025,309.78000000000003,309.78000000000003,309.78000000000003
3046779,Jared Goff,17.0,0.0,0.0,-23.0,393.0,578.0,67.99299621582031,4564.0,7.895999908447266,268.4705810546875,64.0,34.0,8.0,38.0,259.0,58.63,105.48600006103516,57.33,19.0,45.0,2.368000030517578,24.0,1.0,0.0,2.6470587253570557,3.0,2.0,5.0,0.0,0.0,0.0,0.0,0.0,0.0,0.0,0.0,0.0,0.0,0.0,0.0,0.0,0.0,0.0,0.0,0.0,0.0,0.0,0.0,0.0,0.0,0.0,0.0,0.0,0.0,0.0,0.0,0.0,0.0,0.0,0.0,,,,,,,,,,,,,,,,,,,,,,,,,,,,,,,,,,,,,,,,,DET,QB,2025,303.06,303.06,303.06
4040715,Jalen Hurts,16.0,0.0,1.0,-6.0,294.0,454.0,64.75800323486328,3224.0,7.10099983215332,201.5,79.0,25.0,6.0,32.0,181.0,56.96,98.48600006103516,55.22,105.0,421.0,4.010000228881836,29.0,2.0,8.0,26.3125,4.0,2.0,40.0,0.0,0.0,0.0,0.0,0.0,0.0,0.0,0.0,0.0,0.0,0.0,0.0,0.0,0.0,0.0,0.0,0.0,0.0,0.0,0.0,0.0,0.0,0.0,8.0,0.0,0.0,8.0,0.0,0.0,0.0,48.0,3.0,,,,,,,,,,,,,,,,,,,,,,,,,,,,,,,,,,,,,,,,,PHI,QB,2025,303.06,303.06,303.06
4379399,James Cook III,17.0,0.0,0.0,0.0,0.0,0.0,0.0,0.0,0.0,0.0,0.0,0.0,0.0,0.0,0.0,,39.58300018310547,,309.0,1621.0,5.245999813079834,64.0,9.0,12.0,95.35294342041016,6.0,3.0,68.0,33.0,40.0,291.0,8.817999839782715,2.0,51.0,4.0,17.117647171020508,0.0,0.0,272.0,11.0,0.0,0.0,0.0,0.0,0.0,0.0,0.0,0.0,0.0,0.0,0.0,12.0,2.0,0.0,14.0,0.0,0.0,0.0,84.0,4.940999984741211,,,,,,,,,,,,,,,,,,,,,,,,,,,,,,,,,,,,,,,,,BUF,RB,2025,269.2,285.7,302.2
4426338,Bo Nix,17.0,0.0,0.0,0.0,388.0,612.0,63.39899826049805,3931.0,6.422999858856201,231.23529052734375,52.0,25.0,11.0,22.0,119.0,60.03,87.80599975585938,58.27,83.0,356.0,4.289000034332275,25.0,3.0,5.0,20.941177368164062,2.0,1.0,25.0,0.0,1.0,0.0,0.0,0.0,0.0,0.0,0.0,0.0,0.0,0.0,0.0,0.0,0.0,0.0,0.0,0.0,0.0,0.0,0.0,0.0,0.0,0.0,5.0,0.0,0.0,5.0,0.0,0.0,0.0,30.0,1.7649999856948853,,,,,,,,,,,,,,,,,,,,,,,,,,,,,,,,,,,,,,,,,DEN,QB,2025,298.84000000000003,298.84000000000003,298.84000000000003
4426354,George Pickens,17.0,0.0,0.0,0.0,0.0,0.0,0.0,0.0,0.0,0.0,0.0,0.0,0.0,0.0,0.0,,39.58300018310547,,0.0,0.0,0.0,0.0,0.0,0.0,0.0,0.0,0.0,0.0,93.0,137.0,1429.0,15.366000175476074,9.0,45.0,22.0,84.05882263183594,4.0,0.0,479.0,73.0,2.0,0.0,2.0,0.0,0.0,0.0,0.0,0.0,0.0,0.0,0.0,0.0,9.0,0.0,9.0,0.0,0.0,1.0,56.0,3.2939999103546143,0.0,0.0,0.0,0.0,0.0,0.0,0.0,0.0,0.0,0.0,0.0,0.0,0.0,0.0,0.0,0.0,0.0,0.0,0.0,0.0,0.0,0.0,0.0,0.0,0.0,0.0,0.0,0.0,,,,,,,,,,,,,DAL,WR,2025,196.9,243.4,289.9
4038941,Justin Herbert,16.0,0.0,0.0,-7.0,340.0,512.0,66.40599822998047,3727.0,7.2789998054504395,232.9375,60.0,26.0,13.0,54.0,301.0,61.62,94.0999984741211,60.64,83.0,498.0,6.0,41.0,5.0,2.0,31.125,4.0,1.0,34.0,0.0,0.0,0.0,0.0,0.0,0.0,0.0,0.0,0.0,0.0,0.0,0.0,1.0,1.0,2.0,0.0,0.0,0.0,0.0,0.0,0.0,0.0,0.0,2.0,0.0,0.0,2.0,0.0,0.0,1.0,14.0,0.875,,,,,,,,,,,,,,,,,,,,,,,,,,,,,,,,,,,,,,,,,LAC,QB,2025,286.88,286.88,286.88
3139477,Patrick Mahomes,14.0,0.0,0.0,0.0,315.0,502.0,62.749000549316406,3587.0,7.144999980926514,256.21429443359375,61.0,22.0,11.0,34.0,193.0,67.78,89.625,68.5,64.0,422.0,6.593999862670898,22.0,1.0,5.0,30.14285659790039,0.0,0.0,27.0,1.0,1.0,-10.0,-10.0,0.0,-10.0,0.0,-0.7142857313156128,0.0,0.0,-2.0,0.0,1.0,0.0,1.0,0.0,0.0,0.0,0.0,0.0,0.0,0.0,0.0,5.0,0.0,0.0,5.0,0.0,0.0,0.0,30.0,2.1429998874664307,,,,,,,,,,,,,,,,,,,,,,,,,,,,,,,,,,,,,,,,,KC,QB,2025,280.68,281.18,281.68
4362238,Chase Brown,17.0,0.0,0.0,0.0,0.0,0.0,0.0,0.0,0.0,0.0,0.0,0.0,0.0,0.0,0.0,0.11,39.58300018310547,0.13,232.0,1019.0,4.392000198364258,37.0,6.0,6.0,59.94117736816406,1.0,0.0,52.0,69.0,88.0,437.0,6.333000183105469,5.0,23.0,2.0,25.705883026123047,1.0,0.0,450.0,18.0,3.0,0.0,3.0,0.0,0.0,0.0,0.0,0.0,0.0,0.0,0.0,6.0,5.0,0.0,11.0,0.0,0.0,1.0,68.0,4.0,,,,,,,,,,,,,,,,,,,,,,,,,,,,,,,,,,,,,,,,,CIN,RB,2025,211.60000000000002,246.10000000000002,280.6
3043078,Derrick Henry,17.0,0.0,0.0,0.0,0.0,1.0,0.0,0.0,0.0,0.0,0.0,0.0,0.0,0.0,0.0,9.26,39.58300018310547,7.92,307.0,1595.0,5.195000171661377,59.0,17.0,16.0,93.82353210449219,4.0,3.0,79.0,15.0,21.0,150.0,10.0,0.0,44.0,1.0,8.823529243469238,0.0,0.0,135.0,4.0,1.0,0.0,1.0,0.0,0.0,0.0,0.0,0.0,0.0,0.0,0.0,16.0,0.0,0.0,16.0,0.0,0.0,0.0,96.0,5.646999835968018,,,,,,,,,,,,,,,,,,,,,,,,,,,,,,,,,,,,,,,,,BAL,RB,2025,264.5,272.0,279.5
3052587,Baker Mayfield,17.0,0.0,0.0,0.0,343.0,543.0,63.167999267578125,3693.0,6.801000118255615,217.23529052734375,77.0,26.0,11.0,36.0,234.0,60.09,90.58100128173828,61.25,55.0,382.0,6.945000171661377,33.0,5.0,1.0,22.47058868408203,3.0,0.0,27.0,0.0,0.0,0.0,0.0,0.0,0.0,0.0,0.0,0.0,0.0,0.0,0.0,0.0,0.0,0.0,0.0,0.0,0.0,0.0,0.0,0.0,0.0,0.0,1.0,0.0,0.0,1.0,0.0,0.0,0.0,6.0,0.3529999852180481,,,,,,,,,,,,,,,,,,,,,,,,,,,,,,,,,,,,,,,,,TB,QB,2025,273.92,273.92,273.92
4361370,Chris Olave,16.0,0.0,0.0,0.0,0.0,1.0,0.0,0.0,0.0,0.0,0.0,0.0,1.0,0.0,0.0,0.0,0.0,0.0,1.0,-3.0,-3.0,-3.0,0.0,0.0,-0.1875,0.0,0.0,0.0,100.0,156.0,1163.0,11.630000114440918,9.0,62.0,11.0,72.6875,0.0,0.0,289.0,53.0,1.0,0.0,1.0,0.0,0.0,0.0,0.0,0.0,0.0,0.0,0.0,0.0,9.0,0.0,9.0,0.0,0.0,0.0,54.0,3.375,,,,,,,,,,,,,,,,,,,,,,,,,,,,,,,,,,,,,,,,,NO,WR,2025,168.0,218.0,268.0
4430737,Kyren Williams,17.0,,,0.0,0.0,0.0,0.0,0.0,0.0,0.0,0.0,0.0,0.0,0.0,0.0,,39.58300018310547,,259.0,1252.0,4.834000110626221,34.0,6.0,10.0,73.64705657958984,2.0,2.0,74.0,36.0,50.0,281.0,7.806000232696533,3.0,30.0,2.0,16.52941131591797,0.0,0.0,155.0,12.0,,,,,,,,,,,,10.0,3.0,0.0,13.0,0.0,0.0,0.0,78.0,4.5879998207092285,0.0,0.0,0.0,0.0,0.0,1.0,8.0,8.0,8.0,0.0,3.0,,,,,,,,,,,,,,,,,,,,,,,,,,,,,,LAR,RB,2025,227.29999999999998,245.29999999999998,263.29999999999995
4239996,Travis Etienne Jr.,17.0,0.0,0.0,0.0,0.0,0.0,0.0,0.0,0.0,0.0,0.0,0.0,0.0,0.0,0.0,24.14,39.58300018310547,28.74,260.0,1107.0,4.257999897003174,71.0,7.0,7.0,65.11764526367188,0.0,0.0,48.0,36.0,52.0,292.0,8.111000061035156,6.0,45.0,2.0,17.176469802856445,0.0,0.0,339.0,14.0,1.0,0.0,1.0,0.0,0.0,0.0,0.0,0.0,0.0,0.0,0.0,7.0,6.0,0.0,13.0,0.0,0.0,0.0,78.0,4.5879998207092285,,,,,,,,,,,,,,,,,,,,,,,,,,,,,,,,,,,,,,,,,NO,RB,2025,217.89999999999998,235.89999999999998,253.89999999999998
4890973,Ashton Jeanty,17.0,0.0,0.0,0.0,0.0,0.0,0.0,0.0,0.0,0.0,0.0,0.0,0.0,0.0,0.0,,39.58300018310547,,266.0,975.0,3.6649999618530273,64.0,3.0,5.0,57.35293960571289,1.0,1.0,44.0,55.0,73.0,346.0,6.290999889373779,5.0,60.0,3.0,20.352941513061523,1.0,0.0,452.0,13.0,1.0,0.0,1.0,0.0,0.0,0.0,0.0,0.0,0.0,0.0,0.0,5.0,5.0,0.0,10.0,0.0,0.0,0.0,60.0,3.5290000438690186,,,,,,,,,,,,,,,,,,,,,,,,,,,,,,,,,,,,,,,,,LV,RB,2025,190.1,217.6,245.1
4429615,Zay Flowers,17.0,0.0,0.0,0.0,0.0,0.0,0.0,0.0,0.0,0.0,0.0,0.0,0.0,0.0,0.0,,39.58300018310547,,10.0,62.0,6.199999809265137,18.0,0.0,1.0,3.6470587253570557,0.0,0.0,3.0,86.0,118.0,1211.0,14.081000328063965,5.0,64.0,19.0,71.23529052734375,3.0,3.0,458.0,48.0,2.0,0.0,2.0,0.0,0.0,0.0,0.0,0.0,0.0,0.0,0.0,1.0,5.0,0.0,6.0,0.0,0.0,0.0,36.0,2.118000030517578,,,,,,,,,,,,,,,,,,,,,,,,,,,,,,,,,,,,,,,,,BAL,WR,2025,157.29999999999998,200.29999999999998,243.29999999999998
4361579,Javonte Williams,16.0,0.0,0.0,0.0,0.0,0.0,0.0,0.0,0.0,0.0,0.0,0.0,0.0,0.0,0.0,24.94,39.58300018310547,22.48,252.0,1201.0,4.765999794006348,66.0,6.0,11.0,75.0625,1.0,1.0,67.0,35.0,51.0,137.0,3.9140000343322754,2.0,14.0,0.0,8.5625,1.0,1.0,206.0,7.0,1.0,0.0,1.0,0.0,0.0,0.0,0.0,0.0,0.0,0.0,0.0,11.0,2.0,0.0,13.0,0.0,0.0,0.0,78.0,4.875,,,,,,,,,,,,,,,,,,,,,,,,,,,,,,,,,,,,,,,,,DAL,RB,2025,207.79999999999998,225.29999999999998,242.79999999999998
4689114,Jaxson Dart,14.0,0.0,0.0,-4.0,216.0,339.0,63.71699905395508,2272.0,6.702000141143799,162.2857208251953,44.0,15.0,5.0,35.0,152.0,57.09,91.70999908447266,57.54,86.0,487.0,5.663000106811523,29.0,4.0,9.0,34.78571319580078,3.0,1.0,38.0,0.0,0.0,0.0,0.0,0.0,0.0,0.0,0.0,0.0,0.0,0.0,0.0,0.0,0.0,0.0,0.0,0.0,0.0,0.0,0.0,0.0,0.0,0.0,9.0,0.0,0.0,9.0,0.0,0.0,0.0,54.0,3.8570001125335693,,,,,,,,,,,,,,,,,,,,,,,,,,,,,,,,,,,,,,,,,NYG,QB,2025,241.57999999999998,241.57999999999998,241.57999999999998
3912547,Sam Darnold,17.0,1.0,0.0,-4.0,323.0,477.0,67.71499633789062,4048.0,8.486000061035156,238.11764526367188,67.0,25.0,14.0,27.0,186.0,56.07,99.11299896240234,55.56,35.0,95.0,2.7139999866485596,24.0,1.0,0.0,5.588235378265381,3.0,1.0,10.0,0.0,0.0,0.0,0.0,0.0,0.0,0.0,0.0,0.0,0.0,0.0,0.0,2.0,0.0,2.0,0.0,0.0,0.0,0.0,0.0,0.0,0.0,0.0,0.0,0.0,0.0,0.0,0.0,0.0,0.0,0.0,0.0,,,,,,,,,,,,,,,,,,,,,,,,,,,,,,,,,,,,,,,,,SEA,QB,2025,241.41999999999996,241.41999999999996,241.41999999999996
4047365,Josh Jacobs,15.0,,,0.0,0.0,0.0,0.0,0.0,0.0,0.0,0.0,0.0,0.0,0.0,0.0,6.55,39.58300018310547,6.23,234.0,929.0,3.9700000286102295,40.0,3.0,13.0,61.93333435058594,3.0,2.0,55.0,36.0,44.0,282.0,7.833000183105469,1.0,31.0,4.0,18.799999237060547,0.0,0.0,304.0,8.0,,,,,,,,,,,,13.0,1.0,0.0,14.0,0.0,0.0,0.0,84.0,5.599999904632568,,,,,,,,,,,,,,,,,,,,,,,,,,,,,,,,,,,,,,,,,GB,RB,2025,201.10000000000002,219.10000000000002,237.10000000000002
4036378,Jordan Love,15.0,0.0,0.0,-6.0,291.0,439.0,66.28700256347656,3381.0,7.702000141143799,225.39999389648438,59.0,23.0,6.0,21.0,169.0,73.1,101.18199920654297,72.66,47.0,199.0,4.234000205993652,25.0,2.0,0.0,13.266666412353516,3.0,0.0,14.0,0.0,0.0,0.0,0.0,0.0,0.0,0.0,0.0,0.0,0.0,0.0,0.0,1.0,0.0,1.0,0.0,0.0,0.0,0.0,0.0,0.0,0.0,0.0,0.0,0.0,0.0,0.0,0.0,0.0,0.0,0.0,0.0,,,,,,,,,,,,,,,,,,,,,,,,,,,,,,,,,,,,,,,,,GB,QB,2025,235.14000000000001,235.14000000000001,235.14000000000001
2578570,Jacoby Brissett,14.0,0.0,0.0,-2.0,315.0,485.0,64.947998046875,3366.0,6.940000057220459,240.42857360839844,50.0,23.0,8.0,43.0,288.0,42.64,94.05899810791016,41.16,38.0,168.0,4.421000003814697,15.0,0.0,1.0,12.0,1.0,0.0,16.0,0.0,0.0,0.0,0.0,0.0,0.0,0.0,0.0,0.0,0.0,0.0,0.0,0.0,0.0,0.0,0.0,0.0,0.0,0.0,0.0,0.0,0.0,0.0,1.0,0.0,0.0,1.0,0.0,0.0,0.0,6.0,0.42899999022483826,,,,,,,,,,,,,,,,,,,,,,,,,,,,,,,,,,,,,,,,,ARI,QB,2025,233.44,233.44,233.44
3929630,Saquon Barkley,16.0,0.0,0.0,0.0,0.0,0.0,0.0,0.0,0.0,0.0,0.0,0.0,0.0,0.0,0.0,,39.58300018310547,,280.0,1140.0,4.071000099182129,65.0,4.0,7.0,71.25,0.0,0.0,48.0,37.0,50.0,273.0,7.377999782562256,2.0,47.0,2.0,17.0625,1.0,1.0,296.0,11.0,1.0,0.0,1.0,0.0,0.0,0.0,0.0,0.0,0.0,0.0,0.0,7.0,2.0,0.0,9.0,0.0,0.0,1.0,56.0,3.5,,,,,,,,,,,,,,,,,,,,,,,,,,,,,,,,,,,,,,,,,PHI,RB,2025,193.3,211.8,230.3
4259545,D'Andre Swift,16.0,,,0.0,0.0,0.0,0.0,0.0,0.0,0.0,0.0,0.0,0.0,0.0,0.0,3.63,39.58300018310547,4.5,223.0,1087.0,4.874000072479248,25.0,5.0,9.0,67.9375,2.0,2.0,62.0,34.0,48.0,299.0,8.793999671936035,1.0,55.0,3.0,18.6875,0.0,0.0,357.0,12.0,,,,,,,,,,,,9.0,1.0,0.0,10.0,0.0,0.0,0.0,60.0,3.75,,,,,,,,,,,,,,,,,,,,,,,,,,,,,,,,,,,,,,,,,CHI,RB,2025,194.6,211.6,228.6
8439,Aaron Rodgers,16.0,0.0,0.0,0.0,327.0,498.0,65.66300201416016,3322.0,6.671000003814697,207.625,80.0,24.0,7.0,29.0,180.0,42.31,94.80400085449219,44.36,21.0,61.0,2.9049999713897705,20.0,1.0,1.0,3.8125,1.0,0.0,4.0,1.0,1.0,-9.0,-9.0,0.0,-9.0,0.0,-0.5625,0.0,0.0,0.0,0.0,0.0,0.0,0.0,0.0,0.0,0.0,0.0,0.0,0.0,0.0,0.0,1.0,0.0,0.0,1.0,0.0,0.0,0.0,6.0,0.375,,,,,,,,,,,,,,,,,,,,,,,,,,,,,,,,,,,,,,,,,PIT,QB,2025,226.07999999999998,226.57999999999998,227.07999999999998
4258173,Nico Collins,15.0,,,0.0,0.0,0.0,0.0,0.0,0.0,0.0,0.0,0.0,0.0,0.0,0.0,,39.58300018310547,,2.0,15.0,7.5,8.0,0.0,1.0,1.0,0.0,0.0,1.0,71.0,120.0,1117.0,15.732000350952148,6.0,57.0,18.0,74.46666717529297,1.0,1.0,324.0,48.0,,,,,,,,,,,,1.0,6.0,0.0,7.0,0.0,0.0,1.0,44.0,2.933000087738037,,,,,,,,,,,,,,,,,,,,,,,,,,,,,,,,,,,,,,,,,HOU,WR,2025,153.2,188.7,224.2
16800,Davante Adams,14.0,0.0,0.0,0.0,0.0,0.0,0.0,0.0,0.0,0.0,0.0,0.0,0.0,0.0,0.0,,39.58300018310547,,0.0,0.0,0.0,0.0,0.0,0.0,0.0,0.0,0.0,0.0,60.0,114.0,789.0,13.149999618530273,14.0,44.0,14.0,56.35714340209961,0.0,0.0,117.0,51.0,1.0,0.0,1.0,0.0,0.0,0.0,0.0,0.0,0.0,0.0,0.0,0.0,14.0,0.0,14.0,0.0,0.0,0.0,84.0,6.0,,,,,,,,,,,,,,,,,,,,,,,,,,,,,,,,,,,,,,,,,LAR,WR,2025,162.9,192.9,222.9
4371733,Kenny Gainwell,17.0,1.0,0.0,0.0,0.0,0.0,0.0,0.0,0.0,0.0,0.0,0.0,0.0,0.0,0.0,24.58,39.58300018310547,27.65,114.0,537.0,4.710999965667725,55.0,2.0,5.0,31.58823585510254,1.0,0.0,34.0,73.0,85.0,486.0,6.6579999923706055,3.0,45.0,3.0,28.58823585510254,1.0,1.0,528.0,23.0,3.0,1.0,4.0,0.0,0.0,0.0,0.0,0.0,0.0,0.0,0.0,5.0,3.0,0.0,8.0,0.0,0.0,0.0,48.0,2.8239998817443848,26.0,633.0,24.346153259277344,36.0,0.0,0.0,0.0,0.0,0.0,0.0,0.0,,,,,,,,,,,,,,,,,,,,,,,,,,,,,,TB,RB,2025,148.3,184.8,221.3
4360761,Michael Wilson,17.0,0.0,0.0,0.0,0.0,0.0,0.0,0.0,0.0,0.0,0.0,0.0,0.0,0.0,0.0,,39.58300018310547,,0.0,0.0,0.0,0.0,0.0,0.0,0.0,0.0,0.0,0.0,78.0,126.0,1006.0,12.897000312805176,7.0,50.0,14.0,59.17647171020508,0.0,0.0,273.0,51.0,2.0,0.0,2.0,0.0,0.0,0.0,0.0,0.0,0.0,0.0,0.0,0.0,7.0,0.0,7.0,0.0,0.0,0.0,42.0,2.4709999561309814,,,,,,,,,,,,,,,,,,,,,,,,,,,,,,,,,,,,,,,,,ARI,WR,2025,142.6,181.6,220.6
4047646,A.J. Brown,15.0,,,0.0,0.0,0.0,0.0,0.0,0.0,0.0,0.0,0.0,0.0,0.0,0.0,,39.58300018310547,,0.0,0.0,0.0,0.0,0.0,0.0,0.0,0.0,0.0,0.0,78.0,121.0,1003.0,12.859000205993652,7.0,45.0,14.0,66.86666870117188,0.0,0.0,268.0,47.0,,,,,,,,,,,,0.0,7.0,0.0,7.0,0.0,0.0,0.0,42.0,2.799999952316284,,,,,,,,,,,,,,,,,,,,,,,,,,,,,,,,,,,,,,,,,NE,WR,2025,142.3,181.3,220.3
4685720,Bryce Young,16.0,0.0,0.0,-11.0,304.0,478.0,63.597999572753906,3011.0,6.298999786376953,188.1875,54.0,23.0,11.0,27.0,202.0,49.27,87.77899932861328,47.6,54.0,216.0,4.0,24.0,2.0,2.0,13.5,3.0,2.0,16.0,0.0,0.0,0.0,0.0,0.0,0.0,0.0,0.0,1.0,0.0,0.0,0.0,0.0,0.0,0.0,0.0,0.0,0.0,0.0,0.0,0.0,0.0,0.0,2.0,0.0,0.0,2.0,0.0,0.0,0.0,12.0,0.75,,,,,,,,,,,,,,,,,,,,,,,,,,,,,,,,,,,,,,,,,CAR,QB,2025,220.04,220.04,220.04
4426388,Jameson Williams,17.0,0.0,0.0,0.0,0.0,0.0,0.0,0.0,0.0,0.0,0.0,0.0,0.0,0.0,0.0,,39.58300018310547,,6.0,12.0,2.0,9.0,0.0,0.0,0.7058823704719543,0.0,0.0,0.0,65.0,102.0,1117.0,17.184999465942383,7.0,64.0,23.0,65.70587921142578,0.0,0.0,441.0,49.0,1.0,0.0,1.0,0.0,0.0,0.0,0.0,0.0,0.0,0.0,0.0,0.0,7.0,0.0,7.0,0.0,0.0,0.0,42.0,2.4709999561309814,,,,,,,,,,,,,,,,,,,,,,,,,,,,,,,,,,,,,,,,,DET,WR,2025,154.89999999999998,187.39999999999998,219.89999999999998
4569587,Wan'Dale Robinson,16.0,0.0,0.0,0.0,0.0,0.0,0.0,0.0,0.0,0.0,0.0,0.0,0.0,0.0,0.0,,39.58300018310547,,3.0,5.0,1.6670000553131104,3.0,0.0,0.0,0.3125,0.0,0.0,1.0,92.0,140.0,1014.0,11.022000312805176,4.0,50.0,14.0,63.375,1.0,0.0,386.0,39.0,1.0,0.0,1.0,0.0,0.0,0.0,0.0,0.0,0.0,0.0,0.0,0.0,4.0,0.0,4.0,0.0,0.0,0.0,24.0,1.5,2.0,41.0,20.5,21.0,0.0,0.0,0.0,0.0,0.0,0.0,0.0,,,,,,,,,,,,,,,,,,,,,,,,,,,,,,TEN,WR,2025,125.9,171.9,217.9
3128429,Courtland Sutton,17.0,0.0,0.0,0.0,0.0,0.0,0.0,0.0,0.0,0.0,0.0,0.0,0.0,1.0,5.0,0.0,39.58300018310547,0.0,0.0,0.0,0.0,0.0,0.0,0.0,0.0,0.0,0.0,0.0,74.0,124.0,1017.0,13.743000030517578,7.0,52.0,17.0,59.82352828979492,0.0,0.0,222.0,52.0,2.0,0.0,2.0,0.0,0.0,0.0,0.0,0.0,0.0,0.0,0.0,0.0,7.0,0.0,7.0,0.0,0.0,1.0,44.0,2.5880000591278076,,,,,,,,,,,,,,,,,,,,,,,,,,,,,,,,,,,,,,,,,DEN,WR,2025,143.7,180.7,217.7
4569987,Jaylen Warren,16.0,,,0.0,0.0,0.0,0.0,0.0,0.0,0.0,0.0,0.0,0.0,0.0,0.0,,39.58300018310547,,211.0,958.0,4.539999961853027,45.0,6.0,6.0,59.875,1.0,0.0,52.0,40.0,45.0,333.0,8.324999809265137,2.0,65.0,2.0,20.8125,0.0,0.0,429.0,13.0,,,,,,,,,,,,6.0,2.0,0.0,8.0,0.0,0.0,0.0,48.0,3.0,8.0,205.0,25.625,31.0,0.0,0.0,0.0,0.0,0.0,0.0,0.0,,,,,,,,,,,,,,,,,,,,,,,,,,,,,,PIT,RB,2025,177.10000000000002,197.10000000000002,217.10000000000002
4038815,Rico Dowdle,17.0,0.0,0.0,-10.0,0.0,0.0,0.0,0.0,0.0,0.0,0.0,0.0,0.0,0.0,0.0,3.29,39.58300018310547,3.22,236.0,1076.0,4.559000015258789,53.0,5.0,6.0,63.29411697387695,1.0,1.0,51.0,39.0,50.0,297.0,7.614999771118164,1.0,36.0,3.0,17.47058868408203,1.0,0.0,350.0,14.0,3.0,0.0,3.0,0.0,0.0,0.0,0.0,0.0,0.0,0.0,0.0,6.0,1.0,0.0,7.0,0.0,0.0,0.0,42.0,2.4709999561309814,8.0,197.0,24.625,30.0,0.0,0.0,0.0,0.0,0.0,0.0,0.0,,,,,,,,,,,,,,,,,,,,,,,,,,,,,,PIT,RB,2025,177.3,196.8,216.3
4685472,Tetairoa McMillan,17.0,0.0,0.0,0.0,0.0,0.0,0.0,0.0,0.0,0.0,0.0,0.0,0.0,0.0,0.0,,39.58300018310547,,0.0,0.0,0.0,0.0,0.0,0.0,0.0,0.0,0.0,0.0,70.0,122.0,1014.0,14.486000061035156,7.0,43.0,17.0,59.64706039428711,1.0,1.0,269.0,55.0,3.0,0.0,3.0,0.0,0.0,0.0,0.0,0.0,0.0,0.0,0.0,0.0,7.0,0.0,7.0,0.0,0.0,0.0,42.0,2.4709999561309814,,,,,,,,,,,,,,,,,,,,,,,,,,,,,,,,,,,,,,,,,CAR,WR,2025,141.4,176.4,211.4
4360248,Kyle Pitts Sr.,17.0,0.0,0.0,0.0,0.0,0.0,0.0,0.0,0.0,0.0,0.0,0.0,0.0,0.0,0.0,,39.58300018310547,,0.0,0.0,0.0,0.0,0.0,0.0,0.0,0.0,0.0,0.0,88.0,118.0,928.0,10.545000076293945,5.0,36.0,12.0,54.588233947753906,0.0,0.0,400.0,51.0,2.0,0.0,2.0,0.0,0.0,0.0,0.0,0.0,0.0,0.0,0.0,0.0,5.0,0.0,5.0,0.0,0.0,0.0,30.0,1.7649999856948853,,,,,,,,,,,,,,,,,,,,,,,,,,,,,,,,,,,,,,,,,ATL,TE,2025,122.8,166.8,210.8
2976212,Stefon Diggs,17.0,0.0,0.0,0.0,0.0,0.0,0.0,0.0,0.0,0.0,0.0,0.0,0.0,0.0,0.0,,39.58300018310547,,0.0,0.0,0.0,0.0,0.0,0.0,0.0,0.0,0.0,0.0,85.0,102.0,1013.0,11.918000221252441,4.0,34.0,17.0,59.588233947753906,0.0,0.0,354.0,51.0,2.0,0.0,2.0,0.0,0.0,0.0,0.0,0.0,0.0,0.0,0.0,0.0,4.0,0.0,4.0,0.0,0.0,0.0,24.0,1.4119999408721924,,,,,,,,,,,,,,,,,,,,,,,,,,,,,,,,,,,,,,,,,,,2025,125.3,167.8,210.3
4239993,Tee Higgins,15.0,0.0,0.0,0.0,0.0,0.0,0.0,0.0,0.0,0.0,0.0,0.0,0.0,0.0,0.0,,39.58300018310547,,0.0,0.0,0.0,0.0,0.0,0.0,0.0,0.0,0.0,0.0,59.0,98.0,846.0,14.33899974822998,11.0,44.0,14.0,56.400001525878906,0.0,0.0,166.0,41.0,0.0,0.0,0.0,0.0,0.0,0.0,0.0,0.0,0.0,0.0,0.0,0.0,11.0,0.0,11.0,0.0,0.0,1.0,68.0,4.5329999923706055,,,,,,,,,,,,,,,,,,,,,,,,,,,,,,,,,,,,,,,,,CIN,WR,2025,150.6,180.1,209.6
4432577,C.J. Stroud,14.0,0.0,0.0,-11.0,273.0,423.0,64.53900146484375,3041.0,7.189000129699707,217.2142791748047,75.0,19.0,8.0,23.0,189.0,61.52,92.91300201416016,61.68,48.0,209.0,4.354000091552734,30.0,1.0,1.0,14.928571701049805,2.0,0.0,18.0,0.0,0.0,0.0,0.0,0.0,0.0,0.0,0.0,0.0,0.0,0.0,0.0,0.0,0.0,0.0,0.0,0.0,0.0,0.0,0.0,0.0,0.0,0.0,1.0,0.0,0.0,1.0,0.0,0.0,0.0,6.0,0.42899999022483826,,,,,,,,,,,,,,,,,,,,,,,,,,,,,,,,,,,,,,,,,HOU,QB,2025,208.54,208.54,208.54
4427366,Breece Hall,16.0,0.0,0.0,7.0,1.0,1.0,100.0,4.0,4.0,0.25,4.0,1.0,0.0,0.0,0.0,99.99,122.91699981689453,99.99,243.0,1065.0,4.382999897003174,59.0,8.0,4.0,66.5625,2.0,2.0,57.0,36.0,48.0,350.0,9.722000122070312,1.0,42.0,4.0,21.875,0.0,0.0,321.0,13.0,0.0,0.0,0.0,0.0,0.0,0.0,0.0,0.0,0.0,0.0,0.0,4.0,1.0,0.0,5.0,0.0,0.0,0.0,30.0,1.875,,,,,,,,,,,,,,,,,,,,,,,,,,,,,,,,,,,,,,,,,NYJ,RB,2025,171.66,189.66,207.66
4568490,RJ Harvey,17.0,,,0.0,0.0,1.0,0.0,0.0,0.0,0.0,0.0,0.0,0.0,0.0,0.0,67.84,39.58300018310547,59.55,146.0,540.0,3.6989998817443848,50.0,3.0,7.0,31.764705657958984,1.0,1.0,28.0,47.0,58.0,356.0,7.573999881744385,5.0,32.0,2.0,20.941177368164062,0.0,0.0,360.0,18.0,,,,,,,,,,,,7.0,5.0,0.0,12.0,0.0,0.0,0.0,72.0,4.235000133514404,16.0,353.0,22.0625,29.0,0.0,0.0,0.0,0.0,0.0,0.0,0.0,,,,,,,,,,,,,,,,,,,,,,,,,,,,,,DEN,RB,2025,159.6,183.1,206.6
4432710,TreVeyon Henderson,17.0,0.0,0.0,0.0,0.0,0.0,0.0,0.0,0.0,0.0,0.0,0.0,0.0,0.0,0.0,,39.58300018310547,,180.0,911.0,5.060999870300293,69.0,6.0,9.0,53.588233947753906,1.0,1.0,45.0,35.0,42.0,221.0,6.314000129699707,1.0,19.0,0.0,13.0,0.0,0.0,244.0,7.0,0.0,0.0,0.0,0.0,0.0,0.0,0.0,0.0,0.0,0.0,0.0,9.0,1.0,0.0,10.0,0.0,0.0,0.0,60.0,3.5290000438690186,9.0,209.0,23.22222137451172,28.0,0.0,0.0,0.0,0.0,0.0,0.0,0.0,,,,,,,,,,,,,,,,,,,,,,,,,,,,,,NE,RB,2025,171.2,188.7,206.2
4241478,DeVonta Smith,17.0,,,0.0,0.0,0.0,0.0,0.0,0.0,0.0,0.0,0.0,0.0,0.0,0.0,,39.58300018310547,,0.0,0.0,0.0,0.0,0.0,0.0,0.0,0.0,0.0,0.0,77.0,113.0,1008.0,13.090999603271484,4.0,79.0,14.0,59.29411697387695,0.0,0.0,293.0,44.0,,,,,,,,,,,,0.0,4.0,0.0,4.0,0.0,0.0,0.0,24.0,1.4119999408721924,,,,,,,,,,,,,,,,,,,,,,,,,,,,,,,,,,,,,,,,,PHI,WR,2025,124.8,163.3,201.8
4262921,Justin Jefferson,17.0,0.0,0.0,0.0,0.0,0.0,0.0,0.0,0.0,0.0,0.0,0.0,0.0,0.0,0.0,,39.58300018310547,,2.0,7.0,3.5,4.0,0.0,0.0,0.4117647111415863,0.0,0.0,0.0,84.0,141.0,1048.0,12.47599983215332,2.0,50.0,12.0,61.64706039428711,0.0,0.0,451.0,47.0,1.0,1.0,2.0,0.0,0.0,0.0,0.0,0.0,0.0,0.0,0.0,0.0,2.0,0.0,2.0,0.0,0.0,0.0,12.0,0.7059999704360962,,,,,,,,,,,,,,,,,,,,,,,,,,,,,,,,,,,,,,,,,MIN,WR,2025,117.5,159.5,201.5
4241389,CeeDee Lamb,14.0,0.0,0.0,0.0,0.0,0.0,0.0,0.0,0.0,0.0,0.0,0.0,0.0,0.0,0.0,,39.58300018310547,,1.0,2.0,2.0,2.0,0.0,0.0,0.1428571492433548,0.0,0.0,0.0,75.0,117.0,1077.0,14.359999656677246,3.0,74.0,16.0,76.92857360839844,0.0,0.0,323.0,43.0,1.0,0.0,1.0,0.0,0.0,0.0,0.0,0.0,0.0,0.0,0.0,0.0,3.0,0.0,3.0,0.0,0.0,0.0,18.0,1.2860000133514404,,,,,,,,,,,,,,,,,,,,,,,,,,,,,,,,,,,,,,,,,DAL,WR,2025,125.9,163.4,200.9
4688380,Cam Ward,17.0,0.0,0.0,-2.0,323.0,540.0,59.814998626708984,3169.0,5.86899995803833,186.41175842285156,47.0,15.0,7.0,55.0,410.0,30.79,80.23899841308594,33.2,39.0,159.0,4.077000141143799,20.0,1.0,2.0,9.352941513061523,2.0,0.0,15.0,0.0,0.0,0.0,0.0,0.0,0.0,0.0,0.0,0.0,0.0,0.0,0.0,0.0,0.0,0.0,0.0,0.0,0.0,0.0,0.0,0.0,0.0,0.0,2.0,0.0,0.0,2.0,0.0,0.0,0.0,12.0,0.7059999704360962,,,,,,,,,,,,,,,,,,,,,,,,,,,,,,,,,,,,,,,,,TEN,QB,2025,200.66,200.66,200.66
4035687,Michael Pittman Jr.,17.0,0.0,0.0,0.0,0.0,0.0,0.0,0.0,0.0,0.0,0.0,0.0,0.0,0.0,0.0,,39.58300018310547,,0.0,0.0,0.0,0.0,0.0,0.0,0.0,0.0,0.0,0.0,80.0,111.0,784.0,9.800000190734863,7.0,27.0,5.0,46.117645263671875,0.0,0.0,259.0,47.0,1.0,0.0,1.0,0.0,0.0,0.0,0.0,0.0,0.0,0.0,0.0,0.0,7.0,0.0,7.0,0.0,0.0,1.0,44.0,2.5880000591278076,,,,,,,,,,,,,,,,,,,,,,,,,,,,,,,,,,,,,,,,,PIT,WR,2025,120.4,160.4,200.4
4426502,Drake London,12.0,0.0,0.0,0.0,0.0,0.0,0.0,0.0,0.0,0.0,0.0,0.0,0.0,0.0,0.0,,39.58300018310547,,0.0,0.0,0.0,0.0,0.0,0.0,0.0,0.0,0.0,0.0,68.0,112.0,919.0,13.515000343322754,7.0,43.0,13.0,76.58333587646484,1.0,1.0,229.0,46.0,2.0,0.0,2.0,0.0,0.0,0.0,0.0,0.0,0.0,0.0,0.0,0.0,7.0,0.0,7.0,0.0,0.0,1.0,44.0,3.6670000553131104,,,,,,,,,,,,,,,,,,,,,,,,,,,,,,,,,,,,,,,,,ATL,WR,2025,131.9,165.9,199.9
4372016,Jaylen Waddle,16.0,0.0,0.0,0.0,1.0,1.0,100.0,8.0,8.0,0.5,8.0,0.0,0.0,0.0,0.0,0.08,100.0,0.1,2.0,28.0,14.0,21.0,1.0,0.0,1.75,0.0,0.0,1.0,64.0,100.0,910.0,14.218999862670898,6.0,46.0,14.0,56.875,1.0,0.0,228.0,48.0,4.0,1.0,5.0,0.0,0.0,0.0,0.0,0.0,0.0,0.0,0.0,0.0,6.0,0.0,6.0,0.0,0.0,0.0,36.0,2.25,,,,,,,,,,,,,,,,,,,,,,,,,,,,,,,,,,,,,,,,,DEN,WR,2025,130.12,162.12,194.12
4567750,Emeka Egbuka,17.0,,,0.0,0.0,0.0,0.0,0.0,0.0,0.0,0.0,0.0,0.0,0.0,0.0,,39.58300018310547,,2.0,9.0,4.5,9.0,0.0,0.0,0.529411792755127,0.0,0.0,0.0,63.0,127.0,938.0,14.888999938964844,6.0,77.0,20.0,55.17647171020508,0.0,0.0,335.0,34.0,,,,,,,,,,,,0.0,6.0,0.0,6.0,0.0,0.0,1.0,38.0,2.234999895095825,,,,,,,,,,,,,,,,,,,,,,,,,,,,,,,,,,,,,,,,,TB,WR,2025,130.70000000000002,162.20000000000002,193.70000000000002
4567048,Kenneth Walker III,17.0,0.0,0.0,0.0,0.0,0.0,0.0,0.0,0.0,0.0,0.0,0.0,0.0,0.0,0.0,,39.58300018310547,,221.0,1027.0,4.646999835968018,55.0,10.0,5.0,60.411766052246094,0.0,0.0,46.0,31.0,36.0,282.0,9.097000122070312,0.0,46.0,5.0,16.58823585510254,1.0,0.0,339.0,12.0,1.0,1.0,2.0,0.0,0.0,0.0,0.0,0.0,0.0,0.0,0.0,5.0,0.0,0.0,5.0,0.0,0.0,0.0,30.0,1.7649999856948853,,,,,,,,,,,,,,,,,,,,,,,,,,,,,,,,,,,,,,,,,KC,RB,2025,160.89999999999998,176.39999999999998,191.89999999999998
15847,Travis Kelce,17.0,0.0,0.0,0.0,0.0,0.0,0.0,0.0,0.0,0.0,0.0,0.0,0.0,0.0,0.0,1.17,39.58300018310547,0.85,1.0,1.0,1.0,1.0,0.0,0.0,0.05882352963089943,0.0,0.0,0.0,76.0,108.0,851.0,11.196999549865723,5.0,44.0,9.0,50.05882263183594,1.0,0.0,424.0,46.0,2.0,1.0,3.0,0.0,0.0,0.0,0.0,0.0,0.0,0.0,0.0,0.0,5.0,0.0,5.0,0.0,0.0,1.0,32.0,1.8819999694824219,,,,,,,,,,,,,,,,,,,,,,,,,,,,,,,,,,,,,,,,,KC,TE,2025,115.19999999999999,153.2,191.2
4431459,Tyler Warren,17.0,0.0,0.0,-2.0,0.0,1.0,0.0,0.0,0.0,0.0,0.0,0.0,0.0,0.0,0.0,0.0,39.58300018310547,0.0,6.0,8.0,1.3329999446868896,3.0,0.0,1.0,0.47058823704719543,1.0,0.0,3.0,76.0,112.0,817.0,10.75,4.0,41.0,10.0,48.05882263183594,0.0,0.0,474.0,42.0,1.0,0.0,1.0,0.0,0.0,0.0,0.0,0.0,0.0,0.0,0.0,1.0,4.0,0.0,5.0,0.0,0.0,0.0,30.0,1.7649999856948853,,,,,,,,,,,,,,,,,,,,,,,,,,,,,,,,,,,,,,,,,IND,TE,2025,112.5,150.5,188.5
3126486,Deebo Samuel,16.0,0.0,0.0,0.0,0.0,0.0,0.0,0.0,0.0,0.0,0.0,0.0,0.0,0.0,0.0,21.11,39.58300018310547,18.16,17.0,75.0,4.4120001792907715,29.0,1.0,1.0,4.6875,1.0,0.0,4.0,72.0,99.0,727.0,10.097000122070312,5.0,41.0,10.0,45.4375,1.0,0.0,466.0,32.0,4.0,1.0,5.0,0.0,0.0,0.0,0.0,0.0,0.0,0.0,0.0,1.0,5.0,0.0,6.0,0.0,0.0,0.0,36.0,2.25,15.0,452.0,30.133333206176758,69.0,0.0,0.0,0.0,0.0,0.0,0.0,0.0,,,,,,,,,,,,,,,,,,,,,,,,,,,,,,,,2025,116.2,152.2,188.2
4047650,DK Metcalf,15.0,0.0,0.0,0.0,0.0,0.0,0.0,0.0,0.0,0.0,0.0,0.0,0.0,0.0,0.0,,39.58300018310547,,2.0,12.0,6.0,6.0,0.0,1.0,0.800000011920929,0.0,0.0,1.0,59.0,99.0,850.0,14.406999588012695,6.0,80.0,15.0,56.66666793823242,0.0,0.0,414.0,37.0,4.0,0.0,4.0,0.0,0.0,0.0,0.0,0.0,0.0,0.0,0.0,1.0,6.0,0.0,7.0,0.0,0.0,0.0,42.0,2.799999952316284,,,,,,,,,,,,,,,,,,,,,,,,,,,,,,,,,,,,,,,,,PIT,WR,2025,128.2,157.7,187.2
5083076,Harold Fannin Jr.,16.0,0.0,0.0,-1.0,0.0,0.0,0.0,0.0,0.0,0.0,0.0,0.0,0.0,0.0,0.0,92.34,39.58300018310547,90.06,7.0,13.0,1.8569999933242798,4.0,0.0,1.0,0.8125,1.0,1.0,2.0,72.0,107.0,731.0,10.152999877929688,6.0,35.0,8.0,45.6875,0.0,0.0,352.0,32.0,0.0,1.0,1.0,0.0,0.0,0.0,0.0,0.0,0.0,0.0,0.0,1.0,6.0,0.0,7.0,0.0,0.0,0.0,42.0,2.625,,,,,,,,,,,,,,,,,,,,,,,,,,,,,,,,,,,,,,,,,CLE,TE,2025,114.39999999999999,150.39999999999998,186.39999999999998
4242355,Jake Ferguson,17.0,0.0,0.0,0.0,0.0,0.0,0.0,0.0,0.0,0.0,0.0,0.0,0.0,0.0,0.0,,39.58300018310547,,1.0,1.0,1.0,1.0,0.0,0.0,0.05882352963089943,0.0,0.0,0.0,82.0,102.0,600.0,7.316999912261963,8.0,26.0,2.0,35.29411697387695,3.0,2.0,311.0,30.0,2.0,0.0,2.0,0.0,0.0,0.0,0.0,0.0,0.0,0.0,0.0,0.0,8.0,0.0,8.0,0.0,0.0,1.0,50.0,2.940999984741211,,,,,,,,,,,,,,,,,,,,,,,,,,,,,,,,,,,,,,,,,DAL,TE,2025,104.1,145.1,186.1
3916148,Tony Pollard,17.0,0.0,0.0,0.0,0.0,0.0,0.0,0.0,0.0,0.0,0.0,0.0,0.0,0.0,0.0,0.01,39.58300018310547,0.02,242.0,1082.0,4.4710001945495605,65.0,6.0,5.0,63.64706039428711,3.0,2.0,48.0,33.0,41.0,206.0,6.242000102996826,0.0,29.0,1.0,12.117647171020508,1.0,1.0,203.0,11.0,0.0,0.0,0.0,0.0,0.0,0.0,0.0,0.0,0.0,0.0,0.0,5.0,0.0,0.0,5.0,0.0,0.0,0.0,30.0,1.7649999856948853,,,,,,,,,,,,,,,,,,,,,,,,,,,,,,,,,,,,,,,,,TEN,RB,2025,152.79999999999998,169.29999999999998,185.79999999999998
3121023,Dallas Goedert,15.0,0.0,0.0,0.0,0.0,0.0,0.0,0.0,0.0,0.0,0.0,0.0,0.0,0.0,0.0,,39.58300018310547,,0.0,0.0,0.0,0.0,0.0,0.0,0.0,0.0,0.0,0.0,60.0,82.0,591.0,9.850000381469727,11.0,36.0,7.0,39.400001525878906,0.0,0.0,234.0,34.0,2.0,0.0,2.0,0.0,0.0,0.0,0.0,0.0,0.0,0.0,0.0,0.0,11.0,0.0,11.0,0.0,0.0,0.0,66.0,4.400000095367432,,,,,,,,,,,,,,,,,,,,,,,,,,,,,,,,,,,,,,,,,PHI,TE,2025,125.1,155.1,185.1
4360078,Alec Pierce,15.0,0.0,0.0,0.0,0.0,0.0,0.0,0.0,0.0,0.0,0.0,0.0,0.0,0.0,0.0,,39.58300018310547,,0.0,0.0,0.0,0.0,0.0,0.0,0.0,0.0,0.0,0.0,47.0,84.0,1003.0,21.34000015258789,6.0,66.0,17.0,66.86666870117188,0.0,0.0,174.0,41.0,3.0,0.0,3.0,0.0,0.0,0.0,1.0,0.0,0.0,0.0,0.0,0.0,6.0,0.0,6.0,0.0,0.0,0.0,36.0,2.4000000953674316,,,,,,,,,,,,,,,,,,,,,,,,,,,,,,,,,,,,,,,,,IND,WR,2025,136.3,159.8,183.3
15818,Keenan Allen,17.0,0.0,0.0,0.0,0.0,0.0,0.0,0.0,0.0,0.0,0.0,0.0,0.0,0.0,0.0,,39.58300018310547,,0.0,0.0,0.0,0.0,0.0,0.0,0.0,0.0,0.0,0.0,81.0,122.0,777.0,9.593000411987305,4.0,31.0,6.0,45.70588302612305,2.0,0.0,231.0,49.0,3.0,0.0,3.0,0.0,0.0,0.0,0.0,0.0,0.0,0.0,0.0,0.0,4.0,0.0,4.0,0.0,0.0,0.0,24.0,1.4119999408721924,,,,,,,,,,,,,,,,,,,,,,,,,,,,,,,,,,,,,,,,,,,2025,101.7,142.2,182.7
4612826,Ladd McConkey,16.0,0.0,0.0,0.0,0.0,0.0,0.0,0.0,0.0,0.0,0.0,0.0,0.0,0.0,0.0,,39.58300018310547,,0.0,0.0,0.0,0.0,0.0,0.0,0.0,0.0,0.0,0.0,66.0,106.0,789.0,11.954999923706055,6.0,58.0,8.0,49.3125,0.0,0.0,310.0,35.0,1.0,0.0,1.0,0.0,0.0,0.0,0.0,0.0,0.0,0.0,0.0,0.0,6.0,0.0,6.0,0.0,0.0,0.0,36.0,2.25,0.0,0.0,0.0,0.0,0.0,3.0,23.0,7.666666507720947,10.0,0.0,8.0,,,,,,,,,,,,,,,,,,,,,,,,,,,,,,LAC,WR,2025,114.9,147.9,180.9
3929645,Juwan Johnson,17.0,,,0.0,0.0,0.0,0.0,0.0,0.0,0.0,0.0,0.0,0.0,0.0,0.0,,39.58300018310547,,0.0,0.0,0.0,0.0,0.0,0.0,0.0,0.0,0.0,0.0,77.0,102.0,889.0,11.545000076293945,3.0,52.0,11.0,52.29411697387695,2.0,2.0,362.0,41.0,,,,,,,,,,,,0.0,3.0,0.0,3.0,0.0,0.0,0.0,18.0,1.059000015258789,,,,,,,,,,,,,,,,,,,,,,,,,,,,,,,,,,,,,,,,,NO,TE,2025,102.9,141.4,179.9
4426385,Zach Charbonnet,16.0,0.0,0.0,0.0,0.0,0.0,0.0,0.0,0.0,0.0,0.0,0.0,0.0,0.0,0.0,,39.58300018310547,,184.0,730.0,3.9670000076293945,30.0,5.0,12.0,45.625,0.0,0.0,48.0,20.0,24.0,144.0,7.199999809265137,0.0,21.0,1.0,9.0,0.0,0.0,123.0,7.0,0.0,1.0,1.0,0.0,0.0,0.0,0.0,0.0,0.0,0.0,0.0,12.0,0.0,0.0,12.0,0.0,0.0,1.0,74.0,4.625,,,,,,,,,,,,,,,,,,,,,,,,,,,,,,,,,,,,,,,,,SEA,RB,2025,159.4,169.4,179.4
4361741,Brock Purdy,9.0,,,0.0,197.0,284.0,69.36599731445312,2167.0,7.630000114440918,240.77777099609375,45.0,20.0,10.0,11.0,53.0,72.43,100.48400115966797,72.81,33.0,147.0,4.454999923706055,26.0,1.0,3.0,16.33333396911621,0.0,0.0,16.0,0.0,0.0,0.0,0.0,0.0,0.0,0.0,0.0,0.0,0.0,0.0,0.0,,,,,,,,,,,,3.0,0.0,0.0,3.0,0.0,0.0,0.0,18.0,2.0,,,,,,,,,,,,,,,,,,,,,,,,,,,,,,,,,,,,,,,,,SF,QB,2025,179.38,179.38,179.38
3046439,Hunter Henry,17.0,,,0.0,0.0,0.0,0.0,0.0,0.0,0.0,0.0,0.0,0.0,0.0,0.0,,39.58300018310547,,0.0,0.0,0.0,0.0,0.0,0.0,0.0,0.0,0.0,0.0,60.0,87.0,768.0,12.800000190734863,7.0,36.0,11.0,45.17647171020508,0.0,0.0,335.0,42.0,,,,,,,,,,,,0.0,7.0,0.0,7.0,0.0,0.0,0.0,42.0,2.4709999561309814,,,,,,,,,,,,,,,,,,,,,,,,,,,,,,,,,,,,,,,,,NE,TE,2025,118.8,148.8,178.8
3117256,Dalton Schultz,17.0,0.0,0.0,0.0,0.0,0.0,0.0,0.0,0.0,0.0,0.0,0.0,0.0,0.0,0.0,,39.58300018310547,,0.0,0.0,0.0,0.0,0.0,0.0,0.0,0.0,0.0,0.0,82.0,106.0,777.0,9.47599983215332,3.0,47.0,5.0,45.70588302612305,1.0,0.0,358.0,39.0,1.0,1.0,2.0,0.0,0.0,0.0,0.0,0.0,0.0,0.0,0.0,0.0,3.0,0.0,3.0,0.0,0.0,0.0,18.0,1.059000015258789,,,,,,,,,,,,,,,,,,,,,,,,,,,,,,,,,,,,,,,,,HOU,TE,2025,95.7,136.7,177.7
3916433,Jakobi Meyers,16.0,0.0,0.0,0.0,0.0,0.0,0.0,0.0,0.0,0.0,0.0,0.0,0.0,0.0,0.0,,39.58300018310547,,5.0,13.0,2.5999999046325684,4.0,0.0,0.0,0.8125,0.0,0.0,1.0,75.0,110.0,835.0,11.133000373840332,3.0,50.0,10.0,52.1875,1.0,1.0,282.0,43.0,0.0,1.0,1.0,0.0,0.0,0.0,0.0,0.0,0.0,0.0,0.0,0.0,3.0,0.0,3.0,0.0,0.0,0.0,18.0,1.125,,,,,,,,,,,,,,,,,,,,,,,,,,,,,,,,,,,,,,,,,JAX,WR,2025,100.8,138.3,175.8
4569173,Rhamondre Stevenson,14.0,,,0.0,0.0,0.0,0.0,0.0,0.0,0.0,0.0,0.0,0.0,0.0,0.0,79.11,39.58300018310547,75.73,130.0,603.0,4.638000011444092,56.0,7.0,7.0,43.07143020629883,2.0,2.0,29.0,32.0,37.0,345.0,10.781000137329102,2.0,55.0,5.0,24.64285659790039,1.0,1.0,263.0,11.0,,,,,,,,,,,,7.0,2.0,0.0,9.0,0.0,0.0,2.0,58.0,4.14300012588501,2.0,40.0,20.0,23.0,0.0,0.0,0.0,0.0,0.0,0.0,0.0,,,,,,,,,,,,,,,,,,,,,,,,,,,,,,NE,RB,2025,142.8,158.8,174.8
4432665,Brock Bowers,12.0,0.0,0.0,0.0,0.0,0.0,0.0,0.0,0.0,0.0,0.0,0.0,0.0,0.0,0.0,,39.58300018310547,,2.0,2.0,1.0,6.0,0.0,0.0,0.1666666716337204,0.0,0.0,0.0,64.0,86.0,680.0,10.625,7.0,38.0,8.0,56.66666793823242,0.0,0.0,303.0,36.0,2.0,0.0,2.0,0.0,0.0,0.0,0.0,0.0,0.0,0.0,0.0,0.0,7.0,0.0,7.0,0.0,0.0,1.0,44.0,3.6670000553131104,,,,,,,,,,,,,,,,,,,,,,,,,,,,,,,,,,,,,,,,,LV,TE,2025,110.2,142.2,174.2
15864,Geno Smith,15.0,0.0,0.0,-2.0,302.0,448.0,67.41100311279297,3025.0,6.751999855041504,201.6666717529297,61.0,19.0,17.0,55.0,405.0,33.03,84.71900177001953,34.08,41.0,109.0,2.6589999198913574,20.0,1.0,0.0,7.266666889190674,1.0,0.0,13.0,0.0,0.0,0.0,0.0,0.0,0.0,0.0,0.0,0.0,0.0,0.0,0.0,0.0,0.0,0.0,0.0,0.0,0.0,0.0,0.0,0.0,0.0,0.0,0.0,0.0,0.0,0.0,0.0,0.0,0.0,0.0,0.0,,,,,,,,,,,,,,,,,,,,,,,,,,,,,,,,,,,,,,,,,NYJ,QB,2025,173.9,173.9,173.9
4432620,Parker Washington,16.0,0.0,0.0,0.0,0.0,0.0,0.0,0.0,0.0,0.0,0.0,0.0,0.0,0.0,0.0,,39.58300018310547,,7.0,0.0,0.0,5.0,0.0,0.0,0.0,0.0,0.0,1.0,58.0,95.0,847.0,14.602999687194824,5.0,63.0,17.0,52.9375,0.0,0.0,265.0,37.0,2.0,0.0,2.0,0.0,0.0,0.0,0.0,0.0,0.0,0.0,0.0,0.0,5.0,0.0,5.0,0.0,0.0,0.0,30.0,1.875,3.0,75.0,25.0,32.0,0.0,25.0,341.0,13.640000343322754,87.0,2.0,13.0,,,,,,,,,,,,,,,,,,,,,,,,,,,,,,JAX,WR,2025,114.7,143.7,172.7
3886598,Jauan Jennings,15.0,0.0,0.0,0.0,0.0,0.0,0.0,0.0,0.0,0.0,0.0,0.0,0.0,0.0,0.0,,39.58300018310547,,0.0,0.0,0.0,0.0,0.0,0.0,0.0,0.0,0.0,0.0,55.0,90.0,643.0,11.690999984741211,9.0,42.0,9.0,42.86666488647461,1.0,1.0,181.0,36.0,1.0,0.0,1.0,0.0,0.0,0.0,0.0,0.0,0.0,0.0,0.0,0.0,9.0,0.0,9.0,0.0,0.0,1.0,56.0,3.7330000400543213,,,,,,,,,,,,,,,,,,,,,,,,,,,,,,,,,,,,,,,,,MIN,WR,2025,116.3,143.8,171.3
4429025,Quentin Johnston,14.0,0.0,0.0,0.0,0.0,0.0,0.0,0.0,0.0,0.0,0.0,0.0,0.0,0.0,0.0,,39.58300018310547,,2.0,7.0,3.5,9.0,0.0,0.0,0.5,0.0,0.0,0.0,51.0,85.0,735.0,14.411999702453613,8.0,60.0,13.0,52.5,1.0,1.0,221.0,27.0,1.0,0.0,1.0,0.0,0.0,0.0,0.0,0.0,0.0,0.0,0.0,0.0,8.0,0.0,8.0,0.0,0.0,0.0,48.0,3.428999900817871,,,,,,,,,,,,,,,,,,,,,,,,,,,,,,,,,,,,,,,,,LAC,WR,2025,120.2,145.7,171.2
4431280,Troy Franklin,17.0,0.0,0.0,0.0,0.0,0.0,0.0,0.0,0.0,0.0,0.0,0.0,0.0,0.0,0.0,,39.58300018310547,,5.0,12.0,2.4000000953674316,11.0,0.0,0.0,0.7058823704719543,0.0,0.0,2.0,65.0,104.0,709.0,10.907999992370605,6.0,48.0,9.0,41.70588302612305,1.0,1.0,282.0,32.0,2.0,0.0,2.0,0.0,0.0,0.0,0.0,0.0,0.0,0.0,0.0,0.0,6.0,0.0,6.0,0.0,0.0,3.0,42.0,2.4709999561309814,,,,,,,,,,,,,,,,,,,,,,,,,,,,,,,,,,,,,,,,,DEN,WR,2025,106.10000000000001,138.60000000000002,171.10000000000002
2473037,Jason Myers,17.0,0.0,0.0,0.0,,,,,,,,,,,,,,,,,,,,,,,,,,,,,,,,,,,,,2.0,0.0,2.0,0.0,0.0,0.0,0.0,0.0,0.0,0.0,0.0,0.0,0.0,0.0,0.0,41.0,48.0,0.0,171.0,10.059000015258789,,,,,,,,,,,,41.0,48.0,85.41699981689453,57.0,0.0,5.0,14.0,13.0,9.0,0.0,6.0,15.0,15.0,12.0,48.0,48.0,100.0,,,,,,,,,,,,,SEA,PK,2025,171.0,171.0,171.0
3915416,DJ Moore,17.0,0.0,0.0,0.0,1.0,1.0,100.0,2.0,2.0,0.11764705926179886,2.0,1.0,0.0,0.0,0.0,99.99,118.75,99.99,15.0,79.0,5.267000198364258,17.0,0.0,1.0,4.647058963775635,0.0,0.0,5.0,50.0,85.0,682.0,13.640000343322754,6.0,46.0,12.0,40.117645263671875,1.0,1.0,222.0,32.0,1.0,0.0,1.0,0.0,0.0,0.0,0.0,0.0,0.0,0.0,0.0,1.0,6.0,0.0,7.0,0.0,0.0,0.0,42.0,2.4709999561309814,,,,,,,,,,,,,,,,,,,,,,,,,,,,,,,,,,,,,,,,,BUF,WR,2025,120.18,145.18,170.18
4685702,Quinshon Judkins,14.0,,,0.0,0.0,0.0,0.0,0.0,0.0,0.0,0.0,0.0,0.0,0.0,0.0,51.1,39.58300018310547,48.65,230.0,827.0,3.5959999561309814,46.0,4.0,7.0,59.07143020629883,0.0,0.0,50.0,26.0,36.0,171.0,6.577000141143799,0.0,58.0,1.0,12.214285850524902,0.0,0.0,194.0,7.0,,,,,,,,,,,,7.0,0.0,0.0,7.0,0.0,0.0,1.0,44.0,3.1429998874664307,,,,,,,,,,,,,,,,,,,,,,,,,,,,,,,,,,,,,,,,,CLE,RB,2025,141.8,154.8,167.8
4373678,Khalil Shakir,16.0,0.0,0.0,0.0,0.0,0.0,0.0,0.0,0.0,0.0,0.0,0.0,0.0,0.0,0.0,,39.58300018310547,,1.0,5.0,5.0,5.0,0.0,0.0,0.3125,0.0,0.0,0.0,72.0,95.0,719.0,9.986000061035156,4.0,54.0,8.0,44.9375,1.0,1.0,541.0,29.0,2.0,0.0,2.0,0.0,0.0,0.0,0.0,0.0,0.0,0.0,0.0,0.0,4.0,0.0,4.0,0.0,0.0,0.0,24.0,1.5,0.0,0.0,0.0,0.0,0.0,16.0,124.0,7.75,28.0,0.0,9.0,,,,,,,,,,,,,,,,,,,,,,,,,,,,,,BUF,WR,2025,94.4,130.4,166.4
4723086,Colston Loveland,16.0,0.0,0.0,0.0,0.0,0.0,0.0,0.0,0.0,0.0,0.0,0.0,0.0,0.0,0.0,,39.58300018310547,,1.0,-2.0,-2.0,-2.0,0.0,0.0,-0.125,0.0,0.0,0.0,58.0,82.0,713.0,12.293000221252441,6.0,58.0,10.0,44.5625,0.0,0.0,250.0,35.0,1.0,0.0,1.0,0.0,0.0,0.0,0.0,0.0,0.0,0.0,0.0,0.0,6.0,0.0,6.0,0.0,0.0,0.0,36.0,2.25,,,,,,,,,,,,,,,,,,,,,,,,,,,,,,,,,,,,,,,,,CHI,TE,2025,107.1,136.1,165.1
4035538,David Montgomery,17.0,,,-9.0,1.0,2.0,50.0,3.0,1.5,0.1764705926179886,3.0,1.0,0.0,1.0,5.0,35.94,95.83300018310547,34.95,158.0,716.0,4.5320000648498535,72.0,3.0,8.0,42.117645263671875,2.0,1.0,41.0,24.0,29.0,192.0,8.0,0.0,23.0,1.0,11.29411792755127,0.0,0.0,199.0,11.0,,,,,,,,,,,,8.0,0.0,0.0,8.0,0.0,0.0,1.0,50.0,2.940999984741211,,,,,,,,,,,,,,,,,,,,,,,,,,,,,,,,,,,,,,,,,HOU,RB,2025,140.92,152.92,164.92
4361432,Romeo Doubs,16.0,,,0.0,0.0,0.0,0.0,0.0,0.0,0.0,0.0,0.0,0.0,0.0,0.0,,39.58300018310547,,0.0,0.0,0.0,0.0,0.0,0.0,0.0,0.0,0.0,0.0,55.0,85.0,724.0,13.163999557495117,6.0,48.0,12.0,45.25,1.0,0.0,163.0,41.0,,,,,,,,,,,,0.0,6.0,0.0,6.0,0.0,0.0,1.0,38.0,2.375,0.0,0.0,0.0,0.0,0.0,15.0,94.0,6.266666889190674,16.0,0.0,6.0,,,,,,,,,,,,,,,,,,,,,,,,,,,,,,NE,WR,2025,108.4,135.9,163.4
4428718,Tre Tucker,17.0,0.0,0.0,0.0,0.0,0.0,0.0,0.0,0.0,0.0,0.0,0.0,0.0,0.0,0.0,,39.58300018310547,,11.0,51.0,4.636000156402588,10.0,0.0,0.0,3.0,0.0,0.0,1.0,57.0,92.0,696.0,12.211000442504883,5.0,61.0,9.0,40.94117736816406,0.0,0.0,291.0,32.0,2.0,0.0,2.0,0.0,0.0,0.0,0.0,0.0,0.0,0.0,0.0,0.0,5.0,0.0,5.0,0.0,0.0,0.0,30.0,1.7649999856948853,1.0,23.0,23.0,23.0,0.0,7.0,49.0,7.0,15.0,0.0,4.0,,,,,,,,,,,,,,,,,,,,,,,,,,,,,,LV,WR,2025,104.69999999999999,133.2,161.7
3040151,George Kittle,11.0,0.0,0.0,0.0,0.0,0.0,0.0,0.0,0.0,0.0,0.0,0.0,0.0,0.0,0.0,,39.58300018310547,,1.0,-3.0,-3.0,-3.0,0.0,0.0,-0.27272728085517883,0.0,0.0,0.0,57.0,69.0,628.0,11.017999649047852,7.0,33.0,9.0,57.09090805053711,0.0,0.0,252.0,38.0,1.0,0.0,1.0,0.0,0.0,0.0,0.0,0.0,0.0,0.0,0.0,0.0,7.0,0.0,7.0,0.0,0.0,0.0,42.0,3.818000078201294,,,,,,,,,,,,,,,,,,,,,,,,,,,,,,,,,,,,,,,,,SF,TE,2025,104.5,133.0,161.5
4360516,Tyrone Tracy Jr.,15.0,,,0.0,0.0,0.0,0.0,0.0,0.0,0.0,0.0,0.0,0.0,0.0,0.0,,39.58300018310547,,176.0,740.0,4.204999923706055,31.0,3.0,2.0,49.33333206176758,0.0,0.0,39.0,36.0,48.0,288.0,8.0,2.0,42.0,4.0,19.200000762939453,1.0,1.0,314.0,14.0,,,,,,,,,,,,2.0,2.0,0.0,4.0,0.0,0.0,0.0,24.0,1.600000023841858,5.0,132.0,26.399999618530273,30.0,0.0,0.0,0.0,0.0,0.0,0.0,0.0,,,,,,,,,,,,,,,,,,,,,,,,,,,,,,NYG,RB,2025,124.8,142.8,160.8
4241479,Tua Tagovailoa,14.0,0.0,0.0,-20.0,260.0,384.0,67.70800018310547,2660.0,6.927000045776367,190.0,47.0,20.0,15.0,30.0,195.0,36.88,88.45500183105469,37.47,20.0,43.0,2.1500000953674316,8.0,0.0,0.0,3.0714285373687744,6.0,0.0,1.0,0.0,0.0,0.0,0.0,0.0,0.0,0.0,0.0,0.0,0.0,0.0,0.0,0.0,0.0,0.0,0.0,0.0,0.0,0.0,0.0,0.0,0.0,0.0,0.0,0.0,0.0,0.0,0.0,0.0,0.0,0.0,0.0,,,,,,,,,,,,,,,,,,,,,,,,,,,,,,,,,,,,,,,,,ATL,QB,2025,160.70000000000002,160.70000000000002,160.70000000000002
2971573,Ka'imi Fairbairn,15.0,0.0,0.0,0.0,,,,,,,,,,,,,,,,,,,,,,,,,,,,,,,,,,,,,1.0,0.0,1.0,0.0,0.0,0.0,0.0,0.0,0.0,0.0,0.0,0.0,0.0,0.0,0.0,44.0,28.0,0.0,160.0,10.666999816894531,,,,,,,,,,,,44.0,48.0,91.66699981689453,57.0,0.0,8.0,11.0,16.0,9.0,0.0,8.0,11.0,16.0,13.0,28.0,28.0,100.0,,,,,,,,,,,,,HOU,PK,2025,160.0,160.0,160.0
4360689,Tyler Shough,11.0,0.0,0.0,-2.0,221.0,327.0,67.58399963378906,2384.0,7.290999889373779,216.72727966308594,62.0,10.0,6.0,31.0,195.0,51.57,91.3290023803711,48.75,45.0,186.0,4.132999897003174,34.0,2.0,3.0,16.909090042114258,1.0,1.0,11.0,0.0,0.0,0.0,0.0,0.0,0.0,0.0,0.0,0.0,0.0,0.0,0.0,1.0,0.0,1.0,0.0,0.0,0.0,0.0,0.0,0.0,0.0,0.0,3.0,0.0,0.0,3.0,0.0,0.0,1.0,20.0,1.8179999589920044,,,,,,,,,,,,,,,,,,,,,,,,,,,,,,,,,,,,,,,,,NO,QB,2025,157.96,157.96,157.96
3953687,Brandon Aubrey,17.0,0.0,0.0,0.0,0.0,0.0,0.0,0.0,0.0,0.0,0.0,0.0,0.0,0.0,0.0,,39.58300018310547,,1.0,6.0,6.0,6.0,0.0,0.0,0.3529411852359772,0.0,0.0,1.0,0.0,0.0,0.0,0.0,0.0,0.0,0.0,0.0,0.0,0.0,0.0,0.0,1.0,0.0,1.0,0.0,0.0,0.0,0.0,0.0,0.0,0.0,0.0,0.0,0.0,0.0,0.0,36.0,47.0,0.0,155.0,9.118000030517578,,,,,,,,,,,,36.0,42.0,85.71399688720703,64.0,0.0,10.0,5.0,10.0,11.0,0.0,10.0,5.0,10.0,17.0,47.0,48.0,97.91699981689453,,,,,,,,,,,,,DAL,PK,2025,155.6,155.6,155.6
11252,Joe Flacco,13.0,,,0.0,251.0,416.0,60.33700180053711,2479.0,5.959000110626221,190.6923065185547,44.0,15.0,10.0,18.0,118.0,43.6,79.1969985961914,40.97,21.0,35.0,1.6670000553131104,13.0,0.0,1.0,2.692307710647583,0.0,0.0,9.0,0.0,0.0,0.0,0.0,0.0,0.0,0.0,0.0,0.0,0.0,0.0,0.0,,,,,,,,,,,,1.0,0.0,0.0,1.0,0.0,0.0,0.0,6.0,0.4620000123977661,,,,,,,,,,,,,,,,,,,,,,,,,,,,,,,,,,,,,,,,,CIN,QB,2025,148.66,148.66,148.66
4428331,Rashee Rice,8.0,0.0,0.0,0.0,0.0,0.0,0.0,0.0,0.0,0.0,0.0,0.0,0.0,0.0,0.0,0.0,39.58300018310547,0.0,5.0,20.0,4.0,7.0,0.0,1.0,2.5,1.0,0.0,2.0,53.0,78.0,571.0,10.77400016784668,5.0,47.0,9.0,71.375,1.0,0.0,414.0,28.0,0.0,0.0,0.0,0.0,0.0,0.0,0.0,0.0,0.0,0.0,0.0,1.0,5.0,0.0,6.0,0.0,0.0,1.0,38.0,4.75,,,,,,,,,,,,,,,,,,,,,,,,,,,,,,,,,,,,,,,,,KC,WR,2025,95.1,121.6,148.1
4362081,Cameron Dicker,17.0,0.0,0.0,0.0,,,,,,,,,,,,,,,,,,,,,,,,,,,,,,,,,,,,,2.0,2.0,4.0,0.0,0.0,0.0,0.0,0.0,0.0,0.0,0.0,0.0,0.0,0.0,0.0,38.0,34.0,0.0,148.0,8.706000328063965,,,,,,,,,,,,38.0,41.0,92.68299865722656,59.0,0.0,7.0,14.0,12.0,5.0,0.0,7.0,15.0,13.0,6.0,34.0,35.0,97.14299774169922,,,,,,,,,,,,,LAC,PK,2025,148.0,148.0,148.0
4576297,AJ Barner,17.0,0.0,0.0,0.0,0.0,0.0,0.0,0.0,0.0,0.0,0.0,0.0,0.0,0.0,0.0,69.78,39.58300018310547,69.37,10.0,14.0,1.399999976158142,2.0,0.0,1.0,0.8235294222831726,0.0,0.0,9.0,52.0,68.0,519.0,9.980999946594238,6.0,61.0,3.0,30.52941131591797,2.0,0.0,271.0,26.0,1.0,1.0,2.0,0.0,0.0,0.0,0.0,0.0,0.0,0.0,0.0,1.0,6.0,0.0,7.0,0.0,0.0,0.0,42.0,2.4709999561309814,,,,,,,,,,,,,,,,,,,,,,,,,,,,,,,,,,,,,,,,,SEA,TE,2025,95.30000000000001,121.30000000000001,147.3
4431299,Rome Odunze,12.0,0.0,0.0,0.0,0.0,0.0,0.0,0.0,0.0,0.0,0.0,0.0,0.0,0.0,0.0,,39.58300018310547,,0.0,0.0,0.0,0.0,0.0,0.0,0.0,0.0,0.0,0.0,44.0,90.0,661.0,15.02299976348877,6.0,37.0,13.0,55.08333206176758,0.0,0.0,214.0,37.0,0.0,0.0,0.0,0.0,0.0,0.0,0.0,0.0,0.0,0.0,0.0,0.0,6.0,0.0,6.0,0.0,0.0,0.0,36.0,3.0,,,,,,,,,,,,,,,,,,,,,,,,,,,,,,,,,,,,,,,,,CHI,WR,2025,102.1,124.1,146.1
3059915,Kareem Hunt,17.0,0.0,0.0,0.0,0.0,0.0,0.0,0.0,0.0,0.0,0.0,0.0,0.0,0.0,0.0,,39.58300018310547,,163.0,611.0,3.747999906539917,33.0,1.0,8.0,35.94117736816406,2.0,1.0,55.0,18.0,25.0,143.0,7.943999767303467,1.0,22.0,1.0,8.411765098571777,0.0,0.0,153.0,8.0,1.0,0.0,1.0,0.0,0.0,0.0,0.0,0.0,0.0,0.0,0.0,8.0,1.0,0.0,9.0,0.0,0.0,0.0,54.0,3.1760001182556152,,,,,,,,,,,,,,,,,,,,,,,,,,,,,,,,,,,,,,,,,,,2025,127.4,136.4,145.4
4429059,Woody Marks,16.0,0.0,0.0,1.0,0.0,0.0,0.0,0.0,0.0,0.0,0.0,0.0,0.0,0.0,0.0,,39.58300018310547,,196.0,703.0,3.5869998931884766,23.0,2.0,2.0,43.9375,1.0,0.0,39.0,24.0,36.0,208.0,8.666999816894531,3.0,50.0,3.0,13.0,0.0,0.0,223.0,7.0,0.0,0.0,0.0,0.0,0.0,0.0,0.0,0.0,0.0,0.0,0.0,2.0,3.0,0.0,5.0,0.0,0.0,0.0,30.0,1.875,,,,,,,,,,,,,,,,,,,,,,,,,,,,,,,,,,,,,,,,,HOU,RB,2025,121.1,133.1,145.1
4032473,Rashid Shaheed,18.0,0.0,0.0,0.0,0.0,0.0,0.0,0.0,0.0,0.0,0.0,0.0,0.0,0.0,0.0,28.82,39.58300018310547,27.0,9.0,69.0,7.666999816894531,31.0,1.0,0.0,3.8333332538604736,0.0,0.0,3.0,59.0,92.0,687.0,11.644000053405762,2.0,87.0,6.0,38.16666793823242,1.0,1.0,177.0,29.0,1.0,0.0,1.0,0.0,0.0,0.0,0.0,0.0,0.0,0.0,0.0,0.0,2.0,0.0,2.0,0.0,0.0,0.0,12.0,0.6669999957084656,15.0,447.0,29.799999237060547,100.0,1.0,23.0,339.0,14.739130020141602,58.0,1.0,27.0,,,,,,,,,,,,,,,,,,,,,,,,,,,,,,SEA,WR,2025,85.60000000000001,115.10000000000001,144.60000000000002
4697815,Rachaad White,17.0,0.0,0.0,0.0,0.0,0.0,0.0,0.0,0.0,0.0,0.0,0.0,0.0,0.0,0.0,,39.58300018310547,,132.0,572.0,4.333000183105469,39.0,2.0,4.0,33.64706039428711,0.0,0.0,37.0,40.0,45.0,218.0,5.449999809265137,0.0,18.0,0.0,12.823529243469238,0.0,0.0,329.0,10.0,0.0,0.0,0.0,0.0,0.0,0.0,0.0,0.0,0.0,0.0,0.0,4.0,0.0,0.0,4.0,0.0,0.0,0.0,24.0,1.4119999408721924,,,,,,,,,,,,,,,,,,,,,,,,,,,,,,,,,,,,,,,,,WSH,RB,2025,103.0,123.0,143.0
4608686,Kyle Monangai,17.0,0.0,0.0,1.0,0.0,0.0,0.0,0.0,0.0,0.0,0.0,0.0,0.0,0.0,0.0,,39.58300018310547,,169.0,783.0,4.632999897003174,39.0,3.0,5.0,46.05882263183594,0.0,0.0,40.0,18.0,30.0,164.0,9.111000061035156,0.0,34.0,2.0,9.647058486938477,0.0,0.0,162.0,7.0,0.0,0.0,0.0,0.0,0.0,0.0,0.0,0.0,0.0,0.0,0.0,5.0,0.0,0.0,5.0,0.0,0.0,2.0,34.0,2.0,,,,,,,,,,,,,,,,,,,,,,,,,,,,,,,,,,,,,,,,,CHI,RB,2025,124.69999999999999,133.7,142.7
4575131,Jacory Croskey-Merritt,17.0,,,0.0,0.0,0.0,0.0,0.0,0.0,0.0,0.0,0.0,0.0,0.0,0.0,59.39,39.58300018310547,64.25,175.0,805.0,4.599999904632568,72.0,3.0,8.0,47.35293960571289,3.0,2.0,41.0,9.0,13.0,68.0,7.556000232696533,0.0,28.0,1.0,4.0,0.0,0.0,77.0,3.0,,,,,,,,,,,,8.0,0.0,0.0,8.0,0.0,0.0,0.0,48.0,2.8239998817443848,,,,,,,,,,,,,,,,,,,,,,,,,,,,,,,,,,,,,,,,,WSH,RB,2025,131.3,135.8,140.3
4686361,Cam Little,17.0,0.0,0.0,0.0,,,,,,,,,,,,,,,,,,,,,,,,,,,,,,,,,,,,,0.0,1.0,1.0,0.0,0.0,0.0,0.0,0.0,0.0,0.0,0.0,0.0,0.0,0.0,0.0,30.0,50.0,0.0,140.0,8.234999656677246,,,,,,,,,,,,30.0,34.0,88.23500061035156,68.0,0.0,5.0,9.0,8.0,8.0,0.0,5.0,9.0,10.0,10.0,50.0,51.0,98.03900146484375,,,,,,,,,,,,,JAX,PK,2025,140.0,140.0,140.0
4432773,Brian Thomas Jr.,14.0,0.0,0.0,0.0,0.0,0.0,0.0,0.0,0.0,0.0,0.0,0.0,0.0,0.0,0.0,,39.58300018310547,,3.0,21.0,7.0,9.0,0.0,1.0,1.5,0.0,0.0,2.0,48.0,91.0,707.0,14.729000091552734,2.0,46.0,11.0,50.5,0.0,0.0,159.0,33.0,1.0,0.0,1.0,0.0,0.0,0.0,0.0,0.0,0.0,0.0,0.0,1.0,2.0,0.0,3.0,0.0,0.0,0.0,18.0,1.2860000133514404,,,,,,,,,,,,,,,,,,,,,,,,,,,,,,,,,,,,,,,,,JAX,WR,2025,90.8,114.8,138.8
4596448,Bucky Irving,10.0,,,0.0,0.0,0.0,0.0,0.0,0.0,0.0,0.0,0.0,0.0,0.0,0.0,60.48,39.58300018310547,58.68,173.0,588.0,3.3989999294281006,32.0,1.0,1.0,58.79999923706055,1.0,1.0,27.0,30.0,35.0,277.0,9.232999801635742,3.0,72.0,5.0,27.700000762939453,0.0,0.0,360.0,11.0,,,,,,,,,,,,1.0,3.0,0.0,4.0,0.0,0.0,0.0,24.0,2.4000000953674316,,,,,,,,,,,,,,,,,,,,,,,,,,,,,,,,,,,,,,,,,TB,RB,2025,108.5,123.5,138.5
4688813,Josh Downs,16.0,0.0,0.0,0.0,0.0,0.0,0.0,0.0,0.0,0.0,0.0,0.0,0.0,0.0,0.0,,39.58300018310547,,2.0,-2.0,-1.0,3.0,0.0,0.0,-0.125,0.0,0.0,0.0,58.0,88.0,566.0,9.758999824523926,4.0,34.0,4.0,35.375,0.0,0.0,144.0,36.0,2.0,0.0,2.0,0.0,0.0,0.0,0.0,0.0,0.0,0.0,0.0,0.0,4.0,0.0,4.0,0.0,0.0,0.0,24.0,1.5,0.0,0.0,0.0,0.0,0.0,8.0,68.0,8.5,24.0,0.0,4.0,,,,,,,,,,,,,,,,,,,,,,,,,,,,,,IND,WR,2025,80.39999999999999,109.39999999999999,138.39999999999998
4241372,Hollywood Brown,16.0,0.0,0.0,0.0,0.0,0.0,0.0,0.0,0.0,0.0,0.0,0.0,0.0,0.0,0.0,,39.58300018310547,,0.0,0.0,0.0,0.0,0.0,0.0,0.0,0.0,0.0,0.0,49.0,74.0,587.0,11.979999542236328,5.0,51.0,7.0,36.6875,1.0,0.0,190.0,29.0,2.0,0.0,2.0,0.0,0.0,0.0,0.0,0.0,0.0,0.0,0.0,0.0,5.0,0.0,5.0,0.0,0.0,0.0,30.0,1.875,,,,,,,,,,,,,,,,,,,,,,,,,,,,,,,,,,,,,,,,,PHI,WR,2025,88.7,113.2,137.7
4685382,Omarion Hampton,9.0,0.0,0.0,2.0,0.0,0.0,0.0,0.0,0.0,0.0,0.0,0.0,0.0,0.0,0.0,,39.58300018310547,,124.0,545.0,4.394999980926514,54.0,3.0,4.0,60.55555725097656,0.0,0.0,31.0,32.0,35.0,192.0,6.0,1.0,22.0,1.0,21.33333396911621,1.0,0.0,245.0,7.0,1.0,0.0,1.0,0.0,0.0,0.0,0.0,0.0,0.0,0.0,0.0,4.0,1.0,0.0,5.0,0.0,0.0,0.0,30.0,3.3329999446868896,1.0,30.0,30.0,30.0,0.0,0.0,0.0,0.0,0.0,0.0,0.0,,,,,,,,,,,,,,,,,,,,,,,,,,,,,,LAC,RB,2025,103.7,119.7,135.7
4429205,Jordan Addison,14.0,0.0,0.0,0.0,0.0,0.0,0.0,0.0,0.0,0.0,0.0,0.0,0.0,0.0,0.0,,39.58300018310547,,2.0,81.0,40.5,65.0,1.0,1.0,5.785714149475098,0.0,0.0,2.0,42.0,79.0,610.0,14.52400016784668,3.0,81.0,11.0,43.57143020629883,0.0,0.0,134.0,26.0,1.0,0.0,1.0,0.0,0.0,0.0,0.0,0.0,0.0,0.0,0.0,1.0,3.0,0.0,4.0,0.0,0.0,0.0,24.0,1.7139999866485596,,,,,,,,,,,,,,,,,,,,,,,,,,,,,,,,,,,,,,,,,MIN,WR,2025,93.1,114.1,135.1
4689936,Jake Bates,17.0,0.0,0.0,0.0,,,,,,,,,,,,,,,,,,,,,,,,,,,,,,,,,,,,,3.0,1.0,4.0,0.0,0.0,0.0,0.0,0.0,0.0,0.0,0.0,0.0,0.0,0.0,0.0,27.0,54.0,0.0,135.0,7.940999984741211,,,,,,,,,,,,27.0,34.0,79.41200256347656,59.0,0.0,6.0,8.0,9.0,4.0,0.0,6.0,8.0,11.0,9.0,54.0,56.0,96.42900085449219,,,,,,,,,,,,,DET,PK,2025,135.0,135.0,135.0
4362887,Justin Fields,9.0,,,-4.0,128.0,204.0,62.744998931884766,1259.0,6.171999931335449,139.88888549804688,42.0,7.0,1.0,27.0,192.0,39.55,89.48100280761719,38.74,71.0,383.0,5.394000053405762,43.0,2.0,4.0,42.55555725097656,2.0,2.0,26.0,0.0,1.0,0.0,0.0,0.0,0.0,0.0,0.0,0.0,0.0,0.0,0.0,,,,,,,,,,,,4.0,0.0,0.0,4.0,0.0,0.0,2.0,28.0,3.1110000610351562,,,,,,,,,,,,,,,,,,,,,,,,,,,,,,,,,,,,,,,,,KC,QB,2025,134.66,134.66,134.66
3915511,Joe Burrow,8.0,,,0.0,173.0,259.0,66.79499816894531,1809.0,6.985000133514404,226.125,43.0,17.0,5.0,17.0,113.0,60.56,100.68399810791016,63.01,14.0,41.0,2.928999900817871,9.0,0.0,0.0,5.125,0.0,0.0,5.0,0.0,0.0,0.0,0.0,0.0,0.0,0.0,0.0,0.0,0.0,0.0,0.0,,,,,,,,,,,,0.0,0.0,0.0,0.0,0.0,0.0,0.0,0.0,0.0,,,,,,,,,,,,,,,,,,,,,,,,,,,,,,,,,,,,,,,,,CIN,QB,2025,134.46,134.46,134.46
4569923,Andy Borregales,17.0,0.0,0.0,0.0,,,,,,,,,,,,,,,,,,,,,,,,,,,,,,,,,,,,,1.0,0.0,1.0,0.0,0.0,0.0,0.0,0.0,0.0,0.0,0.0,0.0,0.0,0.0,0.0,27.0,53.0,0.0,134.0,7.881999969482422,,,,,,,,,,,,27.0,32.0,84.375,59.0,2.0,6.0,8.0,7.0,4.0,2.0,6.0,9.0,11.0,4.0,53.0,55.0,96.36399841308594,,,,,,,,,,,,,NE,PK,2025,134.0,134.0,134.0
4697745,Tyler Loop,17.0,0.0,0.0,0.0,,,,,,,,,,,,,,,,,,,,,,,,,,,,,,,,,,,,,2.0,0.0,2.0,0.0,0.0,0.0,0.0,0.0,0.0,0.0,0.0,0.0,0.0,0.0,0.0,30.0,44.0,0.0,134.0,7.881999969482422,,,,,,,,,,,,30.0,34.0,88.23500061035156,52.0,0.0,10.0,11.0,8.0,1.0,0.0,10.0,11.0,9.0,4.0,44.0,46.0,95.6520004272461,,,,,,,,,,,,,BAL,PK,2025,134.0,134.0,134.0
4248528,Christian Watson,10.0,0.0,0.0,0.0,0.0,0.0,0.0,0.0,0.0,0.0,0.0,0.0,0.0,0.0,0.0,,39.58300018310547,,1.0,3.0,3.0,3.0,0.0,0.0,0.30000001192092896,0.0,0.0,0.0,35.0,55.0,611.0,17.457000732421875,6.0,52.0,11.0,61.099998474121094,0.0,0.0,118.0,28.0,1.0,0.0,1.0,0.0,0.0,0.0,0.0,0.0,0.0,0.0,0.0,0.0,6.0,0.0,6.0,0.0,0.0,0.0,36.0,3.5999999046325684,,,,,,,,,,,,,,,,,,,,,,,,,,,,,,,,,,,,,,,,,GB,WR,2025,97.39999999999999,114.89999999999999,132.39999999999998
4241464,Mac Jones,11.0,0.0,0.0,0.0,201.0,289.0,69.55000305175781,2151.0,7.442999839782715,195.5454559326172,56.0,13.0,6.0,16.0,108.0,62.16,97.39800262451172,62.25,36.0,60.0,1.6670000553131104,13.0,0.0,0.0,5.454545497894287,1.0,0.0,11.0,0.0,0.0,0.0,0.0,0.0,0.0,0.0,0.0,0.0,0.0,0.0,0.0,1.0,0.0,1.0,0.0,0.0,0.0,0.0,0.0,0.0,0.0,0.0,0.0,0.0,0.0,0.0,0.0,0.0,0.0,0.0,0.0,,,,,,,,,,,,,,,,,,,,,,,,,,,,,,,,,,,,,,,,,SF,QB,2025,132.04000000000002,132.04000000000002,132.04000000000002
4595342,Oronde Gadsden,15.0,0.0,0.0,0.0,0.0,0.0,0.0,0.0,0.0,0.0,0.0,0.0,0.0,0.0,0.0,,39.58300018310547,,0.0,0.0,0.0,0.0,0.0,0.0,0.0,0.0,0.0,0.0,49.0,69.0,664.0,13.550999641418457,3.0,53.0,11.0,44.266666412353516,1.0,1.0,221.0,28.0,0.0,1.0,1.0,0.0,0.0,0.0,0.0,0.0,0.0,0.0,0.0,0.0,3.0,0.0,3.0,0.0,0.0,0.0,18.0,1.2000000476837158,,,,,,,,,,,,,,,,,,,,,,,,,,,,,,,,,,,,,,,,,LAC,TE,2025,82.4,106.9,131.4
3116365,Mark Andrews,17.0,0.0,0.0,0.0,0.0,0.0,0.0,0.0,0.0,0.0,0.0,0.0,0.0,0.0,0.0,99.16,39.58300018310547,99.11,10.0,48.0,4.800000190734863,35.0,1.0,1.0,2.8235294818878174,0.0,0.0,7.0,48.0,70.0,422.0,8.791999816894531,5.0,27.0,3.0,24.823530197143555,1.0,0.0,101.0,24.0,2.0,0.0,2.0,0.0,0.0,0.0,0.0,0.0,0.0,0.0,0.0,1.0,5.0,0.0,6.0,0.0,0.0,0.0,36.0,2.118000030517578,,,,,,,,,,,,,,,,,,,,,,,,,,,,,,,,,,,,,,,,,BAL,TE,2025,83.0,107.0,131.0
4567104,Will Reichard,17.0,0.0,0.0,0.0,,,,,,,,,,,,,,,,,,,,,,,,,,,,,,,,,,,,,2.0,0.0,2.0,0.0,0.0,0.0,0.0,0.0,0.0,0.0,0.0,0.0,0.0,0.0,0.0,33.0,31.0,0.0,130.0,7.646999835968018,,,,,,,,,,,,33.0,35.0,94.28600311279297,62.0,0.0,6.0,9.0,7.0,11.0,0.0,6.0,9.0,7.0,13.0,31.0,31.0,100.0,,,,,,,,,,,,,MIN,PK,2025,130.0,130.0,130.0
3055899,Harrison Butker,17.0,0.0,0.0,0.0,,,,,,,,,,,,,,,,,,,,,,,,,,,,,,,,,,,,,1.0,1.0,2.0,0.0,0.0,0.0,0.0,0.0,0.0,0.0,0.0,0.0,0.0,0.0,0.0,33.0,31.0,0.0,130.0,7.646999835968018,,,,,,,,,,,,33.0,38.0,86.84200286865234,59.0,1.0,9.0,9.0,9.0,5.0,1.0,9.0,9.0,11.0,8.0,31.0,35.0,88.57099914550781,,,,,,,,,,,,,KC,PK,2025,130.0,130.0,130.0
4242557,Colby Parkinson,15.0,0.0,0.0,0.0,0.0,0.0,0.0,0.0,0.0,0.0,0.0,0.0,0.0,0.0,0.0,,39.58300018310547,,0.0,0.0,0.0,0.0,0.0,0.0,0.0,0.0,0.0,0.0,43.0,56.0,408.0,9.48799991607666,8.0,26.0,4.0,27.200000762939453,1.0,1.0,271.0,24.0,1.0,0.0,1.0,0.0,0.0,0.0,0.0,0.0,0.0,0.0,0.0,0.0,8.0,0.0,8.0,0.0,0.0,0.0,48.0,3.200000047683716,,,,,,,,,,,,,,,,,,,,,,,,,,,,,,,,,,,,,,,,,LAR,TE,2025,86.8,108.3,129.8
4877706,Jayden Higgins,17.0,0.0,0.0,0.0,0.0,0.0,0.0,0.0,0.0,0.0,0.0,0.0,0.0,0.0,0.0,,39.58300018310547,,0.0,0.0,0.0,0.0,0.0,0.0,0.0,0.0,0.0,0.0,41.0,68.0,525.0,12.805000305175781,6.0,75.0,5.0,30.882352828979492,0.0,0.0,123.0,28.0,1.0,0.0,1.0,0.0,0.0,0.0,0.0,0.0,0.0,0.0,0.0,0.0,6.0,0.0,6.0,0.0,0.0,0.0,36.0,2.118000030517578,,,,,,,,,,,,,,,,,,,,,,,,,,,,,,,,,,,,,,,,,HOU,WR,2025,88.5,109.0,129.5
4360569,Jordan Mason,16.0,0.0,0.0,0.0,0.0,0.0,0.0,0.0,0.0,0.0,0.0,0.0,0.0,0.0,0.0,78.89,39.58300018310547,79.57,159.0,758.0,4.767000198364258,24.0,4.0,6.0,47.375,2.0,1.0,45.0,14.0,16.0,51.0,3.6429998874664307,0.0,13.0,0.0,3.1875,1.0,0.0,102.0,1.0,0.0,1.0,1.0,0.0,0.0,0.0,0.0,0.0,0.0,0.0,0.0,6.0,0.0,0.0,6.0,0.0,0.0,0.0,36.0,2.25,,,,,,,,,,,,,,,,,,,,,,,,,,,,,,,,,,,,,,,,,MIN,RB,2025,114.89999999999999,121.89999999999999,128.89999999999998
3150744,Chase McLaughlin,17.0,0.0,0.0,0.0,,,,,,,,,,,,,,,,,,,,,,,,,,,,,,,,,,,,,0.0,1.0,1.0,0.0,0.0,0.0,0.0,0.0,0.0,0.0,0.0,0.0,0.0,0.0,0.0,32.0,32.0,0.0,128.0,7.5289998054504395,,,,,,,,,,,,32.0,38.0,84.21099853515625,65.0,0.0,6.0,9.0,6.0,11.0,0.0,6.0,11.0,9.0,12.0,32.0,33.0,96.97000122070312,,,,,,,,,,,,,TB,PK,2025,128.0,128.0,128.0
4685278,Luther Burden III,15.0,,,0.0,0.0,0.0,0.0,0.0,0.0,0.0,0.0,0.0,0.0,0.0,0.0,,39.58300018310547,,6.0,37.0,6.166999816894531,15.0,0.0,0.0,2.4666666984558105,0.0,0.0,3.0,47.0,60.0,652.0,13.871999740600586,2.0,65.0,11.0,43.46666717529297,0.0,0.0,334.0,27.0,,,,,,,,,,,,0.0,2.0,0.0,2.0,0.0,0.0,0.0,12.0,0.800000011920929,8.0,223.0,27.875,44.0,0.0,0.0,0.0,0.0,0.0,0.0,0.0,,,,,,,,,,,,,,,,,,,,,,,,,,,,,,CHI,WR,2025,80.9,104.4,127.9
4429148,Theo Johnson,15.0,,,0.0,0.0,0.0,0.0,0.0,0.0,0.0,0.0,0.0,0.0,0.0,0.0,,39.58300018310547,,0.0,0.0,0.0,0.0,0.0,0.0,0.0,0.0,0.0,0.0,45.0,74.0,528.0,11.732999801635742,5.0,42.0,8.0,35.20000076293945,0.0,0.0,187.0,25.0,,,,,,,,,,,,0.0,5.0,0.0,5.0,0.0,0.0,0.0,30.0,2.0,,,,,,,,,,,,,,,,,,,,,,,,,,,,,,,,,,,,,,,,,NYG,TE,2025,82.8,105.3,127.8
4433970,J.J. McCarthy,10.0,0.0,0.0,-5.0,140.0,243.0,57.612998962402344,1632.0,6.716000080108643,163.1999969482422,62.0,11.0,12.0,27.0,149.0,39.55,72.59100341796875,35.61,37.0,181.0,4.892000198364258,26.0,1.0,4.0,18.100000381469727,3.0,0.0,12.0,0.0,0.0,0.0,0.0,0.0,0.0,0.0,0.0,0.0,0.0,0.0,0.0,0.0,0.0,0.0,0.0,0.0,0.0,0.0,0.0,0.0,0.0,0.0,4.0,0.0,0.0,4.0,0.0,0.0,0.0,24.0,2.4000000953674316,,,,,,,,,,,,,,,,,,,,,,,,,,,,,,,,,,,,,,,,,MIN,QB,2025,127.38,127.38,127.38
4385690,Dalton Kincaid,12.0,,,0.0,0.0,0.0,0.0,0.0,0.0,0.0,0.0,0.0,0.0,0.0,0.0,,39.58300018310547,,0.0,0.0,0.0,0.0,0.0,0.0,0.0,0.0,0.0,0.0,39.0,49.0,571.0,14.640999794006348,5.0,47.0,13.0,47.58333206176758,1.0,0.0,259.0,27.0,,,,,,,,,,,,0.0,5.0,0.0,5.0,0.0,0.0,0.0,30.0,2.5,,,,,,,,,,,,,,,,,,,,,,,,,,,,,,,,,,,,,,,,,BUF,TE,2025,87.1,106.6,126.1
4432708,Marvin Harrison Jr.,12.0,,,0.0,0.0,0.0,0.0,0.0,0.0,0.0,0.0,0.0,0.0,0.0,0.0,,39.58300018310547,,0.0,0.0,0.0,0.0,0.0,0.0,0.0,0.0,0.0,0.0,41.0,73.0,608.0,14.829000473022461,4.0,45.0,9.0,50.66666793823242,0.0,0.0,119.0,30.0,,,,,,,,,,,,0.0,4.0,0.0,4.0,0.0,0.0,1.0,26.0,2.1670000553131104,,,,,,,,,,,,,,,,,,,,,,,,,,,,,,,,,,,,,,,,,ARI,WR,2025,84.8,105.3,125.8
4696981,Cam Skattebo,8.0,,,0.0,0.0,0.0,0.0,0.0,0.0,0.0,0.0,0.0,0.0,0.0,0.0,,39.58300018310547,,101.0,410.0,4.059000015258789,24.0,1.0,5.0,51.25,1.0,1.0,27.0,24.0,32.0,207.0,8.625,2.0,21.0,1.0,25.875,0.0,0.0,209.0,11.0,,,,,,,,,,,,5.0,2.0,0.0,7.0,0.0,0.0,1.0,44.0,5.5,,,,,,,,,,,,,,,,,,,,,,,,,,,,,,,,,,,,,,,,,NYG,RB,2025,101.7,113.7,125.7
2576980,Marcus Mariota,11.0,,,0.0,139.0,227.0,61.233001708984375,1695.0,7.4670000076293945,154.09091186523438,56.0,10.0,7.0,16.0,107.0,49.85,86.05899810791016,50.22,50.0,297.0,5.940000057220459,44.0,4.0,1.0,27.0,3.0,2.0,12.0,0.0,0.0,0.0,0.0,0.0,0.0,0.0,0.0,0.0,0.0,0.0,0.0,,,,,,,,,,,,1.0,0.0,0.0,1.0,0.0,0.0,0.0,6.0,0.5450000166893005,,,,,,,,,,,,,,,,,,,,,,,,,,,,,,,,,,,,,,,,,WSH,QB,2025,125.5,125.5,125.5
4241416,Chuba Hubbard,15.0,0.0,0.0,0.0,0.0,0.0,0.0,0.0,0.0,0.0,0.0,0.0,0.0,0.0,0.0,,39.58300018310547,,134.0,511.0,3.812999963760376,14.0,0.0,1.0,34.06666564941406,1.0,1.0,31.0,30.0,39.0,223.0,7.433000087738037,3.0,35.0,3.0,14.866666793823242,0.0,0.0,291.0,12.0,1.0,0.0,1.0,0.0,0.0,0.0,0.0,0.0,0.0,0.0,0.0,1.0,3.0,0.0,4.0,0.0,0.0,0.0,24.0,1.600000023841858,9.0,233.0,25.88888931274414,27.0,0.0,0.0,0.0,0.0,0.0,0.0,0.0,,,,,,,,,,,,,,,,,,,,,,,,,,,,,,CAR,RB,2025,95.4,110.4,125.4
4429022,Kayshon Boutte,14.0,0.0,0.0,0.0,0.0,0.0,0.0,0.0,0.0,0.0,0.0,0.0,0.0,0.0,0.0,,39.58300018310547,,0.0,0.0,0.0,0.0,0.0,0.0,0.0,0.0,0.0,0.0,33.0,46.0,551.0,16.69700050354004,6.0,39.0,10.0,39.35714340209961,0.0,0.0,38.0,27.0,1.0,0.0,1.0,0.0,0.0,0.0,0.0,0.0,0.0,0.0,0.0,0.0,6.0,0.0,6.0,0.0,0.0,0.0,36.0,2.571000099182129,,,,,,,,,,,,,,,,,,,,,,,,,,,,,,,,,,,,,,,,,NE,WR,2025,91.1,107.6,124.1
4360635,Chig Okonkwo,17.0,0.0,0.0,0.0,0.0,0.0,0.0,0.0,0.0,0.0,0.0,0.0,0.0,0.0,0.0,,39.58300018310547,,0.0,0.0,0.0,0.0,0.0,0.0,0.0,0.0,0.0,0.0,56.0,79.0,560.0,10.0,2.0,43.0,6.0,32.94117736816406,0.0,0.0,342.0,24.0,1.0,0.0,1.0,0.0,0.0,0.0,0.0,0.0,0.0,0.0,0.0,0.0,2.0,0.0,2.0,0.0,0.0,0.0,12.0,0.7059999704360962,,,,,,,,,,,,,,,,,,,,,,,,,,,,,,,,,,,,,,,,,WSH,TE,2025,68.0,96.0,124.0
2985659,Wil Lutz,17.0,,,0.0,,,,,,,,,,,,,,,,,,,,,,,,,,,,,,,,,,,,,,,,,,,,,,,,0.0,0.0,0.0,0.0,28.0,39.0,0.0,123.0,7.235000133514404,,,,,,,,,,,,28.0,32.0,87.5,57.0,0.0,10.0,11.0,3.0,4.0,0.0,10.0,11.0,5.0,6.0,39.0,39.0,100.0,,,,,,,,,,,,,DEN,PK,2025,123.0,123.0,123.0
17372,Chris Boswell,17.0,0.0,0.0,0.0,,,,,,,,,,,,,,,,,,,,,,,,,,,,,,,,,,,,,2.0,0.0,2.0,0.0,0.0,0.0,0.0,0.0,0.0,0.0,0.0,0.0,0.0,0.0,0.0,27.0,42.0,0.0,123.0,7.235000133514404,,,,,,,,,,,,27.0,32.0,84.375,60.0,0.0,6.0,2.0,10.0,9.0,0.0,6.0,4.0,11.0,11.0,42.0,43.0,97.67400360107422,,,,,,,,,,,,,PIT,PK,2025,123.0,123.0,123.0
4373626,Tyler Allgeier,17.0,0.0,0.0,0.0,0.0,0.0,0.0,0.0,0.0,0.0,0.0,0.0,0.0,0.0,0.0,,39.58300018310547,,143.0,514.0,3.5940001010894775,21.0,1.0,8.0,30.235294342041016,0.0,0.0,36.0,14.0,16.0,96.0,6.85699987411499,0.0,31.0,2.0,5.647058963775635,0.0,0.0,120.0,3.0,2.0,3.0,5.0,0.0,0.0,0.0,0.0,0.0,0.0,0.0,0.0,8.0,0.0,0.0,8.0,0.0,0.0,0.0,48.0,2.8239998817443848,,,,,,,,,,,,,,,,,,,,,,,,,,,,,,,,,,,,,,,,,ARI,RB,2025,109.0,116.0,123.0
4360423,Michael Penix Jr.,9.0,0.0,0.0,-4.0,166.0,276.0,60.14500045776367,1982.0,7.181000232696533,220.22222900390625,69.0,9.0,3.0,13.0,101.0,58.28,88.46600341796875,57.94,21.0,70.0,3.3329999446868896,15.0,0.0,1.0,7.777777671813965,1.0,0.0,5.0,0.0,0.0,0.0,0.0,0.0,0.0,0.0,0.0,0.0,0.0,0.0,0.0,0.0,0.0,0.0,0.0,0.0,0.0,0.0,0.0,0.0,0.0,0.0,1.0,0.0,0.0,1.0,0.0,0.0,0.0,6.0,0.6669999957084656,,,,,,,,,,,,,,,,,,,,,,,,,,,,,,,,,,,,,,,,,ATL,QB,2025,122.28,122.28,122.28
4243331,Cade Otton,16.0,0.0,0.0,0.0,0.0,0.0,0.0,0.0,0.0,0.0,0.0,0.0,0.0,0.0,0.0,,39.58300018310547,,0.0,0.0,0.0,0.0,0.0,0.0,0.0,0.0,0.0,0.0,59.0,81.0,572.0,9.694999694824219,1.0,27.0,7.0,35.75,0.0,0.0,309.0,25.0,4.0,0.0,4.0,0.0,0.0,0.0,0.0,0.0,0.0,0.0,0.0,0.0,1.0,0.0,1.0,0.0,0.0,0.0,6.0,0.375,,,,,,,,,,,,,,,,,,,,,,,,,,,,,,,,,,,,,,,,,TB,TE,2025,63.2,92.7,122.2
4429096,Blake Corum,17.0,0.0,0.0,0.0,0.0,0.0,0.0,0.0,0.0,0.0,0.0,0.0,0.0,0.0,0.0,,39.58300018310547,,145.0,746.0,5.144999980926514,48.0,5.0,6.0,43.882354736328125,0.0,0.0,44.0,8.0,14.0,36.0,4.5,0.0,14.0,0.0,2.117647171020508,0.0,0.0,37.0,2.0,2.0,0.0,2.0,0.0,0.0,0.0,0.0,0.0,0.0,0.0,0.0,6.0,0.0,0.0,6.0,0.0,0.0,0.0,36.0,2.118000030517578,13.0,326.0,25.076923370361328,30.0,0.0,0.0,0.0,0.0,0.0,0.0,0.0,,,,,,,,,,,,,,,,,,,,,,,,,,,,,,LAR,RB,2025,114.19999999999999,118.19999999999999,122.19999999999999
4241463,Jerry Jeudy,17.0,0.0,0.0,0.0,0.0,0.0,0.0,0.0,0.0,0.0,0.0,0.0,0.0,0.0,0.0,,39.58300018310547,,1.0,5.0,5.0,5.0,0.0,0.0,0.29411765933036804,0.0,0.0,1.0,50.0,106.0,602.0,12.039999961853027,2.0,60.0,6.0,35.411766052246094,1.0,1.0,166.0,31.0,3.0,0.0,3.0,0.0,0.0,0.0,0.0,0.0,0.0,0.0,0.0,0.0,2.0,0.0,2.0,0.0,0.0,0.0,12.0,0.7059999704360962,,,,,,,,,,,,,,,,,,,,,,,,,,,,,,,,,,,,,,,,,CLE,WR,2025,70.7,95.7,120.7
3042519,Aaron Jones Sr.,12.0,0.0,0.0,0.0,0.0,0.0,0.0,0.0,0.0,0.0,0.0,0.0,0.0,0.0,0.0,,39.58300018310547,,132.0,548.0,4.1519999504089355,31.0,1.0,2.0,45.66666793823242,0.0,0.0,28.0,28.0,41.0,199.0,7.10699987411499,1.0,27.0,1.0,16.58333396911621,2.0,1.0,227.0,9.0,1.0,1.0,2.0,0.0,0.0,0.0,0.0,0.0,0.0,0.0,0.0,2.0,1.0,0.0,3.0,0.0,0.0,0.0,18.0,1.5,,,,,,,,,,,,,,,,,,,,,,,,,,,,,,,,,,,,,,,,,MIN,RB,2025,90.69999999999999,104.69999999999999,118.69999999999999
4034949,Eddy Pineiro,14.0,,,0.0,,,,,,,,,,,,,,,,,,,,,,,,,,,,,,,,,,,,,,,,,,,,,,,,0.0,0.0,0.0,0.0,28.0,34.0,0.0,118.0,8.428999900817871,,,,,,,,,,,,28.0,29.0,96.552001953125,59.0,0.0,5.0,7.0,10.0,6.0,0.0,5.0,7.0,10.0,7.0,34.0,38.0,89.4739990234375,,,,,,,,,,,,,SF,PK,2025,118.0,118.0,118.0
4430539,Brenton Strange,12.0,0.0,0.0,0.0,0.0,0.0,0.0,0.0,0.0,0.0,0.0,0.0,0.0,0.0,0.0,,39.58300018310547,,0.0,0.0,0.0,0.0,0.0,0.0,0.0,0.0,0.0,0.0,46.0,60.0,540.0,11.73900032043457,3.0,30.0,9.0,45.0,0.0,0.0,247.0,28.0,0.0,1.0,1.0,0.0,0.0,0.0,0.0,0.0,0.0,0.0,0.0,0.0,3.0,0.0,3.0,0.0,0.0,0.0,18.0,1.5,,,,,,,,,,,,,,,,,,,,,,,,,,,,,,,,,,,,,,,,,JAX,TE,2025,72.0,95.0,118.0
4430968,Kimani Vidal,13.0,0.0,0.0,0.0,0.0,0.0,0.0,0.0,0.0,0.0,0.0,0.0,0.0,0.0,0.0,,39.58300018310547,,155.0,643.0,4.1479997634887695,59.0,4.0,3.0,49.46154022216797,1.0,0.0,32.0,16.0,22.0,136.0,8.5,1.0,60.0,1.0,10.461538314819336,0.0,0.0,170.0,6.0,2.0,1.0,3.0,0.0,0.0,0.0,0.0,0.0,0.0,0.0,0.0,3.0,1.0,0.0,4.0,0.0,0.0,0.0,24.0,1.8459999561309814,8.0,177.0,22.125,31.0,0.0,0.0,0.0,0.0,0.0,0.0,0.0,,,,,,,,,,,,,,,,,,,,,,,,,,,,,,LAC,RB,2025,101.9,109.9,117.9
4572680,Tucker Kraft,8.0,,,0.0,0.0,0.0,0.0,0.0,0.0,0.0,0.0,0.0,0.0,0.0,0.0,,39.58300018310547,,1.0,3.0,3.0,3.0,0.0,0.0,0.375,0.0,0.0,0.0,32.0,44.0,489.0,15.281000137329102,6.0,59.0,6.0,61.125,0.0,0.0,344.0,22.0,,,,,,,,,,,,0.0,6.0,0.0,6.0,0.0,0.0,0.0,36.0,4.5,,,,,,,,,,,,,,,,,,,,,,,,,,,,,,,,,,,,,,,,,GB,TE,2025,85.2,101.2,117.2
4883647,Elic Ayomanor,16.0,0.0,0.0,0.0,0.0,0.0,0.0,0.0,0.0,0.0,0.0,0.0,0.0,0.0,0.0,,39.58300018310547,,0.0,0.0,0.0,0.0,0.0,0.0,0.0,0.0,0.0,0.0,41.0,89.0,515.0,12.560999870300293,4.0,39.0,8.0,32.1875,0.0,0.0,115.0,30.0,1.0,0.0,1.0,0.0,0.0,0.0,0.0,0.0,0.0,0.0,0.0,0.0,4.0,0.0,4.0,0.0,0.0,0.0,24.0,1.5,,,,,,,,,,,,,,,,,,,,,,,,,,,,,,,,,,,,,,,,,TEN,WR,2025,75.5,96.0,116.5
4431268,Chimere Dike,17.0,,,0.0,0.0,0.0,0.0,0.0,0.0,0.0,0.0,0.0,0.0,0.0,0.0,,39.58300018310547,,11.0,18.0,1.6360000371932983,9.0,0.0,0.0,1.058823585510254,0.0,0.0,0.0,48.0,74.0,423.0,8.812999725341797,4.0,38.0,6.0,24.882352828979492,0.0,0.0,220.0,20.0,,,,,,,,,,,,0.0,4.0,0.0,4.0,0.0,0.0,0.0,24.0,1.4119999408721924,62.0,1588.0,25.612903594970703,71.0,0.0,23.0,398.0,17.30434799194336,90.0,2.0,25.0,,,,,,,,,,,,,,,,,,,,,,,,,,,,,,TEN,WR,2025,68.1,92.1,116.1
4360234,Evan McPherson,17.0,,,0.0,,,,,,,,,,,,,,,,,,,,,,,,,,,,,,,,,,,,,,,,,,,,,,,,0.0,0.0,0.0,0.0,25.0,41.0,0.0,116.0,6.823999881744385,,,,,,,,,,,,25.0,28.0,89.28600311279297,63.0,0.0,4.0,6.0,10.0,5.0,0.0,4.0,6.0,10.0,8.0,41.0,44.0,93.18199920654297,,,,,,,,,,,,,CIN,PK,2025,116.0,116.0,116.0
4241985,J.K. Dobbins,10.0,,,0.0,0.0,0.0,0.0,0.0,0.0,0.0,0.0,0.0,0.0,0.0,0.0,,39.58300018310547,,153.0,772.0,5.046000003814697,41.0,5.0,4.0,77.19999694824219,0.0,0.0,37.0,11.0,14.0,37.0,3.364000082015991,0.0,9.0,0.0,3.700000047683716,0.0,0.0,56.0,0.0,,,,,,,,,,,,4.0,0.0,0.0,4.0,0.0,0.0,0.0,24.0,2.4000000953674316,,,,,,,,,,,,,,,,,,,,,,,,,,,,,,,,,,,,,,,,,DEN,RB,2025,104.9,110.4,115.9
4243371,Riley Patterson,17.0,0.0,0.0,0.0,,,,,,,,,,,,,,,,,,,,,,,,,,,,,,,,,,,,,3.0,1.0,4.0,0.0,0.0,0.0,0.0,0.0,0.0,0.0,0.0,0.0,0.0,0.0,0.0,27.0,34.0,0.0,115.0,6.764999866485596,,,,,,,,,,,,27.0,29.0,93.10299682617188,54.0,0.0,5.0,8.0,11.0,3.0,0.0,5.0,9.0,11.0,4.0,34.0,35.0,97.14299774169922,,,,,,,,,,,,,MIA,PK,2025,115.0,115.0,115.0
2977187,Cooper Kupp,16.0,0.0,0.0,0.0,0.0,1.0,0.0,0.0,0.0,0.0,0.0,0.0,1.0,0.0,0.0,0.0,0.0,0.0,0.0,0.0,0.0,0.0,0.0,0.0,0.0,0.0,0.0,0.0,47.0,70.0,593.0,12.616999626159668,2.0,67.0,8.0,37.0625,1.0,1.0,293.0,26.0,1.0,0.0,1.0,0.0,0.0,0.0,0.0,0.0,0.0,0.0,0.0,0.0,2.0,0.0,2.0,0.0,0.0,1.0,14.0,0.875,,,,,,,,,,,,,,,,,,,,,,,,,,,,,,,,,,,,,,,,,SEA,WR,2025,67.3,90.8,114.3
4426348,Jayden Daniels,7.0,0.0,0.0,-4.0,114.0,188.0,60.63800048828125,1262.0,6.7129998207092285,180.2857208251953,50.0,8.0,3.0,18.0,79.0,45.71,88.12100219726562,44.74,58.0,278.0,4.793000221252441,18.0,0.0,2.0,39.71428680419922,1.0,1.0,14.0,0.0,0.0,0.0,0.0,0.0,0.0,0.0,0.0,0.0,0.0,0.0,0.0,1.0,0.0,1.0,0.0,0.0,0.0,0.0,0.0,0.0,0.0,0.0,2.0,0.0,0.0,2.0,0.0,0.0,0.0,12.0,1.7139999866485596,,,,,,,,,,,,,,,,,,,,,,,,,,,,,,,,,,,,,,,,,WSH,QB,2025,114.27999999999999,114.27999999999999,114.27999999999999
3121422,Terry McLaurin,10.0,0.0,0.0,0.0,0.0,0.0,0.0,0.0,0.0,0.0,0.0,0.0,0.0,0.0,0.0,,39.58300018310547,,0.0,0.0,0.0,0.0,0.0,0.0,0.0,0.0,0.0,0.0,38.0,60.0,582.0,15.315999984741211,3.0,56.0,7.0,58.20000076293945,0.0,0.0,93.0,33.0,1.0,0.0,1.0,0.0,0.0,0.0,0.0,0.0,0.0,0.0,0.0,0.0,3.0,0.0,3.0,0.0,0.0,0.0,18.0,1.7999999523162842,,,,,,,,,,,,,,,,,,,,,,,,,,,,,,,,,,,,,,,,,WSH,WR,2025,76.2,95.2,114.2
5083754,Ryan Flournoy,16.0,0.0,0.0,0.0,0.0,0.0,0.0,0.0,0.0,0.0,0.0,0.0,0.0,0.0,0.0,,39.58300018310547,,4.0,25.0,6.25,12.0,0.0,0.0,1.5625,0.0,0.0,2.0,40.0,56.0,475.0,11.875,4.0,46.0,5.0,29.6875,0.0,0.0,204.0,29.0,4.0,2.0,6.0,0.0,0.0,0.0,0.0,0.0,0.0,0.0,0.0,0.0,4.0,0.0,4.0,0.0,0.0,0.0,24.0,1.5,,,,,,,,,,,,,,,,,,,,,,,,,,,,,,,,,,,,,,,,,DAL,WR,2025,74.0,94.0,114.0
17427,Cairo Santos,15.0,,,0.0,,,,,,,,,,,,,,,,,,,,,,,,,,,,,,,,,,,,,,,,,,,,,,,,0.0,0.0,0.0,0.0,25.0,39.0,0.0,114.0,7.599999904632568,,,,,,,,,,,,25.0,30.0,83.33300018310547,54.0,0.0,3.0,8.0,10.0,4.0,0.0,3.0,9.0,12.0,6.0,39.0,39.0,100.0,,,,,,,,,,,,,CHI,PK,2025,114.0,114.0,114.0
4361411,Pat Freiermuth,17.0,,,0.0,0.0,0.0,0.0,0.0,0.0,0.0,0.0,0.0,0.0,0.0,0.0,,39.58300018310547,,0.0,0.0,0.0,0.0,0.0,0.0,0.0,0.0,0.0,0.0,41.0,54.0,486.0,11.854000091552734,4.0,68.0,6.0,28.58823585510254,0.0,0.0,255.0,21.0,,,,,,,,,,,,0.0,4.0,0.0,4.0,0.0,0.0,0.0,24.0,1.4119999408721924,,,,,,,,,,,,,,,,,,,,,,,,,,,,,,,,,,,,,,,,,PIT,TE,2025,72.6,93.1,113.6
2991662,Mack Hollins,15.0,0.0,0.0,0.0,0.0,0.0,0.0,0.0,0.0,0.0,0.0,0.0,0.0,0.0,0.0,,39.58300018310547,,1.0,4.0,4.0,4.0,0.0,0.0,0.2666666805744171,0.0,0.0,0.0,46.0,65.0,550.0,11.956999778747559,2.0,54.0,8.0,36.66666793823242,1.0,0.0,108.0,28.0,1.0,0.0,1.0,0.0,0.0,0.0,0.0,0.0,0.0,0.0,0.0,0.0,2.0,0.0,2.0,0.0,0.0,0.0,12.0,0.800000011920929,,,,,,,,,,,,,,,,,,,,,,,,,,,,,,,,,,,,,,,,,NE,WR,2025,67.4,90.4,113.4
4036133,T.J. Hockenson,15.0,0.0,0.0,0.0,0.0,0.0,0.0,0.0,0.0,0.0,0.0,0.0,0.0,0.0,0.0,0.05,39.58300018310547,0.05,1.0,0.0,0.0,0.0,0.0,0.0,0.0,0.0,0.0,0.0,51.0,66.0,438.0,8.588000297546387,3.0,29.0,3.0,29.200000762939453,0.0,0.0,219.0,22.0,1.0,0.0,1.0,0.0,0.0,0.0,0.0,0.0,0.0,0.0,0.0,0.0,3.0,0.0,3.0,0.0,0.0,0.0,18.0,1.2000000476837158,,,,,,,,,,,,,,,,,,,,,,,,,,,,,,,,,,,,,,,,,MIN,TE,2025,61.8,87.3,112.8
4259619,Blake Grupe,16.0,0.0,0.0,0.0,,,,,,,,,,,,,,,,,,,,,,,,,,,,,,,,,,,,,1.0,0.0,1.0,0.0,0.0,0.0,0.0,0.0,0.0,0.0,0.0,0.0,0.0,0.0,0.0,29.0,25.0,0.0,112.0,7.0,,,,,,,,,,,,29.0,37.0,78.37799835205078,60.0,0.0,9.0,10.0,3.0,7.0,0.0,9.0,12.0,6.0,10.0,25.0,25.0,100.0,,,,,,,,,,,,,IND,PK,2025,112.0,112.0,112.0
4428557,Tyjae Spears,13.0,0.0,0.0,0.0,0.0,0.0,0.0,0.0,0.0,0.0,0.0,0.0,0.0,0.0,0.0,0.07,39.58300018310547,0.09,72.0,283.0,3.930999994277954,41.0,2.0,2.0,21.769229888916016,0.0,0.0,16.0,45.0,50.0,264.0,5.867000102996826,0.0,34.0,3.0,20.30769157409668,0.0,0.0,361.0,10.0,1.0,0.0,1.0,0.0,0.0,0.0,0.0,0.0,0.0,0.0,0.0,2.0,0.0,0.0,2.0,0.0,0.0,0.0,12.0,0.9229999780654907,,,,,,,,,,,,,,,,,,,,,,,,,,,,,,,,,,,,,,,,,TEN,RB,2025,66.69999999999999,89.19999999999999,111.69999999999999
4363538,Chad Ryland,17.0,,,0.0,,,,,,,,,,,,,,,,,,,,,,,,,,,,,,,,,,,,,,,,,,,,,,,,0.0,0.0,0.0,0.0,25.0,36.0,0.0,111.0,6.5289998054504395,,,,,,,,,,,,25.0,33.0,75.75800323486328,57.0,0.0,5.0,7.0,7.0,6.0,0.0,5.0,8.0,10.0,10.0,36.0,36.0,100.0,,,,,,,,,,,,,ARI,PK,2025,111.0,111.0,111.0
4569603,Malik Washington,17.0,0.0,0.0,0.0,0.0,0.0,0.0,0.0,0.0,0.0,0.0,0.0,0.0,0.0,0.0,,39.58300018310547,,17.0,110.0,6.4710001945495605,18.0,0.0,1.0,6.470588207244873,1.0,1.0,5.0,46.0,65.0,317.0,6.890999794006348,3.0,28.0,2.0,18.647058486938477,0.0,0.0,253.0,16.0,2.0,0.0,2.0,0.0,0.0,0.0,0.0,0.0,0.0,0.0,0.0,1.0,3.0,0.0,4.0,0.0,0.0,0.0,24.0,1.4119999408721924,36.0,965.0,26.80555534362793,47.0,0.0,20.0,260.0,13.0,74.0,1.0,11.0,,,,,,,,,,,,,,,,,,,,,,,,,,,,,,MIA,WR,2025,64.7,87.7,110.7
3124084,Joey Slye,16.0,0.0,0.0,0.0,,,,,,,,,,,,,,,,,,,,,,,,,,,,,,,,,,,,,3.0,2.0,5.0,0.0,0.0,0.0,0.0,0.0,0.0,0.0,0.0,0.0,0.0,0.0,0.0,28.0,26.0,0.0,110.0,6.875,,,,,,,,,,,,28.0,35.0,80.0,58.0,0.0,6.0,6.0,7.0,9.0,0.0,6.0,6.0,9.0,14.0,26.0,27.0,96.2959976196289,,,,,,,,,,,,,TEN,PK,2025,110.0,110.0,110.0
4683062,Xavier Worthy,14.0,0.0,0.0,3.0,0.0,0.0,0.0,0.0,0.0,0.0,0.0,0.0,0.0,0.0,0.0,,39.58300018310547,,11.0,87.0,7.908999919891357,35.0,1.0,0.0,6.214285850524902,0.0,0.0,4.0,42.0,73.0,532.0,12.666999816894531,1.0,42.0,9.0,38.0,0.0,0.0,193.0,22.0,1.0,0.0,1.0,0.0,0.0,0.0,0.0,0.0,0.0,0.0,0.0,0.0,1.0,0.0,1.0,0.0,0.0,0.0,6.0,0.42899999022483826,0.0,0.0,0.0,0.0,0.0,1.0,0.0,0.0,0.0,0.0,4.0,,,,,,,,,,,,,,,,,,,,,,,,,,,,,,KC,WR,2025,67.9,88.9,109.9
4430027,Sam LaPorta,9.0,0.0,0.0,0.0,0.0,0.0,0.0,0.0,0.0,0.0,0.0,0.0,0.0,0.0,0.0,,39.58300018310547,,0.0,0.0,0.0,0.0,0.0,0.0,0.0,0.0,0.0,0.0,40.0,49.0,489.0,12.225000381469727,3.0,40.0,6.0,54.33333206176758,0.0,0.0,274.0,23.0,1.0,0.0,1.0,0.0,0.0,0.0,0.0,0.0,0.0,0.0,0.0,0.0,3.0,0.0,3.0,0.0,0.0,0.0,18.0,2.0,,,,,,,,,,,,,,,,,,,,,,,,,,,,,,,,,,,,,,,,,DET,TE,2025,66.9,86.9,106.9
4040761,Devin Singletary,17.0,0.0,0.0,0.0,0.0,0.0,0.0,0.0,0.0,0.0,0.0,0.0,0.0,0.0,0.0,99.99,39.58300018310547,99.99,119.0,437.0,3.671999931335449,29.0,2.0,5.0,25.705883026123047,0.0,0.0,27.0,18.0,19.0,151.0,8.388999938964844,0.0,41.0,2.0,8.882352828979492,0.0,0.0,162.0,4.0,1.0,0.0,1.0,0.0,0.0,0.0,0.0,0.0,0.0,0.0,0.0,5.0,0.0,0.0,5.0,0.0,0.0,0.0,30.0,1.7649999856948853,12.0,313.0,26.08333396911621,33.0,0.0,0.0,0.0,0.0,0.0,0.0,0.0,,,,,,,,,,,,,,,,,,,,,,,,,,,,,,NYG,RB,2025,88.8,97.8,106.8
10621,Nick Folk,16.0,,,0.0,,,,,,,,,,,,,,,,,,,,,,,,,,,,,,,,,,,,,,,,,,,,,,,,0.0,0.0,0.0,0.0,28.0,22.0,0.0,106.0,6.625,,,,,,,,,,,,28.0,29.0,96.552001953125,58.0,0.0,5.0,9.0,7.0,7.0,0.0,5.0,9.0,7.0,8.0,22.0,22.0,100.0,,,,,,,,,,,,,ATL,PK,2025,106.0,106.0,106.0
16339,Brandon McManus,14.0,0.0,0.0,0.0,,,,,,,,,,,,,,,,,,,,,,,,,,,,,,,,,,,,,2.0,0.0,2.0,0.0,0.0,0.0,0.0,0.0,0.0,0.0,0.0,0.0,0.0,0.0,0.0,24.0,32.0,0.0,104.0,7.428999900817871,,,,,,,,,,,,24.0,30.0,80.0,56.0,0.0,10.0,8.0,3.0,3.0,0.0,10.0,8.0,7.0,5.0,32.0,33.0,96.97000122070312,,,,,,,,,,,,,,,2025,104.0,104.0,104.0
14880,Kirk Cousins,10.0,0.0,0.0,-1.0,166.0,269.0,61.709999084472656,1721.0,6.3979997634887695,172.10000610351562,49.0,10.0,5.0,13.0,79.0,49.3,84.81300354003906,47.59,14.0,7.0,0.5,6.0,0.0,1.0,0.699999988079071,1.0,1.0,4.0,0.0,0.0,0.0,0.0,0.0,0.0,0.0,0.0,0.0,0.0,0.0,0.0,0.0,0.0,0.0,0.0,0.0,0.0,0.0,0.0,0.0,0.0,0.0,1.0,0.0,0.0,1.0,0.0,0.0,0.0,6.0,0.6000000238418579,,,,,,,,,,,,,,,,,,,,,,,,,,,,,,,,,,,,,,,,,LV,QB,2025,103.54,103.54,103.54
3051876,Evan Engram,16.0,,,0.0,0.0,0.0,0.0,0.0,0.0,0.0,0.0,0.0,0.0,0.0,0.0,,39.58300018310547,,1.0,7.0,7.0,7.0,0.0,0.0,0.4375,0.0,0.0,0.0,50.0,76.0,461.0,9.220000267028809,1.0,41.0,4.0,28.8125,0.0,0.0,302.0,19.0,,,,,,,,,,,,0.0,1.0,0.0,1.0,0.0,0.0,0.0,6.0,0.375,,,,,,,,,,,,,,,,,,,,,,,,,,,,,,,,,,,,,,,,,DEN,TE,2025,52.800000000000004,77.80000000000001,102.80000000000001
3930086,Dawson Knox,17.0,0.0,0.0,0.0,0.0,0.0,0.0,0.0,0.0,0.0,0.0,0.0,0.0,0.0,0.0,,39.58300018310547,,0.0,0.0,0.0,0.0,0.0,0.0,0.0,0.0,0.0,0.0,36.0,49.0,417.0,11.583000183105469,4.0,32.0,5.0,24.52941131591797,0.0,0.0,183.0,23.0,1.0,0.0,1.0,0.0,0.0,0.0,0.0,0.0,0.0,0.0,0.0,0.0,4.0,0.0,4.0,0.0,0.0,1.0,26.0,1.5290000438690186,,,,,,,,,,,,,,,,,,,,,,,,,,,,,,,,,,,,,,,,,BUF,TE,2025,65.7,83.7,101.7
4426339,Spencer Rattler,9.0,0.0,0.0,0.0,174.0,257.0,67.7040023803711,1586.0,6.171000003814697,176.22222900390625,87.0,8.0,5.0,18.0,104.0,52.36,86.48699951171875,50.25,31.0,167.0,5.38700008392334,15.0,0.0,0.0,18.55555534362793,1.0,1.0,17.0,1.0,2.0,0.0,0.0,0.0,0.0,0.0,0.0,0.0,0.0,0.0,0.0,1.0,0.0,1.0,0.0,0.0,0.0,0.0,0.0,0.0,0.0,0.0,0.0,0.0,0.0,0.0,0.0,0.0,0.0,0.0,0.0,,,,,,,,,,,,,,,,,,,,,,,,,,,,,,,,,,,,,,,,,NO,QB,2025,100.14,100.64,101.14
3050478,Jake Elliott,17.0,0.0,0.0,0.0,,,,,,,,,,,,,,,,,,,,,,,,,,,,,,,,,,,,,1.0,0.0,1.0,0.0,0.0,0.0,0.0,0.0,0.0,0.0,0.0,0.0,0.0,0.0,0.0,20.0,41.0,0.0,101.0,5.940999984741211,,,,,,,,,,,,20.0,27.0,74.0739974975586,58.0,0.0,3.0,6.0,7.0,4.0,0.0,3.0,6.0,10.0,8.0,41.0,42.0,97.61900329589844,,,,,,,,,,,,,PHI,PK,2025,101.0,101.0,101.0
3054850,Alvin Kamara,11.0,0.0,0.0,0.0,0.0,0.0,0.0,0.0,0.0,0.0,0.0,0.0,0.0,0.0,0.0,8.09,39.58300018310547,5.52,131.0,471.0,3.5950000286102295,18.0,0.0,1.0,42.818180084228516,1.0,1.0,21.0,33.0,39.0,186.0,5.636000156402588,0.0,26.0,2.0,16.909090042114258,1.0,1.0,202.0,7.0,1.0,0.0,1.0,0.0,0.0,0.0,0.0,0.0,0.0,0.0,0.0,1.0,0.0,0.0,1.0,0.0,0.0,0.0,6.0,0.5450000166893005,,,,,,,,,,,,,,,,,,,,,,,,,,,,,,,,,,,,,,,,,NO,RB,2025,67.7,84.2,100.7
4635008,Keon Coleman,13.0,0.0,0.0,0.0,0.0,0.0,0.0,0.0,0.0,0.0,0.0,0.0,0.0,0.0,0.0,,39.58300018310547,,0.0,0.0,0.0,0.0,0.0,0.0,0.0,0.0,0.0,0.0,38.0,59.0,404.0,10.631999969482422,4.0,37.0,5.0,31.076923370361328,1.0,1.0,88.0,25.0,1.0,0.0,1.0,0.0,0.0,0.0,0.0,0.0,0.0,0.0,0.0,0.0,4.0,0.0,4.0,0.0,0.0,1.0,26.0,2.0,0.0,0.0,0.0,0.0,0.0,2.0,8.0,4.0,6.0,0.0,1.0,,,,,,,,,,,,,,,,,,,,,,,,,,,,,,BUF,WR,2025,62.400000000000006,81.4,100.4
3915411,Ty Johnson,17.0,0.0,0.0,0.0,0.0,0.0,0.0,0.0,0.0,0.0,0.0,0.0,0.0,0.0,0.0,99.99,39.58300018310547,99.99,50.0,200.0,4.0,23.0,1.0,3.0,11.764705657958984,0.0,0.0,13.0,24.0,33.0,263.0,10.958000183105469,2.0,52.0,3.0,15.470588684082031,1.0,0.0,301.0,13.0,1.0,1.0,2.0,0.0,0.0,0.0,0.0,0.0,0.0,0.0,0.0,3.0,2.0,0.0,5.0,0.0,0.0,0.0,30.0,1.7649999856948853,11.0,240.0,21.81818199157715,31.0,0.0,0.0,0.0,0.0,0.0,0.0,0.0,,,,,,,,,,,,,,,,,,,,,,,,,,,,,,BUF,RB,2025,76.3,88.3,100.3
11122,Matt Prater,15.0,0.0,0.0,0.0,,,,,,,,,,,,,,,,,,,,,,,,,,,,,,,,,,,,,0.0,2.0,2.0,0.0,0.0,0.0,0.0,0.0,0.0,0.0,0.0,0.0,0.0,0.0,0.0,18.0,46.0,0.0,100.0,6.666999816894531,,,,,,,,,,,,18.0,20.0,90.0,52.0,0.0,4.0,7.0,6.0,1.0,0.0,4.0,8.0,6.0,2.0,46.0,49.0,93.87799835205078,,,,,,,,,,,,,,,2025,100.0,100.0,100.0
4569618,Garrett Wilson,7.0,0.0,0.0,0.0,0.0,0.0,0.0,0.0,0.0,0.0,0.0,0.0,0.0,0.0,0.0,,39.58300018310547,,0.0,0.0,0.0,0.0,0.0,0.0,0.0,0.0,0.0,0.0,36.0,59.0,395.0,10.972000122070312,4.0,33.0,4.0,56.42856979370117,1.0,0.0,100.0,18.0,1.0,0.0,1.0,0.0,0.0,0.0,0.0,0.0,0.0,0.0,0.0,0.0,4.0,0.0,4.0,0.0,0.0,0.0,24.0,3.428999900817871,,,,,,,,,,,,,,,,,,,,,,,,,,,,,,,,,,,,,,,,,NYJ,WR,2025,63.5,81.5,99.5
4240657,Michael Carter,13.0,0.0,0.0,0.0,0.0,0.0,0.0,0.0,0.0,0.0,0.0,0.0,0.0,0.0,0.0,,39.58300018310547,,92.0,333.0,3.619999885559082,22.0,2.0,1.0,25.615385055541992,0.0,0.0,19.0,33.0,45.0,267.0,8.090999603271484,0.0,18.0,0.0,20.538461685180664,0.0,0.0,257.0,12.0,1.0,0.0,1.0,0.0,0.0,0.0,0.0,0.0,0.0,0.0,0.0,1.0,0.0,0.0,1.0,0.0,0.0,0.0,6.0,0.4620000123977661,1.0,27.0,27.0,27.0,0.0,0.0,0.0,0.0,0.0,0.0,0.0,,,,,,,,,,,,,,,,,,,,,,,,,,,,,,TEN,RB,2025,66.0,82.5,99.0
4568263,Ryan Fitzgerald,17.0,0.0,0.0,0.0,,,,,,,,,,,,,,,,,,,,,,,,,,,,,,,,,,,,,1.0,1.0,2.0,0.0,0.0,0.0,0.0,0.0,0.0,0.0,0.0,0.0,0.0,0.0,0.0,24.0,27.0,0.0,99.0,5.823999881744385,,,,,,,,,,,,24.0,29.0,82.75900268554688,57.0,0.0,6.0,8.0,8.0,2.0,0.0,6.0,9.0,9.0,5.0,27.0,30.0,90.0,,,,,,,,,,,,,CAR,PK,2025,99.0,99.0,99.0
4382466,Jalen Nailor,17.0,1.0,1.0,0.0,0.0,0.0,0.0,0.0,0.0,0.0,0.0,0.0,0.0,0.0,0.0,,39.58300018310547,,2.0,13.0,6.5,15.0,0.0,0.0,0.7647058963775635,0.0,0.0,1.0,29.0,53.0,444.0,15.3100004196167,4.0,62.0,9.0,26.117647171020508,0.0,0.0,112.0,23.0,5.0,0.0,5.0,0.0,0.0,0.0,0.0,0.0,0.0,0.0,0.0,0.0,4.0,0.0,4.0,0.0,0.0,1.0,26.0,1.5290000438690186,0.0,0.0,0.0,0.0,0.0,0.0,0.0,0.0,0.0,0.0,1.0,,,,,,,,,,,,,,,,,,,,,,,,,,,,,,LV,WR,2025,69.7,84.2,98.7
4686422,Xavier Hutchinson,17.0,0.0,0.0,0.0,0.0,0.0,0.0,0.0,0.0,0.0,0.0,0.0,0.0,0.0,0.0,,39.58300018310547,,3.0,22.0,7.333000183105469,9.0,0.0,0.0,1.2941176891326904,0.0,0.0,2.0,35.0,57.0,428.0,12.229000091552734,3.0,33.0,7.0,25.176469802856445,0.0,0.0,146.0,19.0,2.0,1.0,3.0,0.0,0.0,0.0,0.0,0.0,0.0,0.0,0.0,0.0,3.0,0.0,3.0,0.0,0.0,0.0,18.0,1.059000015258789,,,,,,,,,,,,,,,,,,,,,,,,,,,,,,,,,,,,,,,,,HOU,WR,2025,63.0,80.5,98.0
4258620,Andre Szmyt,17.0,0.0,0.0,0.0,,,,,,,,,,,,,,,,,,,,,,,,,,,,,,,,,,,,,1.0,1.0,2.0,0.0,0.0,0.0,0.0,0.0,0.0,0.0,0.0,0.0,0.0,0.0,0.0,24.0,25.0,0.0,97.0,5.705999851226807,,,,,,,,,,,,24.0,27.0,88.88899993896484,55.0,0.0,4.0,10.0,5.0,5.0,0.0,4.0,11.0,6.0,6.0,25.0,26.0,96.15399932861328,,,,,,,,,,,,,CLE,PK,2025,97.0,97.0,97.0
4427095,DeMario Douglas,17.0,,,0.0,0.0,0.0,0.0,0.0,0.0,0.0,0.0,0.0,0.0,0.0,0.0,,39.58300018310547,,7.0,21.0,3.0,14.0,0.0,0.0,1.2352941036224365,0.0,0.0,2.0,31.0,46.0,447.0,14.418999671936035,3.0,58.0,7.0,26.294116973876953,0.0,0.0,214.0,17.0,,,,,,,,,,,,0.0,3.0,0.0,3.0,0.0,0.0,0.0,18.0,1.059000015258789,,,,,,,,,,,,,,,,,,,,,,,,,,,,,,,,,,,,,,,,,NE,WR,2025,64.8,80.3,95.8
3916945,Darius Slayton,14.0,,,0.0,0.0,0.0,0.0,0.0,0.0,0.0,0.0,0.0,0.0,0.0,0.0,,39.58300018310547,,0.0,0.0,0.0,0.0,0.0,0.0,0.0,0.0,0.0,0.0,37.0,63.0,538.0,14.541000366210938,1.0,52.0,7.0,38.42856979370117,1.0,1.0,198.0,23.0,,,,,,,,,,,,0.0,1.0,0.0,1.0,0.0,0.0,2.0,10.0,0.7139999866485596,,,,,,,,,,,,,,,,,,,,,,,,,,,,,,,,,,,,,,,,,NYG,WR,2025,57.8,76.3,94.8
4259147,Jake Tonges,17.0,0.0,1.0,0.0,0.0,0.0,0.0,0.0,0.0,0.0,0.0,0.0,0.0,0.0,0.0,,39.58300018310547,,0.0,0.0,0.0,0.0,0.0,0.0,0.0,0.0,0.0,0.0,34.0,46.0,293.0,8.618000030517578,5.0,23.0,2.0,17.235294342041016,0.0,0.0,143.0,21.0,5.0,3.0,8.0,0.0,0.0,0.0,0.0,0.0,0.0,0.0,0.0,0.0,5.0,0.0,5.0,0.0,0.0,0.0,30.0,1.7649999856948853,,,,,,,,,,,,,,,,,,,,,,,,,,,,,,,,,,,,,,,,,SF,TE,2025,59.3,76.3,93.3
4427728,Bam Knight,12.0,0.0,0.0,0.0,0.0,0.0,0.0,0.0,0.0,0.0,0.0,0.0,0.0,0.0,0.0,0.19,39.58300018310547,0.14,82.0,269.0,3.2799999713897705,17.0,0.0,4.0,22.41666603088379,1.0,1.0,21.0,22.0,31.0,160.0,7.2729997634887695,1.0,20.0,1.0,13.333333015441895,0.0,0.0,151.0,10.0,1.0,1.0,2.0,0.0,0.0,0.0,0.0,0.0,0.0,0.0,0.0,4.0,1.0,0.0,5.0,0.0,0.0,0.0,30.0,2.5,12.0,256.0,21.33333396911621,28.0,0.0,0.0,0.0,0.0,0.0,0.0,0.0,,,,,,,,,,,,,,,,,,,,,,,,,,,,,,ARI,RB,2025,70.9,81.9,92.9
4887558,Emanuel Wilson,17.0,0.0,0.0,0.0,0.0,0.0,0.0,0.0,0.0,0.0,0.0,0.0,0.0,0.0,0.0,,39.58300018310547,,125.0,496.0,3.9679999351501465,15.0,0.0,3.0,29.176469802856445,0.0,0.0,32.0,15.0,17.0,99.0,6.599999904632568,0.0,25.0,1.0,5.823529243469238,1.0,0.0,133.0,5.0,1.0,0.0,1.0,0.0,0.0,0.0,0.0,0.0,0.0,0.0,0.0,3.0,0.0,0.0,3.0,0.0,0.0,1.0,20.0,1.1759999990463257,9.0,233.0,25.88888931274414,33.0,0.0,0.0,0.0,0.0,0.0,0.0,0.0,,,,,,,,,,,,,,,,,,,,,,,,,,,,,,SEA,RB,2025,77.5,85.0,92.5
4608810,Tez Johnson,16.0,,,0.0,0.0,0.0,0.0,0.0,0.0,0.0,0.0,0.0,0.0,0.0,0.0,,39.58300018310547,,7.0,22.0,3.1429998874664307,6.0,0.0,0.0,1.375,0.0,0.0,0.0,28.0,44.0,322.0,11.5,5.0,45.0,3.0,20.125,0.0,0.0,110.0,16.0,,,,,,,,,,,,0.0,5.0,0.0,5.0,0.0,0.0,0.0,30.0,1.875,,,,,,,,,,,,,,,,,,,,,,,,,,,,,,,,,,,,,,,,,TB,WR,2025,64.4,78.4,92.4
3045523,Kendrick Bourne,16.0,,,0.0,0.0,0.0,0.0,0.0,0.0,0.0,0.0,0.0,0.0,0.0,0.0,,39.58300018310547,,0.0,0.0,0.0,0.0,0.0,0.0,0.0,0.0,0.0,0.0,37.0,53.0,551.0,14.892000198364258,0.0,56.0,5.0,34.4375,0.0,0.0,165.0,27.0,,,,,,,,,,,,0.0,0.0,0.0,0.0,0.0,0.0,0.0,0.0,0.0,,,,,,,,,,,,,,,,,,,,,,,,,,,,,,,,,,,,,,,,,ARI,WR,2025,55.1,73.6,92.1
4362619,Chris Rodriguez Jr.,13.0,0.0,0.0,0.0,0.0,0.0,0.0,0.0,0.0,0.0,0.0,0.0,0.0,0.0,0.0,,39.58300018310547,,112.0,500.0,4.464000225067139,48.0,2.0,6.0,38.46154022216797,0.0,0.0,32.0,3.0,4.0,30.0,10.0,0.0,18.0,0.0,2.307692289352417,0.0,0.0,26.0,1.0,2.0,0.0,2.0,0.0,0.0,0.0,0.0,0.0,0.0,0.0,0.0,6.0,0.0,0.0,6.0,0.0,0.0,0.0,36.0,2.7690000534057617,,,,,,,,,,,,,,,,,,,,,,,,,,,,,,,,,,,,,,,,,JAX,RB,2025,89.0,90.5,92.0
4686728,Gunnar Helm,16.0,0.0,0.0,0.0,0.0,0.0,0.0,0.0,0.0,0.0,0.0,0.0,0.0,0.0,0.0,,39.58300018310547,,0.0,0.0,0.0,0.0,0.0,0.0,0.0,0.0,0.0,0.0,44.0,55.0,357.0,8.11400032043457,2.0,34.0,2.0,22.3125,0.0,0.0,159.0,17.0,1.0,0.0,1.0,0.0,0.0,0.0,0.0,0.0,0.0,0.0,0.0,0.0,2.0,0.0,2.0,0.0,0.0,0.0,12.0,0.75,,,,,,,,,,,,,,,,,,,,,,,,,,,,,,,,,,,,,,,,,TEN,TE,2025,47.7,69.7,91.7
4430871,Sean Tucker,17.0,,,0.0,0.0,0.0,0.0,0.0,0.0,0.0,0.0,0.0,0.0,0.0,0.0,,39.58300018310547,,86.0,320.0,3.7209999561309814,43.0,1.0,7.0,18.823530197143555,1.0,0.0,22.0,8.0,11.0,34.0,4.25,1.0,28.0,1.0,2.0,0.0,0.0,49.0,1.0,,,,,,,,,,,,7.0,1.0,0.0,8.0,0.0,0.0,0.0,48.0,2.8239998817443848,26.0,597.0,22.961538314819336,35.0,0.0,0.0,0.0,0.0,0.0,0.0,0.0,,,,,,,,,,,,,,,,,,,,,,,,,,,,,,TB,RB,2025,83.4,87.4,91.4
4368003,Andrei Iosivas,17.0,,,0.0,0.0,0.0,0.0,0.0,0.0,0.0,0.0,0.0,0.0,0.0,0.0,,39.58300018310547,,3.0,14.0,4.666999816894531,5.0,0.0,0.0,0.8235294222831726,0.0,0.0,0.0,33.0,58.0,435.0,13.182000160217285,2.0,37.0,7.0,25.58823585510254,0.0,0.0,103.0,24.0,,,,,,,,,,,,0.0,2.0,0.0,2.0,0.0,0.0,0.0,12.0,0.7059999704360962,,,,,,,,,,,,,,,,,,,,,,,,,,,,,,,,,,,,,,,,,CIN,WR,2025,56.9,73.4,89.9
4430034,Xavier Legette,15.0,0.0,0.0,0.0,0.0,0.0,0.0,0.0,0.0,0.0,0.0,0.0,0.0,0.0,0.0,,39.58300018310547,,1.0,0.0,0.0,0.0,0.0,0.0,0.0,0.0,0.0,0.0,35.0,64.0,363.0,10.371000289916992,3.0,36.0,7.0,24.200000762939453,1.0,0.0,75.0,18.0,0.0,0.0,0.0,0.0,0.0,0.0,0.0,0.0,0.0,0.0,0.0,0.0,3.0,0.0,3.0,0.0,0.0,0.0,18.0,1.2000000476837158,,,,,,,,,,,,,,,,,,,,,,,,,,,,,,,,,,,,,,,,,CAR,WR,2025,54.3,71.8,89.3
4686472,Marvin Mims Jr.,15.0,0.0,0.0,0.0,0.0,0.0,0.0,0.0,0.0,0.0,0.0,0.0,0.0,0.0,0.0,,39.58300018310547,,12.0,78.0,6.5,16.0,0.0,1.0,5.199999809265137,1.0,0.0,3.0,37.0,51.0,322.0,8.70300006866455,1.0,31.0,6.0,21.46666717529297,0.0,0.0,231.0,14.0,0.0,0.0,0.0,0.0,0.0,0.0,0.0,0.0,0.0,0.0,0.0,1.0,1.0,0.0,2.0,0.0,0.0,0.0,12.0,0.800000011920929,25.0,658.0,26.31999969482422,46.0,0.0,29.0,452.0,15.586206436157227,70.0,1.0,21.0,,,,,,,,,,,,,,,,,,,,,,,,,,,,,,DEN,WR,2025,52.0,70.5,89.0
2576925,Darren Waller,9.0,,,0.0,0.0,0.0,0.0,0.0,0.0,0.0,0.0,0.0,0.0,0.0,0.0,,39.58300018310547,,1.0,4.0,4.0,4.0,0.0,0.0,0.4444444477558136,0.0,0.0,1.0,24.0,34.0,283.0,11.791999816894531,6.0,34.0,5.0,31.44444465637207,0.0,0.0,73.0,19.0,,,,,,,,,,,,0.0,6.0,0.0,6.0,0.0,0.0,0.0,36.0,4.0,,,,,,,,,,,,,,,,,,,,,,,,,,,,,,,,,,,,,,,,,,,2025,64.7,76.7,88.7
4428209,Ricky Pearsall,9.0,0.0,0.0,0.0,0.0,0.0,0.0,0.0,0.0,0.0,0.0,0.0,0.0,0.0,0.0,,39.58300018310547,,2.0,-2.0,-1.0,2.0,0.0,0.0,-0.2222222238779068,0.0,0.0,0.0,36.0,53.0,528.0,14.666999816894531,0.0,45.0,9.0,58.66666793823242,0.0,0.0,74.0,27.0,1.0,0.0,1.0,0.0,0.0,0.0,0.0,0.0,0.0,0.0,0.0,,,,,,,,,,,,,,,,,,,,,,,,,,,,,,,,,,,,,,,,,,,,,,,,,,SF,WR,2025,52.599999999999994,70.6,88.6
4882093,Bhayshul Tuten,15.0,0.0,0.0,0.0,0.0,0.0,0.0,0.0,0.0,0.0,0.0,0.0,0.0,0.0,0.0,,39.58300018310547,,83.0,307.0,3.6989998817443848,15.0,0.0,5.0,20.46666717529297,1.0,1.0,23.0,10.0,14.0,79.0,7.900000095367432,2.0,24.0,1.0,5.266666889190674,0.0,0.0,80.0,3.0,1.0,0.0,1.0,0.0,0.0,0.0,0.0,0.0,0.0,0.0,0.0,5.0,2.0,0.0,7.0,0.0,0.0,0.0,42.0,2.799999952316284,19.0,539.0,28.36842155456543,54.0,0.0,0.0,0.0,0.0,0.0,0.0,0.0,,,,,,,,,,,,,,,,,,,,,,,,,,,,,,JAX,RB,2025,78.6,83.6,88.6
4695883,Jalen Coker,11.0,,,0.0,0.0,0.0,0.0,0.0,0.0,0.0,0.0,0.0,0.0,0.0,0.0,,39.58300018310547,,0.0,0.0,0.0,0.0,0.0,0.0,0.0,0.0,0.0,0.0,33.0,43.0,394.0,11.939000129699707,3.0,34.0,6.0,35.818180084228516,1.0,1.0,102.0,22.0,,,,,,,,,,,,0.0,3.0,0.0,3.0,0.0,0.0,1.0,20.0,1.8179999589920044,,,,,,,,,,,,,,,,,,,,,,,,,,,,,,,,,,,,,,,,,CAR,WR,2025,55.4,71.9,88.4
3128720,Nick Chubb,15.0,0.0,0.0,0.0,0.0,0.0,0.0,0.0,0.0,0.0,0.0,0.0,0.0,0.0,0.0,,39.58300018310547,,122.0,506.0,4.1479997634887695,30.0,3.0,3.0,33.733333587646484,0.0,0.0,20.0,13.0,20.0,67.0,5.1539998054504395,0.0,27.0,1.0,4.4666666984558105,0.0,0.0,63.0,1.0,1.0,0.0,1.0,0.0,0.0,0.0,0.0,0.0,0.0,0.0,0.0,3.0,0.0,0.0,3.0,0.0,0.0,0.0,18.0,1.2000000476837158,,,,,,,,,,,,,,,,,,,,,,,,,,,,,,,,,,,,,,,,,,,2025,75.3,81.8,88.3
4597500,Adonai Mitchell,16.0,0.0,0.0,0.0,0.0,0.0,0.0,0.0,0.0,0.0,0.0,0.0,0.0,0.0,0.0,,39.58300018310547,,1.0,-4.0,-4.0,-4.0,0.0,0.0,-0.25,0.0,0.0,0.0,33.0,74.0,453.0,13.72700023651123,2.0,75.0,6.0,28.3125,1.0,1.0,80.0,15.0,3.0,0.0,3.0,0.0,0.0,0.0,0.0,0.0,0.0,0.0,0.0,0.0,2.0,0.0,2.0,0.0,0.0,0.0,12.0,0.75,,,,,,,,,,,,,,,,,,,,,,,,,,,,,,,,,,,,,,,,,NYJ,WR,2025,54.9,71.4,87.9
5081397,Dylan Sampson,15.0,0.0,0.0,0.0,0.0,0.0,0.0,0.0,0.0,0.0,0.0,0.0,0.0,0.0,0.0,,39.58300018310547,,65.0,175.0,2.691999912261963,26.0,1.0,0.0,11.666666984558105,0.0,0.0,12.0,33.0,40.0,271.0,8.211999893188477,2.0,66.0,2.0,18.066667556762695,1.0,1.0,318.0,8.0,1.0,1.0,2.0,0.0,0.0,0.0,0.0,0.0,0.0,0.0,0.0,0.0,2.0,0.0,2.0,0.0,0.0,0.0,12.0,0.800000011920929,15.0,360.0,24.0,34.0,0.0,0.0,0.0,0.0,0.0,0.0,0.0,,,,,,,,,,,,,,,,,,,,,,,,,,,,,,CLE,RB,2025,54.6,71.1,87.6
4361529,Isiah Pacheco,13.0,0.0,0.0,0.0,0.0,0.0,0.0,0.0,0.0,0.0,0.0,0.0,0.0,0.0,0.0,,39.58300018310547,,118.0,462.0,3.9149999618530273,16.0,0.0,1.0,35.53845977783203,0.0,0.0,27.0,19.0,26.0,101.0,5.315999984741211,1.0,31.0,1.0,7.769230842590332,0.0,0.0,121.0,4.0,0.0,0.0,0.0,0.0,0.0,0.0,0.0,0.0,0.0,0.0,0.0,1.0,1.0,0.0,2.0,0.0,0.0,0.0,12.0,0.9229999780654907,,,,,,,,,,,,,,,,,,,,,,,,,,,,,,,,,,,,,,,,,DET,RB,2025,68.30000000000001,77.80000000000001,87.30000000000001
3051909,Daniel Carlson,17.0,0.0,0.0,0.0,,,,,,,,,,,,,,,,,,,,,,,,,,,,,,,,,,,,,1.0,0.0,1.0,0.0,0.0,0.0,0.0,0.0,0.0,0.0,0.0,0.0,0.0,0.0,0.0,22.0,21.0,0.0,87.0,5.118000030517578,,,,,,,,,,,,22.0,27.0,81.48100280761719,60.0,0.0,5.0,6.0,6.0,5.0,0.0,5.0,6.0,8.0,8.0,21.0,22.0,95.45500183105469,1.0,30.0,30.0,30.0,30.0,0.0,0.0,0.0,0.0,0.0,0.0,0.0,,,2025,87.0,87.0,87.0
4432762,Shedeur Sanders,8.0,0.0,0.0,0.0,120.0,212.0,56.604000091552734,1400.0,6.604000091552734,175.0,66.0,7.0,10.0,23.0,164.0,20.61,68.12100219726562,18.85,21.0,169.0,8.04800033569336,16.0,0.0,1.0,21.125,0.0,0.0,7.0,0.0,0.0,0.0,0.0,0.0,0.0,0.0,0.0,0.0,0.0,0.0,0.0,0.0,1.0,1.0,0.0,0.0,0.0,0.0,0.0,0.0,0.0,0.0,1.0,0.0,0.0,1.0,0.0,0.0,0.0,6.0,0.75,,,,,,,,,,,,,,,,,,,,,,,,,,,,,,,,,,,,,,,,,CLE,QB,2025,86.9,86.9,86.9
4808766,Mason Taylor,13.0,0.0,0.0,0.0,0.0,0.0,0.0,0.0,0.0,0.0,0.0,0.0,0.0,0.0,0.0,,39.58300018310547,,0.0,0.0,0.0,0.0,0.0,0.0,0.0,0.0,0.0,0.0,44.0,65.0,369.0,8.38599967956543,1.0,27.0,2.0,28.384614944458008,0.0,0.0,133.0,23.0,0.0,0.0,0.0,0.0,0.0,0.0,0.0,0.0,0.0,0.0,0.0,0.0,1.0,0.0,1.0,0.0,0.0,1.0,8.0,0.6150000095367432,,,,,,,,,,,,,,,,,,,,,,,,,,,,,,,,,,,,,,,,,NYJ,TE,2025,42.9,64.9,86.9
3123076,David Njoku,12.0,,,0.0,0.0,0.0,0.0,0.0,0.0,0.0,0.0,0.0,0.0,0.0,0.0,,39.58300018310547,,0.0,0.0,0.0,0.0,0.0,0.0,0.0,0.0,0.0,0.0,33.0,48.0,293.0,8.878999710083008,4.0,23.0,2.0,24.41666603088379,0.0,0.0,160.0,11.0,,,,,,,,,,,,0.0,4.0,0.0,4.0,0.0,0.0,0.0,24.0,2.0,,,,,,,,,,,,,,,,,,,,,,,,,,,,,,,,,,,,,,,,,LAC,TE,2025,53.3,69.8,86.3
4243389,Calvin Austin III,14.0,,,0.0,0.0,0.0,0.0,0.0,0.0,0.0,0.0,0.0,0.0,0.0,0.0,,39.58300018310547,,0.0,0.0,0.0,0.0,0.0,0.0,0.0,0.0,0.0,0.0,31.0,55.0,372.0,12.0,3.0,31.0,5.0,26.571428298950195,0.0,0.0,128.0,15.0,,,,,,,,,,,,0.0,3.0,0.0,3.0,0.0,0.0,0.0,18.0,1.2860000133514404,0.0,0.0,0.0,0.0,0.0,15.0,101.0,6.733333110809326,12.0,0.0,4.0,,,,,,,,,,,,,,,,,,,,,,,,,,,,,,NYG,WR,2025,55.2,70.7,86.2
3054212,Jonnu Smith,17.0,0.0,0.0,0.0,0.0,0.0,0.0,0.0,0.0,0.0,0.0,0.0,0.0,0.0,0.0,,39.58300018310547,,9.0,70.0,7.7779998779296875,20.0,1.0,1.0,4.117647171020508,0.0,0.0,3.0,38.0,54.0,222.0,5.8420000076293945,2.0,21.0,1.0,13.058823585510254,1.0,0.0,179.0,10.0,0.0,0.0,0.0,0.0,0.0,0.0,0.0,0.0,0.0,0.0,0.0,1.0,2.0,0.0,3.0,0.0,0.0,0.0,18.0,1.059000015258789,,,,,,,,,,,,,,,,,,,,,,,,,,,,,,,,,,,,,,,,,,,2025,47.2,66.2,85.2
16737,Mike Evans,8.0,0.0,0.0,0.0,0.0,0.0,0.0,0.0,0.0,0.0,0.0,0.0,0.0,0.0,0.0,,39.58300018310547,,0.0,0.0,0.0,0.0,0.0,0.0,0.0,0.0,0.0,0.0,30.0,61.0,368.0,12.267000198364258,3.0,45.0,5.0,46.0,0.0,0.0,37.0,23.0,2.0,0.0,2.0,0.0,0.0,0.0,0.0,0.0,0.0,0.0,0.0,0.0,3.0,0.0,3.0,0.0,0.0,0.0,18.0,2.25,,,,,,,,,,,,,,,,,,,,,,,,,,,,,,,,,,,,,,,,,SF,WR,2025,54.8,69.8,84.8
3917914,Olamide Zaccheaus,16.0,,,0.0,0.0,0.0,0.0,0.0,0.0,0.0,0.0,0.0,0.0,0.0,0.0,,39.58300018310547,,4.0,25.0,6.25,12.0,0.0,0.0,1.5625,0.0,0.0,1.0,39.0,65.0,313.0,8.026000022888184,2.0,27.0,1.0,19.5625,0.0,0.0,138.0,15.0,,,,,,,,,,,,0.0,2.0,0.0,2.0,0.0,0.0,0.0,12.0,0.75,,,,,,,,,,,,,,,,,,,,,,,,,,,,,,,,,,,,,,,,,ATL,WR,2025,45.8,65.3,84.8
3676833,KaVontae Turpin,15.0,0.0,0.0,0.0,0.0,0.0,0.0,0.0,0.0,0.0,0.0,0.0,0.0,0.0,0.0,,39.58300018310547,,17.0,89.0,5.235000133514404,25.0,1.0,0.0,5.933333396911621,1.0,1.0,3.0,26.0,38.0,396.0,15.230999946594238,2.0,86.0,5.0,26.399999618530273,0.0,0.0,214.0,16.0,1.0,0.0,1.0,0.0,0.0,0.0,0.0,0.0,0.0,0.0,0.0,0.0,2.0,0.0,2.0,0.0,0.0,0.0,12.0,0.800000011920929,69.0,1814.0,26.28985595703125,84.0,0.0,10.0,55.0,5.5,19.0,0.0,11.0,,,,,,,,,,,,,,,,,,,,,,,,,,,,,,DAL,WR,2025,58.5,71.5,84.5
4040655,Darnell Mooney,15.0,,,0.0,0.0,0.0,0.0,0.0,0.0,0.0,0.0,0.0,0.0,0.0,0.0,,39.58300018310547,,0.0,0.0,0.0,0.0,0.0,0.0,0.0,0.0,0.0,0.0,32.0,72.0,443.0,13.843999862670898,1.0,49.0,5.0,29.53333282470703,2.0,0.0,73.0,25.0,,,,,,,,,,,,0.0,1.0,0.0,1.0,0.0,0.0,0.0,6.0,0.4000000059604645,,,,,,,,,,,,,,,,,,,,,,,,,,,,,,,,,,,,,,,,,NYG,WR,2025,50.3,66.3,82.3
2976592,Sterling Shepard,13.0,,,0.0,0.0,0.0,0.0,0.0,0.0,0.0,0.0,0.0,0.0,0.0,0.0,,39.58300018310547,,4.0,19.0,4.75,11.0,0.0,0.0,1.4615384340286255,0.0,0.0,1.0,39.0,53.0,371.0,9.512999534606934,1.0,36.0,5.0,28.538461685180664,1.0,1.0,152.0,18.0,,,,,,,,,,,,0.0,1.0,0.0,1.0,0.0,0.0,0.0,6.0,0.4620000123977661,,,,,,,,,,,,,,,,,,,,,,,,,,,,,,,,,,,,,,,,,,,2025,43.0,62.5,82.0
3116165,Chris Godwin Jr.,9.0,,,0.0,0.0,0.0,0.0,0.0,0.0,0.0,0.0,0.0,0.0,0.0,0.0,,39.58300018310547,,0.0,0.0,0.0,0.0,0.0,0.0,0.0,0.0,0.0,0.0,33.0,51.0,360.0,10.909000396728516,2.0,59.0,5.0,40.0,0.0,0.0,206.0,21.0,,,,,,,,,,,,0.0,2.0,0.0,2.0,0.0,0.0,1.0,14.0,1.555999994277954,,,,,,,,,,,,,,,,,,,,,,,,,,,,,,,,,,,,,,,,,TB,WR,2025,48.0,64.5,81.0
4362921,Tyquan Thornton,14.0,1.0,0.0,0.0,0.0,0.0,0.0,0.0,0.0,0.0,0.0,0.0,0.0,0.0,0.0,,39.58300018310547,,0.0,0.0,0.0,0.0,0.0,0.0,0.0,0.0,0.0,0.0,19.0,37.0,438.0,23.05299949645996,3.0,61.0,11.0,31.285715103149414,0.0,0.0,59.0,15.0,1.0,0.0,1.0,0.0,0.0,0.0,0.0,0.0,0.0,0.0,0.0,0.0,3.0,0.0,3.0,0.0,0.0,0.0,18.0,1.2860000133514404,18.0,475.0,26.38888931274414,34.0,0.0,0.0,0.0,0.0,0.0,0.0,0.0,,,,,,,,,,,,,,,,,,,,,,,,,,,,,,KC,WR,2025,61.8,71.3,80.8
3116389,Samaje Perine,15.0,0.0,0.0,0.0,0.0,0.0,0.0,0.0,0.0,0.0,0.0,0.0,0.0,0.0,0.0,,39.58300018310547,,84.0,382.0,4.547999858856201,32.0,2.0,3.0,25.46666717529297,3.0,2.0,32.0,17.0,21.0,87.0,5.118000030517578,0.0,16.0,0.0,5.800000190734863,0.0,0.0,109.0,5.0,1.0,6.0,7.0,0.0,0.0,0.0,0.0,0.0,0.0,0.0,0.0,3.0,0.0,0.0,3.0,0.0,0.0,0.0,18.0,1.2000000476837158,17.0,430.0,25.294116973876953,38.0,0.0,0.0,0.0,0.0,0.0,0.0,0.0,,,,,,,,,,,,,,,,,,,,,,,,,,,,,,CIN,RB,2025,60.900000000000006,69.4,77.9
3917315,Kyler Murray,5.0,,,-4.0,110.0,161.0,68.322998046875,962.0,5.974999904632568,192.39999389648438,45.0,6.0,3.0,16.0,111.0,47.29,88.5739974975586,47.15,29.0,173.0,5.966000080108643,30.0,2.0,1.0,34.599998474121094,1.0,1.0,10.0,0.0,0.0,0.0,0.0,0.0,0.0,0.0,0.0,0.0,0.0,0.0,0.0,,,,,,,,,,,,1.0,0.0,0.0,1.0,0.0,0.0,0.0,6.0,1.2000000476837158,,,,,,,,,,,,,,,,,,,,,,,,,,,,,,,,,,,,,,,,,MIN,QB,2025,77.78,77.78,77.78
4249087,Matt Gay,12.0,,,0.0,,,,,,,,,,,,,,,,,,,,,,,,,,,,,,,,,,,,,,,,,,,,,,,,0.0,0.0,0.0,0.0,17.0,26.0,0.0,77.0,6.416999816894531,,,,,,,,,,,,17.0,23.0,73.91300201416016,56.0,0.0,4.0,3.0,6.0,4.0,0.0,4.0,4.0,6.0,9.0,26.0,26.0,100.0,,,,,,,,,,,,,LV,PK,2025,77.0,77.0,77.0
4258595,Cole Kmet,16.0,0.0,0.0,0.0,0.0,1.0,0.0,0.0,0.0,0.0,0.0,0.0,0.0,0.0,0.0,2.08,39.58300018310547,2.01,0.0,0.0,0.0,0.0,0.0,0.0,0.0,0.0,0.0,0.0,30.0,48.0,347.0,11.567000389099121,2.0,31.0,5.0,21.6875,0.0,0.0,149.0,17.0,0.0,1.0,1.0,0.0,0.0,0.0,0.0,0.0,0.0,0.0,0.0,0.0,2.0,0.0,2.0,0.0,0.0,1.0,14.0,0.875,,,,,,,,,,,,,,,,,,,,,,,,,,,,,,,,,,,,,,,,,CHI,TE,2025,46.7,61.7,76.7
5123663,Isaac TeSlaa,17.0,0.0,0.0,0.0,0.0,0.0,0.0,0.0,0.0,0.0,0.0,0.0,0.0,0.0,0.0,,39.58300018310547,,0.0,0.0,0.0,0.0,0.0,0.0,0.0,0.0,0.0,0.0,16.0,27.0,239.0,14.937999725341797,6.0,29.0,3.0,14.058823585510254,0.0,0.0,55.0,14.0,1.0,1.0,2.0,0.0,0.0,0.0,0.0,0.0,0.0,0.0,0.0,0.0,6.0,0.0,6.0,0.0,0.0,0.0,36.0,2.118000030517578,,,,,,,,,,,,,,,,,,,,,,,,,,,,,,,,,,,,,,,,,DET,WR,2025,59.9,67.9,75.9
4428850,Dontayvion Wicks,14.0,0.0,0.0,0.0,0.0,0.0,0.0,0.0,0.0,0.0,0.0,0.0,0.0,0.0,0.0,,39.58300018310547,,1.0,6.0,6.0,6.0,0.0,0.0,0.4285714328289032,0.0,0.0,0.0,30.0,46.0,332.0,11.067000389099121,2.0,30.0,3.0,23.714284896850586,0.0,0.0,67.0,21.0,1.0,0.0,1.0,0.0,0.0,0.0,0.0,0.0,0.0,0.0,0.0,0.0,2.0,0.0,2.0,0.0,0.0,0.0,12.0,0.8569999933242798,,,,,,,,,,,,,,,,,,,,,,,,,,,,,,,,,,,,,,,,,PHI,WR,2025,45.800000000000004,60.800000000000004,75.80000000000001
4037235,Greg Dortch,12.0,0.0,0.0,0.0,0.0,0.0,0.0,0.0,0.0,0.0,0.0,0.0,0.0,0.0,0.0,9.95,39.58300018310547,10.2,7.0,15.0,2.1429998874664307,9.0,0.0,1.0,1.25,0.0,0.0,1.0,29.0,33.0,206.0,7.103000164031982,3.0,39.0,1.0,17.16666603088379,0.0,0.0,194.0,10.0,1.0,2.0,3.0,0.0,0.0,0.0,0.0,0.0,0.0,0.0,0.0,1.0,3.0,0.0,4.0,0.0,0.0,0.0,24.0,2.0,31.0,811.0,26.161291122436523,39.0,0.0,16.0,185.0,11.5625,40.0,0.0,5.0,,,,,,,,,,,,,,,,,,,,,,,,,,,,,,DET,WR,2025,46.1,60.6,75.1
4574716,Harrison Mevis,9.0,,,0.0,,,,,,,,,,,,,,,,,,,,,,,,,,,,,,,,,,,,,,,,,,,,,,,,0.0,0.0,0.0,0.0,12.0,39.0,0.0,75.0,8.333000183105469,,,,,,,,,,,,12.0,13.0,92.30799865722656,52.0,0.0,3.0,3.0,5.0,1.0,0.0,3.0,3.0,6.0,1.0,39.0,39.0,100.0,,,,,,,,,,,,,LAR,PK,2025,75.0,75.0,75.0
4600981,Pat Bryant,15.0,0.0,0.0,0.0,0.0,0.0,0.0,0.0,0.0,0.0,0.0,0.0,0.0,0.0,0.0,,39.58300018310547,,0.0,0.0,0.0,0.0,0.0,0.0,0.0,0.0,0.0,0.0,31.0,49.0,378.0,12.194000244140625,1.0,48.0,4.0,25.200000762939453,0.0,0.0,147.0,22.0,3.0,1.0,4.0,0.0,0.0,0.0,0.0,0.0,0.0,0.0,0.0,0.0,1.0,0.0,1.0,0.0,0.0,0.0,6.0,0.4000000059604645,,,,,,,,,,,,,,,,,,,,,,,,,,,,,,,,,,,,,,,,,DEN,WR,2025,43.8,59.3,74.8
4036131,Noah Fant,15.0,,,0.0,0.0,0.0,0.0,0.0,0.0,0.0,0.0,0.0,0.0,0.0,0.0,,39.58300018310547,,0.0,0.0,0.0,0.0,0.0,0.0,0.0,0.0,0.0,0.0,34.0,41.0,288.0,8.470999717712402,3.0,25.0,3.0,19.200000762939453,3.0,3.0,174.0,13.0,,,,,,,,,,,,0.0,3.0,0.0,3.0,0.0,0.0,0.0,18.0,1.2000000476837158,,,,,,,,,,,,,,,,,,,,,,,,,,,,,,,,,,,,,,,,,NO,TE,2025,40.8,57.8,74.8
3043234,Zane Gonzalez,9.0,,,0.0,,,,,,,,,,,,,,,,,,,,,,,,,,,,,,,,,,,,,,,,,,,,,,,,0.0,0.0,0.0,0.0,19.0,17.0,0.0,74.0,8.222000122070312,,,,,,,,,,,,19.0,22.0,86.36399841308594,56.0,0.0,1.0,3.0,8.0,7.0,0.0,1.0,4.0,8.0,9.0,17.0,18.0,94.44400024414062,,,,,,,,,,,,,MIA,PK,2025,74.0,74.0,74.0
4429086,Michael Mayer,13.0,0.0,0.0,0.0,0.0,0.0,0.0,0.0,0.0,0.0,0.0,0.0,0.0,0.0,0.0,,39.58300018310547,,0.0,0.0,0.0,0.0,0.0,0.0,0.0,0.0,0.0,0.0,35.0,50.0,328.0,9.371000289916992,1.0,23.0,3.0,25.230770111083984,1.0,0.0,196.0,18.0,8.0,1.0,9.0,0.0,0.0,0.0,0.0,0.0,0.0,0.0,0.0,0.0,1.0,0.0,1.0,0.0,0.0,0.0,6.0,0.4620000123977661,,,,,,,,,,,,,,,,,,,,,,,,,,,,,,,,,,,,,,,,,LV,TE,2025,38.8,56.3,73.8
3120348,JuJu Smith-Schuster,17.0,0.0,0.0,-5.0,0.0,0.0,0.0,0.0,0.0,0.0,0.0,0.0,0.0,0.0,0.0,,39.58300018310547,,0.0,0.0,0.0,0.0,0.0,0.0,0.0,0.0,0.0,0.0,33.0,45.0,345.0,10.454999923706055,1.0,30.0,3.0,20.294116973876953,0.0,0.0,191.0,19.0,1.0,0.0,1.0,0.0,0.0,0.0,0.0,0.0,0.0,0.0,0.0,0.0,1.0,0.0,1.0,0.0,0.0,0.0,6.0,0.3529999852180481,,,,,,,,,,,,,,,,,,,,,,,,,,,,,,,,,,,,,,,,,NYG,WR,2025,40.5,57.0,73.5
4372066,Jake Moody,9.0,,,0.0,,,,,,,,,,,,,,,,,,,,,,,,,,,,,,,,,,,,,,,,,,,,,,,,0.0,0.0,0.0,0.0,19.0,15.0,0.0,72.0,8.0,,,,,,,,,,,,19.0,23.0,82.60900115966797,56.0,0.0,5.0,7.0,5.0,2.0,0.0,7.0,8.0,6.0,2.0,15.0,16.0,93.75,,,,,,,,,,,,,WSH,PK,2025,72.0,72.0,72.0
4567096,John Metchie III,16.0,0.0,0.0,0.0,0.0,0.0,0.0,0.0,0.0,0.0,0.0,0.0,0.0,0.0,0.0,,39.58300018310547,,3.0,-5.0,-1.6670000553131104,4.0,0.0,0.0,-0.3125,0.0,0.0,0.0,33.0,48.0,274.0,8.303000450134277,2.0,22.0,1.0,17.125,0.0,0.0,140.0,15.0,1.0,0.0,1.0,0.0,0.0,0.0,0.0,0.0,0.0,0.0,0.0,0.0,2.0,0.0,2.0,0.0,0.0,0.0,12.0,0.75,7.0,120.0,17.14285659790039,26.0,0.0,0.0,0.0,0.0,0.0,0.0,0.0,,,,,,,,,,,,,,,,,,,,,,,,,,,,,,CAR,WR,2025,38.9,55.4,71.9
4430802,Darnell Washington,16.0,,,0.0,0.0,0.0,0.0,0.0,0.0,0.0,0.0,0.0,0.0,0.0,0.0,,39.58300018310547,,0.0,0.0,0.0,0.0,0.0,0.0,0.0,0.0,0.0,0.0,31.0,43.0,364.0,11.741999626159668,1.0,36.0,3.0,22.75,2.0,1.0,229.0,16.0,,,,,,,,,,,,0.0,1.0,0.0,1.0,0.0,0.0,1.0,8.0,0.5,,,,,,,,,,,,,,,,,,,,,,,,,,,,,,,,,,,,,,,,,PIT,TE,2025,40.4,55.9,71.4
2573401,Tyler Higbee,10.0,,,0.0,0.0,0.0,0.0,0.0,0.0,0.0,0.0,0.0,0.0,0.0,0.0,,39.58300018310547,,0.0,0.0,0.0,0.0,0.0,0.0,0.0,0.0,0.0,0.0,25.0,36.0,281.0,11.239999771118164,3.0,24.0,6.0,28.100000381469727,0.0,0.0,140.0,17.0,,,,,,,,,,,,0.0,3.0,0.0,3.0,0.0,0.0,0.0,18.0,1.7999999523162842,,,,,,,,,,,,,,,,,,,,,,,,,,,,,,,,,,,,,,,,,LAR,TE,2025,46.1,58.6,71.1
3127586,Jeremy McNichols,17.0,0.0,0.0,0.0,0.0,0.0,0.0,0.0,0.0,0.0,0.0,0.0,0.0,0.0,0.0,5.22,39.58300018310547,5.84,44.0,221.0,5.0229997634887695,60.0,1.0,1.0,13.0,1.0,1.0,13.0,25.0,31.0,196.0,7.840000152587891,0.0,24.0,1.0,11.529411315917969,0.0,0.0,222.0,10.0,1.0,0.0,1.0,0.0,0.0,0.0,0.0,0.0,0.0,0.0,0.0,1.0,0.0,0.0,1.0,0.0,0.0,1.0,8.0,0.47099998593330383,2.0,29.0,14.5,15.0,0.0,0.0,0.0,0.0,0.0,0.0,0.0,,,,,,,,,,,,,,,,,,,,,,,,,,,,,,WSH,RB,2025,45.7,58.2,70.7
4427238,Dillon Gabriel,10.0,0.0,0.0,0.0,110.0,185.0,59.45899963378906,937.0,5.065000057220459,93.69999694824219,26.0,7.0,2.0,19.0,127.0,29.68,80.84500122070312,31.38,14.0,86.0,6.14300012588501,19.0,0.0,0.0,8.600000381469727,0.0,0.0,4.0,0.0,0.0,0.0,0.0,0.0,0.0,0.0,0.0,0.0,0.0,0.0,0.0,0.0,1.0,1.0,0.0,0.0,0.0,0.0,0.0,0.0,0.0,0.0,0.0,0.0,0.0,0.0,0.0,0.0,0.0,0.0,0.0,,,,,,,,,,,,,,,,,,,,,,,,,,,,,,,,,,,,,,,,,CLE,QB,2025,70.07999999999998,70.07999999999998,70.07999999999998
3930066,Van Jefferson,16.0,,,0.0,0.0,0.0,0.0,0.0,0.0,0.0,0.0,0.0,0.0,0.0,0.0,,39.58300018310547,,0.0,0.0,0.0,0.0,0.0,0.0,0.0,0.0,0.0,0.0,29.0,52.0,350.0,12.069000244140625,1.0,43.0,6.0,21.875,0.0,0.0,83.0,17.0,,,,,,,,,,,,0.0,1.0,0.0,1.0,0.0,0.0,0.0,6.0,0.375,,,,,,,,,,,,,,,,,,,,,,,,,,,,,,,,,,,,,,,,,WSH,WR,2025,41.0,55.5,70.0
4701936,Matthew Golden,14.0,0.0,0.0,0.0,0.0,0.0,0.0,0.0,0.0,0.0,0.0,0.0,0.0,0.0,0.0,,39.58300018310547,,10.0,49.0,4.900000095367432,9.0,0.0,0.0,3.5,0.0,0.0,3.0,29.0,44.0,361.0,12.447999954223633,0.0,46.0,7.0,25.785715103149414,0.0,0.0,101.0,16.0,1.0,0.0,1.0,0.0,0.0,0.0,0.0,0.0,0.0,0.0,0.0,,,,,,,,,,0.0,0.0,0.0,0.0,0.0,6.0,28.0,4.666666507720947,11.0,0.0,2.0,,,,,,,,,,,,,,,,,,,,,,,,,,,,,,GB,WR,2025,41.0,55.5,70.0
4686612,Tre' Harris,17.0,,,0.0,0.0,0.0,0.0,0.0,0.0,0.0,0.0,0.0,0.0,0.0,0.0,,39.58300018310547,,2.0,10.0,5.0,7.0,0.0,0.0,0.5882353186607361,0.0,0.0,0.0,30.0,43.0,324.0,10.800000190734863,1.0,37.0,3.0,19.058822631835938,0.0,0.0,139.0,18.0,,,,,,,,,,,,0.0,1.0,0.0,1.0,0.0,0.0,0.0,6.0,0.3529999852180481,,,,,,,,,,,,,,,,,,,,,,,,,,,,,,,,,,,,,,,,,LAC,WR,2025,39.4,54.4,69.4
4695404,Isaiah Davis,16.0,0.0,0.0,0.0,0.0,0.0,0.0,0.0,0.0,0.0,0.0,0.0,0.0,0.0,0.0,,39.58300018310547,,43.0,236.0,5.48799991607666,50.0,2.0,1.0,14.75,0.0,0.0,7.0,21.0,28.0,186.0,8.857000350952148,0.0,26.0,2.0,11.625,0.0,0.0,189.0,8.0,2.0,6.0,8.0,0.0,0.0,0.0,0.0,0.0,0.0,0.0,0.0,1.0,0.0,0.0,1.0,0.0,0.0,1.0,8.0,0.5,11.0,323.0,29.363636016845703,41.0,0.0,0.0,0.0,0.0,0.0,0.0,0.0,,,,,,,,,,,,,,,,,,,,,,,,,,,,,,NYJ,RB,2025,48.2,58.7,69.2
4586312,Jaylin Noel,17.0,,,0.0,0.0,0.0,0.0,0.0,0.0,0.0,0.0,0.0,0.0,0.0,0.0,,39.58300018310547,,6.0,12.0,2.0,5.0,0.0,0.0,0.7058823704719543,0.0,0.0,0.0,26.0,35.0,292.0,11.230999946594238,2.0,44.0,6.0,17.176469802856445,0.0,0.0,99.0,13.0,,,,,,,,,,,,0.0,2.0,0.0,2.0,0.0,0.0,0.0,12.0,0.7059999704360962,29.0,799.0,27.55172348022461,69.0,0.0,31.0,335.0,10.806451797485352,53.0,0.0,19.0,,,,,,,,,,,,,,,,,,,,,,,,,,,,,,HOU,WR,2025,42.400000000000006,55.400000000000006,68.4
2573079,Carson Wentz,5.0,0.0,0.0,-8.0,110.0,169.0,65.08899688720703,1216.0,7.195000171661377,243.1999969482422,81.0,6.0,5.0,19.0,125.0,39.93,85.81099700927734,43.34,11.0,57.0,5.182000160217285,16.0,0.0,0.0,11.399999618530273,1.0,0.0,3.0,0.0,0.0,0.0,0.0,0.0,0.0,0.0,0.0,0.0,0.0,0.0,0.0,0.0,0.0,0.0,0.0,0.0,0.0,0.0,0.0,0.0,0.0,0.0,0.0,0.0,0.0,0.0,0.0,0.0,0.0,0.0,0.0,,,,,,,,,,,,,,,,,,,,,,,,,,,,,,,,,,,,,,,,,MIN,QB,2025,68.34,68.34,68.34
2577327,Tyler Lockett,17.0,0.0,1.0,1.0,0.0,0.0,0.0,0.0,0.0,0.0,0.0,0.0,0.0,0.0,0.0,,39.58300018310547,,0.0,0.0,0.0,0.0,0.0,0.0,0.0,0.0,0.0,0.0,32.0,55.0,291.0,9.093999862670898,1.0,33.0,2.0,17.117647171020508,0.0,0.0,79.0,14.0,0.0,0.0,0.0,0.0,0.0,0.0,0.0,0.0,0.0,0.0,0.0,0.0,1.0,0.0,1.0,0.0,0.0,0.0,6.0,0.3529999852180481,,,,,,,,,,,,,,,,,,,,,,,,,,,,,,,,,,,,,,,,,,,2025,35.1,51.1,67.1
15795,DeAndre Hopkins,17.0,,,0.0,0.0,0.0,0.0,0.0,0.0,0.0,0.0,0.0,0.0,0.0,0.0,,39.58300018310547,,0.0,0.0,0.0,0.0,0.0,0.0,0.0,0.0,0.0,0.0,22.0,39.0,330.0,15.0,2.0,41.0,5.0,19.41176414489746,0.0,0.0,65.0,15.0,,,,,,,,,,,,0.0,2.0,0.0,2.0,0.0,0.0,0.0,12.0,0.7059999704360962,,,,,,,,,,,,,,,,,,,,,,,,,,,,,,,,,,,,,,,,,,,2025,45.0,56.0,67.0
4242546,Davis Mills,6.0,,,-5.0,91.0,159.0,57.233001708984375,915.0,5.755000114440918,152.5,54.0,5.0,1.0,8.0,60.0,44.27,81.61699676513672,43.51,13.0,60.0,4.614999771118164,14.0,0.0,1.0,10.0,1.0,0.0,2.0,0.0,0.0,0.0,0.0,0.0,0.0,0.0,0.0,0.0,0.0,0.0,0.0,,,,,,,,,,,,1.0,0.0,0.0,1.0,0.0,0.0,0.0,6.0,1.0,,,,,,,,,,,,,,,,,,,,,,,,,,,,,,,,,,,,,,,,,HOU,QB,2025,66.6,66.6,66.6
4569559,Devaughn Vele,13.0,0.0,0.0,0.0,0.0,0.0,0.0,0.0,0.0,0.0,0.0,0.0,0.0,0.0,0.0,,39.58300018310547,,0.0,0.0,0.0,0.0,0.0,0.0,0.0,0.0,0.0,0.0,25.0,39.0,293.0,11.720000267028809,2.0,17.0,0.0,22.538461685180664,0.0,0.0,34.0,19.0,1.0,0.0,1.0,0.0,0.0,0.0,0.0,0.0,0.0,0.0,0.0,0.0,2.0,0.0,2.0,0.0,0.0,0.0,12.0,0.9229999780654907,,,,,,,,,,,,,,,,,,,,,,,,,,,,,,,,,,,,,,,,,NO,WR,2025,41.3,53.8,66.3
4038441,Justice Hill,10.0,0.0,0.0,0.0,0.0,0.0,0.0,0.0,0.0,0.0,0.0,0.0,0.0,0.0,0.0,,39.58300018310547,,18.0,93.0,5.166999816894531,71.0,1.0,2.0,9.300000190734863,1.0,0.0,4.0,21.0,27.0,169.0,8.04800033569336,1.0,37.0,1.0,16.899999618530273,0.0,0.0,184.0,6.0,0.0,0.0,0.0,0.0,0.0,0.0,0.0,0.0,0.0,0.0,0.0,2.0,1.0,0.0,3.0,0.0,0.0,0.0,18.0,1.7999999523162842,7.0,188.0,26.85714340209961,30.0,0.0,0.0,0.0,0.0,0.0,0.0,0.0,,,,,,,,,,,,,,,,,,,,,,,,,,,,,,BAL,RB,2025,44.2,54.7,65.2
4372780,Tommy Tremble,17.0,0.0,0.0,0.0,0.0,0.0,0.0,0.0,0.0,0.0,0.0,0.0,0.0,0.0,0.0,,39.58300018310547,,0.0,0.0,0.0,0.0,0.0,0.0,0.0,0.0,0.0,0.0,27.0,37.0,249.0,9.222000122070312,2.0,54.0,1.0,14.647058486938477,0.0,0.0,164.0,10.0,2.0,0.0,2.0,0.0,0.0,0.0,0.0,0.0,0.0,0.0,0.0,0.0,2.0,0.0,2.0,0.0,0.0,0.0,12.0,0.7059999704360962,,,,,,,,,,,,,,,,,,,,,,,,,,,,,,,,,,,,,,,,,CAR,TE,2025,36.9,50.4,63.9
4685415,Travis Hunter,7.0,0.0,0.0,0.0,0.0,0.0,0.0,0.0,0.0,0.0,0.0,0.0,0.0,0.0,0.0,,39.58300018310547,,1.0,0.0,0.0,0.0,0.0,0.0,0.0,0.0,0.0,0.0,28.0,45.0,298.0,10.642999649047852,1.0,44.0,5.0,42.57143020629883,1.0,0.0,140.0,12.0,11.0,4.0,15.0,0.0,0.0,0.0,3.0,0.0,0.0,0.0,0.0,0.0,1.0,0.0,1.0,0.0,0.0,0.0,6.0,0.8569999933242798,,,,,,,,,,,,,,,,,,,,,,,,,,,,,,,,,,,,,,,,,JAX,WR,2025,35.8,49.8,63.8
4596602,Brashard Smith,17.0,0.0,0.0,0.0,0.0,0.0,0.0,0.0,0.0,0.0,0.0,0.0,0.0,0.0,0.0,,39.58300018310547,,44.0,151.0,3.431999921798706,14.0,0.0,0.0,8.882352828979492,1.0,0.0,5.0,25.0,35.0,172.0,6.880000114440918,1.0,17.0,0.0,10.117647171020508,0.0,0.0,232.0,7.0,0.0,0.0,0.0,0.0,0.0,0.0,0.0,0.0,0.0,0.0,0.0,0.0,1.0,0.0,1.0,0.0,0.0,0.0,6.0,0.3529999852180481,18.0,481.0,26.72222137451172,37.0,0.0,6.0,68.0,11.333333015441895,44.0,0.0,1.0,,,,,,,,,,,,,,,,,,,,,,,,,,,,,,KC,RB,2025,38.3,50.8,63.3
4367209,Greg Dulcich,10.0,0.0,0.0,0.0,0.0,0.0,0.0,0.0,0.0,0.0,0.0,0.0,0.0,0.0,0.0,,39.58300018310547,,1.0,-7.0,-7.0,-7.0,0.0,0.0,-0.699999988079071,0.0,0.0,0.0,26.0,33.0,335.0,12.885000228881836,1.0,29.0,7.0,33.5,1.0,1.0,199.0,14.0,1.0,1.0,2.0,0.0,0.0,0.0,0.0,0.0,0.0,0.0,0.0,0.0,1.0,0.0,1.0,0.0,0.0,0.0,6.0,0.6000000238418579,,,,,,,,,,,,,,,,,,,,,,,,,,,,,,,,,,,,,,,,,MIA,TE,2025,36.8,49.8,62.8
4426553,Davis Allen,17.0,0.0,0.0,0.0,0.0,0.0,0.0,0.0,0.0,0.0,0.0,0.0,0.0,0.0,0.0,,39.58300018310547,,0.0,0.0,0.0,0.0,0.0,0.0,0.0,0.0,0.0,0.0,24.0,33.0,208.0,8.666999816894531,3.0,27.0,2.0,12.235294342041016,0.0,0.0,137.0,12.0,0.0,1.0,1.0,0.0,0.0,0.0,0.0,0.0,0.0,0.0,0.0,0.0,3.0,0.0,3.0,0.0,0.0,0.0,18.0,1.059000015258789,,,,,,,,,,,,,,,,,,,,,,,,,,,,,,,,,,,,,,,,,LAR,TE,2025,38.8,50.8,62.8
4241474,Brian Robinson Jr.,17.0,,,0.0,0.0,0.0,0.0,0.0,0.0,0.0,0.0,0.0,0.0,0.0,0.0,,39.58300018310547,,92.0,400.0,4.3480000495910645,19.0,0.0,2.0,23.52941131591797,0.0,0.0,20.0,8.0,12.0,25.0,3.125,0.0,6.0,0.0,1.470588207244873,0.0,0.0,35.0,1.0,,,,,,,,,,,,2.0,0.0,0.0,2.0,0.0,0.0,0.0,12.0,0.7059999704360962,13.0,378.0,29.076923370361328,46.0,0.0,0.0,0.0,0.0,0.0,0.0,0.0,,,,,,,,,,,,,,,,,,,,,,,,,,,,,,ATL,RB,2025,54.5,58.5,62.5
4361050,Isaiah Likely,14.0,0.0,0.0,0.0,0.0,0.0,0.0,0.0,0.0,0.0,0.0,0.0,0.0,0.0,0.0,,39.58300018310547,,0.0,0.0,0.0,0.0,0.0,0.0,0.0,0.0,0.0,0.0,27.0,37.0,307.0,11.369999885559082,1.0,43.0,4.0,21.928571701049805,2.0,1.0,117.0,11.0,0.0,0.0,0.0,0.0,0.0,0.0,0.0,0.0,0.0,0.0,0.0,0.0,1.0,0.0,1.0,0.0,0.0,0.0,6.0,0.42899999022483826,,,,,,,,,,,,,,,,,,,,,,,,,,,,,,,,,,,,,,,,,NYG,TE,2025,34.7,48.2,61.7
14163,Tyrod Taylor,6.0,,,0.0,80.0,134.0,59.70100021362305,779.0,5.813000202178955,129.8333282470703,52.0,5.0,5.0,14.0,82.0,52.55,72.947998046875,50.85,27.0,143.0,5.296000003814697,15.0,0.0,1.0,23.83333396911621,0.0,0.0,10.0,0.0,0.0,0.0,0.0,0.0,0.0,0.0,0.0,0.0,0.0,0.0,0.0,,,,,,,,,,,,1.0,0.0,0.0,1.0,0.0,0.0,0.0,6.0,1.0,,,,,,,,,,,,,,,,,,,,,,,,,,,,,,,,,,,,,,,,,GB,QB,2025,61.459999999999994,61.459999999999994,61.459999999999994
2973405,Kalif Raymond,15.0,,,0.0,0.0,0.0,0.0,0.0,0.0,0.0,0.0,0.0,0.0,0.0,0.0,,39.58300018310547,,2.0,19.0,9.5,10.0,0.0,0.0,1.2666666507720947,0.0,0.0,1.0,24.0,30.0,289.0,12.041999816894531,1.0,30.0,4.0,19.266666412353516,0.0,0.0,157.0,14.0,,,,,,,,,,,,0.0,1.0,0.0,1.0,0.0,0.0,0.0,6.0,0.4000000059604645,6.0,161.0,26.83333396911621,44.0,0.0,32.0,241.0,7.53125,65.0,1.0,13.0,,,,,,,,,,,,,,,,,,,,,,,,,,,,,,CHI,WR,2025,36.8,48.8,60.8
4682652,Devin Neal,10.0,0.0,0.0,0.0,0.0,0.0,0.0,0.0,0.0,0.0,0.0,0.0,0.0,0.0,0.0,,39.58300018310547,,57.0,206.0,3.614000082015991,21.0,1.0,2.0,20.600000381469727,0.0,0.0,11.0,17.0,19.0,104.0,6.118000030517578,0.0,18.0,0.0,10.399999618530273,0.0,0.0,138.0,4.0,1.0,0.0,1.0,0.0,0.0,0.0,0.0,0.0,0.0,0.0,0.0,2.0,0.0,0.0,2.0,0.0,0.0,0.0,12.0,1.2000000476837158,7.0,152.0,21.714284896850586,31.0,0.0,0.0,0.0,0.0,0.0,0.0,0.0,,,,,,,,,,,,,,,,,,,,,,,,,,,,,,NO,RB,2025,43.0,51.5,60.0
4369863,Cedric Tillman,13.0,0.0,0.0,0.0,0.0,0.0,0.0,0.0,0.0,0.0,0.0,0.0,0.0,0.0,0.0,,39.58300018310547,,0.0,0.0,0.0,0.0,0.0,0.0,0.0,0.0,0.0,0.0,21.0,39.0,270.0,12.857000350952148,2.0,42.0,6.0,20.769229888916016,0.0,0.0,62.0,13.0,1.0,0.0,1.0,0.0,0.0,0.0,0.0,0.0,0.0,0.0,0.0,0.0,2.0,0.0,2.0,0.0,0.0,0.0,12.0,0.9229999780654907,,,,,,,,,,,,,,,,,,,,,,,,,,,,,,,,,,,,,,,,,CLE,WR,2025,39.0,49.5,60.0
4361516,Daniel Bellinger,16.0,0.0,0.0,0.0,0.0,0.0,0.0,0.0,0.0,0.0,0.0,0.0,0.0,0.0,0.0,,39.58300018310547,,0.0,0.0,0.0,0.0,0.0,0.0,0.0,0.0,0.0,0.0,19.0,26.0,286.0,15.053000450134277,2.0,44.0,4.0,17.875,0.0,0.0,132.0,14.0,1.0,0.0,1.0,0.0,0.0,0.0,0.0,0.0,0.0,0.0,0.0,0.0,2.0,0.0,2.0,0.0,0.0,0.0,12.0,0.75,,,,,,,,,,,,,,,,,,,,,,,,,,,,,,,,,,,,,,,,,TEN,TE,2025,40.6,50.1,59.6
3043275,Austin Hooper,16.0,0.0,0.0,0.0,0.0,0.0,0.0,0.0,0.0,0.0,0.0,0.0,0.0,0.0,0.0,,39.58300018310547,,0.0,0.0,0.0,0.0,0.0,0.0,0.0,0.0,0.0,0.0,21.0,26.0,263.0,12.52400016784668,2.0,31.0,6.0,16.4375,0.0,0.0,86.0,13.0,1.0,0.0,1.0,0.0,0.0,0.0,0.0,0.0,0.0,0.0,0.0,0.0,2.0,0.0,2.0,0.0,0.0,0.0,12.0,0.75,,,,,,,,,,,,,,,,,,,,,,,,,,,,,,,,,,,,,,,,,ATL,TE,2025,38.3,48.8,59.3
4597703,Tory Horton,8.0,,,0.0,0.0,0.0,0.0,0.0,0.0,0.0,0.0,0.0,0.0,0.0,0.0,,39.58300018310547,,0.0,0.0,0.0,0.0,0.0,0.0,0.0,0.0,0.0,0.0,13.0,22.0,161.0,12.385000228881836,5.0,25.0,3.0,20.125,0.0,0.0,33.0,7.0,,,,,,,,,,,,0.0,5.0,0.0,5.0,0.0,0.0,0.0,30.0,3.75,0.0,0.0,0.0,0.0,0.0,16.0,238.0,14.875,95.0,1.0,9.0,,,,,,,,,,,,,,,,,,,,,,,,,,,,,,SEA,WR,2025,46.1,52.6,59.1
4362478,Emari Demercado,13.0,0.0,0.0,0.0,0.0,0.0,0.0,0.0,0.0,0.0,0.0,0.0,0.0,0.0,0.0,,39.58300018310547,,44.0,312.0,7.091000080108643,71.0,2.0,0.0,24.0,1.0,1.0,9.0,13.0,20.0,101.0,7.769000053405762,1.0,34.0,2.0,7.769230842590332,0.0,0.0,84.0,3.0,3.0,2.0,5.0,0.0,0.0,0.0,0.0,0.0,0.0,0.0,0.0,0.0,1.0,0.0,1.0,0.0,0.0,0.0,6.0,0.4620000123977661,3.0,86.0,28.66666603088379,36.0,0.0,0.0,0.0,0.0,0.0,0.0,0.0,,,,,,,,,,,,,,,,,,,,,,,,,,,,,,KC,RB,2025,45.3,51.8,58.3
4426844,Elijah Higgins,17.0,0.0,0.0,0.0,0.0,0.0,0.0,0.0,0.0,0.0,0.0,0.0,0.0,0.0,0.0,,39.58300018310547,,0.0,0.0,0.0,0.0,0.0,0.0,0.0,0.0,0.0,0.0,30.0,37.0,301.0,10.032999992370605,0.0,27.0,4.0,17.705883026123047,1.0,1.0,209.0,15.0,5.0,5.0,10.0,0.0,0.0,0.0,0.0,0.0,0.0,0.0,0.0,0.0,0.0,0.0,0.0,0.0,0.0,0.0,0.0,0.0,,,,,,,,,,,,,,,,,,,,,,,,,,,,,,,,,,,,,,,,,ARI,TE,2025,28.1,43.1,58.1
4429501,Ray Davis,17.0,0.0,0.0,0.0,0.0,0.0,0.0,0.0,0.0,0.0,0.0,0.0,0.0,0.0,0.0,,39.58300018310547,,58.0,275.0,4.741000175476074,23.0,1.0,0.0,16.176469802856445,0.0,0.0,15.0,10.0,13.0,86.0,8.600000381469727,2.0,21.0,1.0,5.058823585510254,0.0,0.0,99.0,7.0,0.0,1.0,1.0,0.0,0.0,0.0,0.0,0.0,0.0,0.0,0.0,0.0,2.0,0.0,2.0,0.0,0.0,0.0,12.0,0.7059999704360962,31.0,943.0,30.419355392456055,97.0,1.0,0.0,0.0,0.0,0.0,0.0,0.0,0.0,0.0,0.0,0.0,0.0,0.0,0.0,0.0,0.0,0.0,0.0,0.0,0.0,0.0,0.0,0.0,0.0,,,,,,,,,,,,,BUF,RB,2025,48.1,53.1,58.1
4595348,Malik Nabers,4.0,0.0,0.0,0.0,0.0,0.0,0.0,0.0,0.0,0.0,0.0,0.0,0.0,0.0,0.0,,39.58300018310547,,0.0,0.0,0.0,0.0,0.0,0.0,0.0,0.0,0.0,0.0,18.0,35.0,271.0,15.055999755859375,2.0,48.0,5.0,67.75,0.0,0.0,52.0,11.0,2.0,0.0,2.0,0.0,0.0,0.0,0.0,0.0,0.0,0.0,0.0,0.0,2.0,0.0,2.0,0.0,0.0,0.0,12.0,3.0,,,,,,,,,,,,,,,,,,,,,,,,,,,,,,,,,,,,,,,,,NYG,WR,2025,39.1,48.1,57.1
16002,Kyle Juszczyk,17.0,0.0,0.0,0.0,0.0,0.0,0.0,0.0,0.0,0.0,0.0,0.0,0.0,0.0,0.0,,39.58300018310547,,2.0,-3.0,-1.5,-1.0,0.0,0.0,-0.1764705926179886,0.0,0.0,0.0,24.0,28.0,213.0,8.875,2.0,25.0,3.0,12.529411315917969,0.0,0.0,109.0,10.0,1.0,1.0,2.0,0.0,0.0,0.0,0.0,0.0,0.0,0.0,0.0,0.0,2.0,0.0,2.0,0.0,0.0,0.0,12.0,0.7059999704360962,,,,,,,,,,,,,,,,,,,,,,,,,,,,,,,,,,,,,,,,,SF,FB,2025,33.0,45.0,57.0
3043116,Demarcus Robinson,14.0,,,0.0,0.0,0.0,0.0,0.0,0.0,0.0,0.0,0.0,0.0,0.0,0.0,,39.58300018310547,,1.0,6.0,6.0,6.0,0.0,0.0,0.4285714328289032,0.0,0.0,0.0,22.0,35.0,276.0,12.545000076293945,1.0,31.0,5.0,19.714284896850586,0.0,0.0,36.0,15.0,,,,,,,,,,,,0.0,1.0,0.0,1.0,0.0,0.0,1.0,8.0,0.5709999799728394,,,,,,,,,,,,,,,,,,,,,,,,,,,,,,,,,,,,,,,,,SF,WR,2025,34.2,45.2,56.2
4596334,Keaton Mitchell,13.0,,,0.0,0.0,0.0,0.0,0.0,0.0,0.0,0.0,0.0,0.0,0.0,0.0,,39.58300018310547,,59.0,341.0,5.78000020980835,55.0,4.0,1.0,26.230770111083984,1.0,0.0,16.0,9.0,12.0,63.0,7.0,0.0,17.0,0.0,4.846153736114502,0.0,0.0,85.0,2.0,,,,,,,,,,,,1.0,0.0,0.0,1.0,0.0,0.0,0.0,6.0,0.4620000123977661,22.0,591.0,26.863636016845703,41.0,0.0,0.0,0.0,0.0,0.0,0.0,0.0,,,,,,,,,,,,,,,,,,,,,,,,,,,,,,LAC,RB,2025,46.4,50.9,55.4
3921690,Josh Oliver,15.0,0.0,0.0,0.0,0.0,0.0,0.0,0.0,0.0,0.0,0.0,0.0,0.0,0.0,0.0,,39.58300018310547,,0.0,0.0,0.0,0.0,0.0,0.0,0.0,0.0,0.0,0.0,15.0,19.0,160.0,10.666999816894531,4.0,32.0,2.0,10.666666984558105,0.0,0.0,102.0,9.0,1.0,0.0,1.0,0.0,0.0,0.0,0.0,0.0,0.0,0.0,0.0,0.0,4.0,0.0,4.0,0.0,0.0,0.0,24.0,1.600000023841858,,,,,,,,,,,,,,,,,,,,,,,,,,,,,,,,,,,,,,,,,MIN,TE,2025,40.0,47.5,55.0
4808839,Isaiah Bond,16.0,0.0,0.0,0.0,0.0,0.0,0.0,0.0,0.0,0.0,0.0,0.0,0.0,0.0,0.0,,39.58300018310547,,5.0,29.0,5.800000190734863,9.0,0.0,0.0,1.8125,0.0,0.0,1.0,18.0,44.0,338.0,18.777999877929688,0.0,52.0,6.0,21.125,0.0,0.0,79.0,12.0,1.0,0.0,1.0,0.0,0.0,0.0,0.0,0.0,0.0,0.0,0.0,0.0,0.0,0.0,0.0,0.0,0.0,0.0,0.0,0.0,0.0,0.0,0.0,0.0,0.0,2.0,9.0,4.5,9.0,0.0,1.0,,,,,,,,,,,,,,,,,,,,,,,,,,,,,,CLE,WR,2025,36.699999999999996,45.699999999999996,54.699999999999996
4711533,Ollie Gordon II,17.0,0.0,0.0,0.0,0.0,0.0,0.0,0.0,0.0,0.0,0.0,0.0,0.0,0.0,0.0,,39.58300018310547,,70.0,199.0,2.8429999351501465,20.0,1.0,3.0,11.70588207244873,0.0,0.0,21.0,7.0,9.0,32.0,4.571000099182129,1.0,20.0,1.0,1.8823529481887817,0.0,0.0,57.0,1.0,2.0,0.0,2.0,0.0,0.0,0.0,0.0,0.0,0.0,0.0,0.0,3.0,1.0,0.0,4.0,0.0,0.0,0.0,24.0,1.4119999408721924,1.0,25.0,25.0,25.0,0.0,0.0,0.0,0.0,0.0,0.0,0.0,,,,,,,,,,,,,,,,,,,,,,,,,,,,,,MIA,RB,2025,47.099999999999994,50.599999999999994,54.099999999999994
4431588,Ja'Tavion Sanders,13.0,0.0,0.0,0.0,0.0,0.0,0.0,0.0,0.0,0.0,0.0,0.0,0.0,0.0,0.0,,39.58300018310547,,0.0,0.0,0.0,0.0,0.0,0.0,0.0,0.0,0.0,0.0,29.0,34.0,190.0,6.552000045776367,1.0,18.0,0.0,14.615385055541992,0.0,0.0,86.0,8.0,4.0,1.0,5.0,0.0,0.0,0.0,0.0,0.0,0.0,0.0,0.0,0.0,1.0,0.0,1.0,0.0,0.0,0.0,6.0,0.4620000123977661,,,,,,,,,,,,,,,,,,,,,,,,,,,,,,,,,,,,,,,,,CAR,TE,2025,25.0,39.5,54.0
4429013,Tank Bigsby,17.0,0.0,0.0,0.0,0.0,0.0,0.0,0.0,0.0,0.0,0.0,0.0,0.0,0.0,0.0,,39.58300018310547,,63.0,356.0,5.651000022888184,29.0,2.0,2.0,20.941177368164062,0.0,0.0,18.0,3.0,4.0,32.0,10.666999816894531,0.0,31.0,1.0,1.8823529481887817,0.0,0.0,39.0,1.0,1.0,1.0,2.0,0.0,0.0,0.0,0.0,0.0,0.0,0.0,0.0,2.0,0.0,0.0,2.0,0.0,0.0,0.0,12.0,0.7059999704360962,10.0,207.0,20.700000762939453,31.0,0.0,0.0,0.0,0.0,0.0,0.0,0.0,,,,,,,,,,,,,,,,,,,,,,,,,,,,,,PHI,RB,2025,50.800000000000004,52.300000000000004,53.800000000000004
3116406,Tyreek Hill,4.0,,,0.0,0.0,0.0,0.0,0.0,0.0,0.0,0.0,0.0,0.0,0.0,0.0,,39.58300018310547,,0.0,0.0,0.0,0.0,0.0,0.0,0.0,0.0,0.0,0.0,21.0,29.0,265.0,12.619000434875488,1.0,47.0,4.0,66.25,0.0,0.0,57.0,17.0,,,,,,,,,,,,0.0,1.0,0.0,1.0,0.0,0.0,0.0,6.0,1.5,0.0,0.0,0.0,0.0,0.0,1.0,19.0,19.0,19.0,0.0,0.0,,,,,,,,,,,,,,,,,,,,,,,,,,,,,,,,2025,32.5,43.0,53.5
4360939,Rashod Bateman,13.0,0.0,0.0,0.0,0.0,0.0,0.0,0.0,0.0,0.0,0.0,0.0,0.0,0.0,0.0,,39.58300018310547,,0.0,0.0,0.0,0.0,0.0,0.0,0.0,0.0,0.0,0.0,19.0,38.0,224.0,11.788999557495117,2.0,36.0,3.0,17.230770111083984,0.0,0.0,39.0,12.0,1.0,0.0,1.0,0.0,0.0,0.0,0.0,0.0,0.0,0.0,0.0,0.0,2.0,0.0,2.0,0.0,0.0,1.0,14.0,1.0770000219345093,,,,,,,,,,,,,,,,,,,,,,,,,,,,,,,,,,,,,,,,,BAL,WR,2025,34.4,43.9,53.4
4566192,Joshua Karty,8.0,0.0,0.0,0.0,0.0,1.0,0.0,0.0,0.0,0.0,0.0,0.0,0.0,0.0,0.0,0.0,39.58300018310547,0.0,0.0,0.0,0.0,0.0,0.0,0.0,0.0,0.0,0.0,0.0,0.0,0.0,0.0,0.0,0.0,0.0,0.0,0.0,0.0,0.0,0.0,0.0,1.0,0.0,1.0,0.0,0.0,0.0,0.0,0.0,0.0,0.0,0.0,0.0,0.0,0.0,0.0,10.0,23.0,0.0,53.0,6.625,,,,,,,,,,,,10.0,15.0,66.66699981689453,51.0,0.0,3.0,3.0,3.0,1.0,0.0,4.0,5.0,4.0,2.0,23.0,26.0,88.46199798583984,,,,,,,,,,,,,,,2025,53.0,53.0,53.0
3123052,Michael Badgley,9.0,,,0.0,,,,,,,,,,,,,,,,,,,,,,,,,,,,,,,,,,,,,,,,,,,,,,,,0.0,0.0,0.0,0.0,11.0,20.0,0.0,53.0,5.888999938964844,,,,,,,,,,,,11.0,12.0,91.66699981689453,53.0,0.0,1.0,3.0,5.0,2.0,0.0,1.0,3.0,5.0,3.0,20.0,25.0,80.0,,,,,,,,,,,,,,,2025,53.0,53.0,53.0
4571557,Spencer Shrader,5.0,,,0.0,,,,,,,,,,,,,,,,,,,,,,,,,,,,,,,,,,,,,,,,,,,,,,,,0.0,0.0,0.0,0.0,13.0,14.0,0.0,53.0,10.600000381469727,,,,,,,,,,,,13.0,14.0,92.85700225830078,52.0,0.0,5.0,5.0,2.0,1.0,0.0,5.0,5.0,2.0,2.0,14.0,14.0,100.0,,,,,,,,,,,,,IND,PK,2025,53.0,53.0,53.0
4573699,Jackson Hawes,17.0,,,0.0,0.0,0.0,0.0,0.0,0.0,0.0,0.0,0.0,0.0,0.0,0.0,,39.58300018310547,,0.0,0.0,0.0,0.0,0.0,0.0,0.0,0.0,0.0,0.0,16.0,19.0,187.0,11.687999725341797,3.0,29.0,2.0,11.0,0.0,0.0,91.0,13.0,,,,,,,,,,,,0.0,3.0,0.0,3.0,0.0,0.0,0.0,18.0,1.059000015258789,,,,,,,,,,,,,,,,,,,,,,,,,,,,,,,,,,,,,,,,,BUF,TE,2025,36.7,44.7,52.7
4242433,Joshua Palmer,12.0,0.0,0.0,0.0,0.0,0.0,0.0,0.0,0.0,0.0,0.0,0.0,0.0,0.0,0.0,,39.58300018310547,,0.0,0.0,0.0,0.0,0.0,0.0,0.0,0.0,0.0,0.0,22.0,37.0,303.0,13.77299976348877,0.0,45.0,4.0,25.25,0.0,0.0,54.0,13.0,1.0,0.0,1.0,0.0,0.0,0.0,0.0,0.0,0.0,0.0,0.0,,,,,,,,,,,,,,,,,,,,,,,,,,,,,,,,,,,,,,,,,,,,,,,,,,BUF,WR,2025,30.3,41.3,52.3
4570037,Terrance Ferguson,14.0,,,0.0,0.0,0.0,0.0,0.0,0.0,0.0,0.0,0.0,0.0,0.0,0.0,,39.58300018310547,,1.0,0.0,0.0,0.0,0.0,0.0,0.0,0.0,0.0,0.0,11.0,25.0,231.0,21.0,3.0,36.0,7.0,16.5,0.0,0.0,40.0,9.0,,,,,,,,,,,,0.0,3.0,0.0,3.0,0.0,0.0,0.0,18.0,1.2860000133514404,,,,,,,,,,,,,,,,,,,,,,,,,,,,,,,,,,,,,,,,,LAR,TE,2025,41.1,46.6,52.1
16731,Brandin Cooks,15.0,,,0.0,0.0,0.0,0.0,0.0,0.0,0.0,0.0,0.0,0.0,0.0,0.0,,39.58300018310547,,0.0,0.0,0.0,0.0,0.0,0.0,0.0,0.0,0.0,0.0,24.0,36.0,279.0,11.625,0.0,50.0,4.0,18.600000381469727,0.0,0.0,43.0,14.0,,,,,,,,,,,,0.0,0.0,0.0,0.0,0.0,0.0,0.0,0.0,0.0,,,,,,,,,,,,,,,,,,,,,,,,,,,,,,,,,,,,,,,,,,,2025,27.9,39.9,51.9
3134353,Tim Patrick,16.0,0.0,0.0,0.0,0.0,0.0,0.0,0.0,0.0,0.0,0.0,0.0,0.0,0.0,0.0,,39.58300018310547,,0.0,0.0,0.0,0.0,0.0,0.0,0.0,0.0,0.0,0.0,15.0,24.0,187.0,12.467000007629395,3.0,37.0,4.0,11.6875,0.0,0.0,54.0,10.0,1.0,0.0,1.0,0.0,0.0,0.0,0.0,0.0,0.0,0.0,0.0,0.0,3.0,0.0,3.0,0.0,0.0,0.0,18.0,1.125,,,,,,,,,,,,,,,,,,,,,,,,,,,,,,,,,,,,,,,,,NYJ,WR,2025,36.7,44.2,51.7
4242512,Malik Willis,4.0,,,-4.0,30.0,35.0,85.71399688720703,422.0,12.057000160217285,105.5,40.0,3.0,0.0,3.0,15.0,93.73,145.4759979248047,93.08,22.0,123.0,5.591000080108643,22.0,1.0,2.0,30.75,2.0,1.0,9.0,0.0,0.0,0.0,0.0,0.0,0.0,0.0,0.0,0.0,0.0,0.0,0.0,,,,,,,,,,,,2.0,0.0,0.0,2.0,0.0,0.0,0.0,12.0,3.0,,,,,,,,,,,,,,,,,,,,,,,,,,,,,,,,,,,,,,,,,MIA,QB,2025,51.18,51.18,51.18
4361409,Jahan Dotson,17.0,,,0.0,0.0,0.0,0.0,0.0,0.0,0.0,0.0,0.0,0.0,0.0,0.0,,39.58300018310547,,0.0,0.0,0.0,0.0,0.0,0.0,0.0,0.0,0.0,0.0,18.0,36.0,262.0,14.555999755859375,1.0,51.0,4.0,15.411765098571777,0.0,0.0,50.0,10.0,,,,,,,,,,,,0.0,1.0,0.0,1.0,0.0,0.0,0.0,6.0,0.3529999852180481,0.0,0.0,0.0,0.0,0.0,5.0,48.0,9.600000381469727,15.0,0.0,12.0,,,,,,,,,,,,,,,,,,,,,,,,,,,,,,ATL,WR,2025,32.2,41.2,50.2
14881,Russell Wilson,6.0,0.0,0.0,0.0,69.0,119.0,57.983001708984375,831.0,6.982999801635742,138.5,52.0,3.0,3.0,10.0,66.0,31.99,77.39800262451172,25.64,18.0,106.0,5.888999938964844,15.0,0.0,0.0,17.66666603088379,1.0,0.0,6.0,0.0,0.0,0.0,0.0,0.0,0.0,0.0,0.0,0.0,0.0,0.0,0.0,0.0,0.0,0.0,0.0,0.0,0.0,0.0,0.0,0.0,0.0,0.0,0.0,0.0,0.0,0.0,0.0,0.0,0.0,0.0,0.0,,,,,,,,,,,,,,,,,,,,,,,,,,,,,,,,,,,,,,,,,,,2025,49.84,49.84,49.84
4361577,Dyami Brown,14.0,,,0.0,0.0,0.0,0.0,0.0,0.0,0.0,0.0,0.0,0.0,0.0,0.0,,39.58300018310547,,6.0,30.0,5.0,9.0,0.0,0.0,2.142857074737549,1.0,1.0,2.0,20.0,37.0,227.0,11.350000381469727,1.0,39.0,2.0,16.214284896850586,0.0,0.0,31.0,13.0,,,,,,,,,,,,0.0,1.0,0.0,1.0,0.0,0.0,0.0,6.0,0.42899999022483826,4.0,106.0,26.5,31.0,0.0,0.0,0.0,0.0,0.0,0.0,0.0,,,,,,,,,,,,,,,,,,,,,,,,,,,,,,WSH,WR,2025,29.7,39.7,49.7
4426948,Luke McCaffrey,9.0,0.0,0.0,0.0,0.0,0.0,0.0,0.0,0.0,0.0,0.0,0.0,0.0,0.0,0.0,,39.58300018310547,,0.0,0.0,0.0,0.0,0.0,0.0,0.0,0.0,0.0,0.0,11.0,15.0,203.0,18.454999923706055,3.0,50.0,3.0,22.55555534362793,0.0,0.0,69.0,6.0,2.0,3.0,5.0,0.0,0.0,0.0,0.0,0.0,0.0,0.0,0.0,0.0,3.0,0.0,3.0,0.0,0.0,1.0,20.0,2.2219998836517334,26.0,769.0,29.576923370361328,58.0,0.0,0.0,0.0,0.0,0.0,0.0,0.0,,,,,,,,,,,,,,,,,,,,,,,,,,,,,,WSH,WR,2025,38.3,43.8,49.3
4428085,Luke Musgrave,17.0,,,0.0,0.0,0.0,0.0,0.0,0.0,0.0,0.0,0.0,0.0,0.0,0.0,,39.58300018310547,,0.0,0.0,0.0,0.0,0.0,0.0,0.0,0.0,0.0,0.0,24.0,31.0,252.0,10.5,0.0,26.0,5.0,14.823529243469238,1.0,0.0,69.0,11.0,,,,,,,,,,,,0.0,0.0,0.0,0.0,0.0,0.0,0.0,0.0,0.0,,,,,,,,,,,,,,,,,,,,,,,,,,,,,,,,,,,,,,,,,GB,TE,2025,25.2,37.2,49.2
4613202,Kyle Williams,17.0,,,0.0,0.0,0.0,0.0,0.0,0.0,0.0,0.0,0.0,0.0,0.0,0.0,,39.58300018310547,,2.0,3.0,1.5,5.0,0.0,0.0,0.1764705926179886,0.0,0.0,0.0,10.0,21.0,209.0,20.899999618530273,3.0,72.0,3.0,12.29411792755127,0.0,0.0,79.0,7.0,,,,,,,,,,,,0.0,3.0,0.0,3.0,0.0,0.0,1.0,20.0,1.1759999990463257,11.0,290.0,26.363636016845703,36.0,0.0,0.0,0.0,0.0,0.0,0.0,0.0,,,,,,,,,,,,,,,,,,,,,,,,,,,,,,NE,WR,2025,39.199999999999996,44.199999999999996,49.199999999999996
3871102,David Sills V,17.0,0.0,0.0,0.0,0.0,0.0,0.0,0.0,0.0,0.0,0.0,0.0,0.0,0.0,0.0,,39.58300018310547,,0.0,0.0,0.0,0.0,0.0,0.0,0.0,0.0,0.0,0.0,18.0,36.0,191.0,10.611000061035156,2.0,21.0,3.0,11.235294342041016,0.0,0.0,56.0,9.0,2.0,0.0,2.0,0.0,0.0,0.0,0.0,0.0,0.0,0.0,0.0,0.0,2.0,0.0,2.0,0.0,0.0,0.0,12.0,0.7059999704360962,,,,,,,,,,,,,,,,,,,,,,,,,,,,,,,,,,,,,,,,,TB,WR,2025,31.1,40.1,49.1
5208518,Charlie Smyth,6.0,,,0.0,,,,,,,,,,,,,,,,,,,,,,,,,,,,,,,,,,,,,,,,,,,,,,,,0.0,0.0,0.0,0.0,12.0,13.0,0.0,49.0,8.166999816894531,,,,,,,,,,,,12.0,16.0,75.0,57.0,0.0,1.0,4.0,3.0,4.0,0.0,1.0,4.0,5.0,6.0,13.0,13.0,100.0,,,,,,,,,,,,,NO,PK,2025,49.0,49.0,49.0
3886812,Jake Browning,5.0,,,0.0,81.0,125.0,64.80000305175781,771.0,6.168000221252441,154.1999969482422,64.0,6.0,8.0,9.0,60.0,31.4,71.11699676513672,35.23,9.0,39.0,4.333000183105469,13.0,0.0,1.0,7.800000190734863,0.0,0.0,5.0,0.0,0.0,0.0,0.0,0.0,0.0,0.0,0.0,0.0,0.0,0.0,0.0,,,,,,,,,,,,1.0,0.0,0.0,1.0,0.0,0.0,0.0,6.0,1.2000000476837158,,,,,,,,,,,,,,,,,,,,,,,,,,,,,,,,,,,,,,,,,TB,QB,2025,48.74,48.74,48.74
4569371,Isaiah Williams,15.0,,,0.0,0.0,1.0,0.0,0.0,0.0,0.0,0.0,0.0,0.0,0.0,0.0,1.09,39.58300018310547,1.56,3.0,34.0,11.333000183105469,25.0,1.0,0.0,2.2666666507720947,0.0,0.0,1.0,26.0,36.0,193.0,7.422999858856201,0.0,25.0,1.0,12.866666793823242,0.0,0.0,119.0,10.0,,,,,,,,,,,,,,,,,,,,,28.0,837.0,29.89285659790039,83.0,0.0,28.0,396.0,14.142857551574707,78.0,2.0,12.0,,,,,,,,,,,,,,,,,,,,,,,,,,,,,,NYJ,WR,2025,22.7,35.7,48.7
4362249,Jayden Reed,7.0,,,0.0,0.0,0.0,0.0,0.0,0.0,0.0,0.0,0.0,0.0,0.0,0.0,,39.58300018310547,,3.0,28.0,9.333000183105469,15.0,0.0,0.0,4.0,0.0,0.0,1.0,19.0,22.0,207.0,10.895000457763672,1.0,31.0,4.0,29.571428298950195,0.0,0.0,85.0,8.0,,,,,,,,,,,,0.0,1.0,0.0,1.0,0.0,0.0,0.0,6.0,0.8569999933242798,0.0,0.0,0.0,0.0,0.0,2.0,21.0,10.5,20.0,0.0,0.0,,,,,,,,,,,,,,,,,,,,,,,,,,,,,,GB,WR,2025,29.5,39.0,48.5
4386544,Xavier Smith,16.0,0.0,0.0,0.0,0.0,0.0,0.0,0.0,0.0,0.0,0.0,0.0,0.0,0.0,0.0,,39.58300018310547,,0.0,0.0,0.0,0.0,0.0,0.0,0.0,0.0,0.0,0.0,18.0,24.0,303.0,16.83300018310547,0.0,51.0,5.0,18.9375,0.0,0.0,107.0,11.0,3.0,3.0,6.0,0.0,0.0,0.0,0.0,0.0,0.0,0.0,0.0,,,,,,,,,,13.0,301.0,23.153846740722656,32.0,0.0,27.0,251.0,9.296296119689941,31.0,0.0,20.0,,,,,,,,,,,,,,,,,,,,,,,,,,,,,,LAR,WR,2025,30.3,39.3,48.3
4683243,Mitchell Evans,17.0,,,0.0,0.0,0.0,0.0,0.0,0.0,0.0,0.0,0.0,0.0,0.0,0.0,99.92,39.58300018310547,99.94,1.0,1.0,1.0,1.0,0.0,0.0,0.05882352963089943,0.0,0.0,1.0,19.0,25.0,171.0,9.0,2.0,25.0,2.0,10.058823585510254,0.0,0.0,108.0,9.0,,,,,,,,,,,,0.0,2.0,0.0,2.0,0.0,0.0,0.0,12.0,0.7059999704360962,,,,,,,,,,,,,,,,,,,,,,,,,,,,,,,,,,,,,,,,,CAR,TE,2025,29.200000000000003,38.7,48.2
4682745,Jaylen Wright,10.0,,,0.0,0.0,0.0,0.0,0.0,0.0,0.0,0.0,0.0,0.0,0.0,0.0,,39.58300018310547,,70.0,288.0,4.113999843597412,32.0,1.0,2.0,28.799999237060547,2.0,1.0,17.0,5.0,9.0,44.0,8.800000190734863,0.0,18.0,0.0,4.400000095367432,0.0,0.0,60.0,2.0,,,,,,,,,,,,2.0,0.0,0.0,2.0,0.0,0.0,0.0,12.0,1.2000000476837158,,,,,,,,,,,,,,,,,,,,,,,,,,,,,,,,,,,,,,,,,MIA,RB,2025,43.199999999999996,45.699999999999996,48.199999999999996
4569682,Audric Estime,7.0,0.0,0.0,0.0,0.0,0.0,0.0,0.0,0.0,0.0,0.0,0.0,0.0,0.0,0.0,,39.58300018310547,,46.0,198.0,4.303999900817871,32.0,1.0,1.0,28.285715103149414,0.0,0.0,12.0,12.0,13.0,103.0,8.583000183105469,0.0,19.0,0.0,14.714285850524902,0.0,0.0,108.0,3.0,1.0,0.0,1.0,0.0,0.0,0.0,0.0,0.0,0.0,0.0,0.0,1.0,0.0,0.0,1.0,0.0,0.0,0.0,6.0,0.8569999933242798,,,,,,,,,,,,,,,,,,,,,,,,,,,,,,,,,,,,,,,,,NO,RB,2025,36.1,42.1,48.1
3050481,Tanner Hudson,15.0,,,0.0,0.0,0.0,0.0,0.0,0.0,0.0,0.0,0.0,0.0,0.0,0.0,,39.58300018310547,,0.0,0.0,0.0,0.0,0.0,0.0,0.0,0.0,0.0,0.0,19.0,24.0,168.0,8.842000007629395,2.0,33.0,1.0,11.199999809265137,0.0,0.0,83.0,8.0,,,,,,,,,,,,0.0,2.0,0.0,2.0,0.0,0.0,0.0,12.0,0.800000011920929,,,,,,,,,,,,,,,,,,,,,,,,,,,,,,,,,,,,,,,,,CIN,TE,2025,28.8,38.3,47.8
3925357,Calvin Ridley,7.0,,,0.0,0.0,0.0,0.0,0.0,0.0,0.0,0.0,0.0,0.0,0.0,0.0,,39.58300018310547,,0.0,0.0,0.0,0.0,0.0,0.0,0.0,0.0,0.0,0.0,17.0,36.0,303.0,17.823999404907227,0.0,47.0,7.0,43.28571319580078,0.0,0.0,84.0,13.0,,,,,,,,,,,,,,,,,,,,,,,,,,,,,,,,,,,,,,,,,,,,,,,,,,,,,,,,,,,,,TEN,WR,2025,30.3,38.8,47.3
4361372,Jeremy Ruckert,17.0,0.0,0.0,0.0,0.0,0.0,0.0,0.0,0.0,0.0,0.0,0.0,0.0,0.0,0.0,,39.58300018310547,,0.0,0.0,0.0,0.0,0.0,0.0,0.0,0.0,0.0,0.0,23.0,29.0,179.0,7.7829999923706055,1.0,24.0,1.0,10.529411315917969,0.0,0.0,99.0,8.0,0.0,2.0,2.0,0.0,0.0,0.0,0.0,0.0,0.0,0.0,0.0,0.0,1.0,0.0,1.0,0.0,0.0,0.0,6.0,0.3529999852180481,,,,,,,,,,,,,,,,,,,,,,,,,,,,,,,,,,,,,,,,,NYJ,TE,2025,23.9,35.4,46.9
4241476,Tyrell Shavers,17.0,0.0,0.0,0.0,0.0,0.0,0.0,0.0,0.0,0.0,0.0,0.0,0.0,0.0,0.0,,39.58300018310547,,0.0,0.0,0.0,0.0,0.0,0.0,0.0,0.0,0.0,0.0,15.0,23.0,245.0,16.33300018310547,1.0,43.0,6.0,14.411765098571777,0.0,0.0,64.0,10.0,1.0,1.0,2.0,0.0,0.0,0.0,0.0,0.0,0.0,0.0,0.0,0.0,1.0,0.0,1.0,0.0,0.0,0.0,6.0,0.3529999852180481,,,,,,,,,,,,,,,,,,,,,,,,,,,,,,,,,,,,,,,,,BUF,WR,2025,30.5,38.0,45.5
3911853,Adam Trautman,17.0,0.0,0.0,0.0,0.0,0.0,0.0,0.0,0.0,0.0,0.0,0.0,0.0,0.0,0.0,,39.58300018310547,,0.0,0.0,0.0,0.0,0.0,0.0,0.0,0.0,0.0,0.0,20.0,23.0,195.0,9.75,1.0,26.0,3.0,11.470588684082031,0.0,0.0,104.0,11.0,0.0,1.0,1.0,0.0,0.0,0.0,0.0,0.0,0.0,0.0,0.0,0.0,1.0,0.0,1.0,0.0,0.0,0.0,6.0,0.3529999852180481,,,,,,,,,,,,,,,,,,,,,,,,,,,,,,,,,,,,,,,,,DEN,TE,2025,25.5,35.5,45.5
2969939,Jameis Winston,3.0,,,0.0,37.0,66.0,56.06100082397461,567.0,8.590999603271484,189.0,42.0,2.0,2.0,3.0,11.0,68.77,82.07099914550781,68.53,7.0,23.0,3.2860000133514404,11.0,0.0,1.0,7.666666507720947,0.0,0.0,3.0,1.0,1.0,33.0,33.0,1.0,33.0,1.0,11.0,0.0,0.0,20.0,1.0,,,,,,,,,,,,1.0,1.0,0.0,2.0,0.0,0.0,0.0,12.0,4.0,,,,,,,,,,,,,,,,,,,,,,,,,,,,,,,,,,,,,,,,,NYG,QB,2025,44.28,44.78,45.28
4051167,Parker Romo,7.0,,,0.0,,,,,,,,,,,,,,,,,,,,,,,,,,,,,,,,,,,,,,,,,,,,,,,,0.0,0.0,0.0,0.0,11.0,12.0,0.0,45.0,6.428999900817871,,,,,,,,,,,,11.0,14.0,78.57099914550781,54.0,0.0,2.0,7.0,1.0,1.0,0.0,2.0,8.0,2.0,2.0,12.0,13.0,92.30799865722656,,,,,,,,,,,,,,,2025,45.0,45.0,45.0
4249417,Jalen Tolbert,13.0,,,0.0,0.0,0.0,0.0,0.0,0.0,0.0,0.0,0.0,0.0,0.0,0.0,,39.58300018310547,,0.0,0.0,0.0,0.0,0.0,0.0,0.0,0.0,0.0,0.0,18.0,34.0,203.0,11.277999877929688,1.0,35.0,2.0,15.615385055541992,0.0,0.0,46.0,12.0,,,,,,,,,,,,0.0,1.0,0.0,1.0,0.0,0.0,1.0,8.0,0.6150000095367432,5.0,105.0,21.0,30.0,0.0,0.0,0.0,0.0,0.0,0.0,1.0,,,,,,,,,,,,,,,,,,,,,,,,,,,,,,MIA,WR,2025,26.3,35.3,44.3
4372019,Jerome Ford,13.0,0.0,0.0,0.0,0.0,0.0,0.0,0.0,0.0,0.0,0.0,0.0,0.0,0.0,0.0,,39.58300018310547,,24.0,73.0,3.0420000553131104,12.0,0.0,0.0,5.615384578704834,0.0,0.0,5.0,26.0,32.0,103.0,3.9619998931884766,0.0,17.0,0.0,7.92307710647583,0.0,0.0,154.0,4.0,1.0,0.0,1.0,0.0,0.0,0.0,0.0,0.0,0.0,0.0,0.0,,,,,,,,,,13.0,294.0,22.615385055541992,32.0,0.0,0.0,0.0,0.0,0.0,0.0,0.0,,,,,,,,,,,,,,,,,,,,,,,,,,,,,,WSH,RB,2025,17.6,30.6,43.6
4603186,Jack Bech,16.0,0.0,0.0,0.0,0.0,0.0,0.0,0.0,0.0,0.0,0.0,0.0,0.0,0.0,0.0,,39.58300018310547,,0.0,0.0,0.0,0.0,0.0,0.0,0.0,0.0,0.0,0.0,20.0,29.0,224.0,11.199999809265137,0.0,37.0,2.0,14.0,0.0,0.0,68.0,11.0,2.0,1.0,3.0,0.0,0.0,0.0,0.0,0.0,0.0,0.0,0.0,0.0,0.0,0.0,0.0,0.0,0.0,0.0,0.0,0.0,,,,,,,,,,,,,,,,,,,,,,,,,,,,,,,,,,,,,,,,,LV,WR,2025,22.4,32.4,42.4
4240603,Malik Davis,10.0,0.0,0.0,0.0,0.0,0.0,0.0,0.0,0.0,0.0,0.0,0.0,0.0,0.0,0.0,,39.58300018310547,,52.0,250.0,4.808000087738037,43.0,3.0,2.0,25.0,0.0,0.0,11.0,2.0,5.0,16.0,8.0,0.0,10.0,0.0,1.600000023841858,0.0,0.0,6.0,0.0,2.0,5.0,7.0,0.0,0.0,0.0,0.0,0.0,0.0,0.0,0.0,2.0,0.0,0.0,2.0,0.0,0.0,0.0,12.0,1.2000000476837158,,,,,,,,,,,,,,,,,,,,,,,,,,,,,,,,,,,,,,,,,DAL,RB,2025,38.6,39.6,40.6
4035671,Tyler Huntley,5.0,,,0.0,52.0,67.0,77.61199951171875,426.0,6.357999801635742,85.19999694824219,36.0,2.0,0.0,8.0,38.0,82.78,103.10900115966797,80.81,24.0,151.0,6.291999816894531,29.0,2.0,0.0,30.200000762939453,0.0,0.0,11.0,0.0,0.0,0.0,0.0,0.0,0.0,0.0,0.0,0.0,0.0,0.0,0.0,,,,,,,,,,,,0.0,0.0,0.0,0.0,0.0,0.0,0.0,0.0,0.0,,,,,,,,,,,,,,,,,,,,,,,,,,,,,,,,,,,,,,,,,BAL,QB,2025,40.14,40.14,40.14
4257364,Zavier Scott,16.0,0.0,0.0,0.0,0.0,0.0,0.0,0.0,0.0,0.0,0.0,0.0,0.0,0.0,0.0,,39.58300018310547,,32.0,114.0,3.562999963760376,11.0,0.0,0.0,7.125,2.0,1.0,6.0,14.0,16.0,98.0,7.0,1.0,20.0,1.0,6.125,0.0,0.0,105.0,7.0,3.0,4.0,7.0,0.0,0.0,0.0,0.0,0.0,0.0,0.0,0.0,0.0,1.0,0.0,1.0,0.0,0.0,0.0,6.0,0.375,,,,,,,,,,,,,,,,,,,,,,,,,,,,,,,,,,,,,,,,,MIN,RB,2025,25.200000000000003,32.2,39.2
4602667,Jaylin Lane,15.0,0.0,0.0,0.0,0.0,0.0,0.0,0.0,0.0,0.0,0.0,0.0,0.0,0.0,0.0,,39.58300018310547,,1.0,7.0,7.0,7.0,0.0,0.0,0.46666666865348816,0.0,0.0,0.0,16.0,32.0,225.0,14.062999725341797,0.0,41.0,3.0,15.0,0.0,0.0,39.0,10.0,1.0,0.0,1.0,0.0,0.0,0.0,0.0,0.0,0.0,0.0,0.0,,,,,,,,,,3.0,56.0,18.66666603088379,30.0,0.0,23.0,314.0,13.65217399597168,90.0,2.0,9.0,,,,,,,,,,,,,,,,,,,,,,,,,,,,,,WSH,WR,2025,23.2,31.2,39.2
4240472,Noah Gray,16.0,,,0.0,0.0,0.0,0.0,0.0,0.0,0.0,0.0,0.0,0.0,0.0,0.0,,39.58300018310547,,0.0,0.0,0.0,0.0,0.0,0.0,0.0,0.0,0.0,0.0,21.0,37.0,178.0,8.47599983215332,0.0,28.0,1.0,11.125,0.0,0.0,107.0,9.0,,,,,,,,,,,,0.0,0.0,0.0,0.0,0.0,0.0,0.0,0.0,0.0,,,,,,,,,,,,,,,,,,,,,,,,,,,,,,,,,,,,,,,,,KC,TE,2025,17.8,28.3,38.8
4431492,Roman Wilson,13.0,0.0,0.0,0.0,0.0,0.0,0.0,0.0,0.0,0.0,0.0,0.0,0.0,0.0,0.0,,39.58300018310547,,0.0,0.0,0.0,0.0,0.0,0.0,0.0,0.0,0.0,0.0,12.0,20.0,166.0,13.833000183105469,2.0,45.0,3.0,12.769230842590332,1.0,1.0,66.0,7.0,1.0,0.0,1.0,0.0,0.0,0.0,0.0,0.0,0.0,0.0,0.0,0.0,2.0,0.0,2.0,0.0,0.0,0.0,12.0,0.9229999780654907,,,,,,,,,,,,,,,,,,,,,,,,,,,,,,,,,,,,,,,,,PIT,WR,2025,26.6,32.6,38.6
2576581,Chris Moore,14.0,0.0,0.0,0.0,0.0,0.0,0.0,0.0,0.0,0.0,0.0,0.0,0.0,0.0,0.0,,39.58300018310547,,1.0,9.0,9.0,9.0,0.0,0.0,0.6428571343421936,0.0,0.0,0.0,11.0,23.0,207.0,18.81800079345703,1.0,44.0,3.0,14.785714149475098,0.0,0.0,53.0,10.0,4.0,0.0,4.0,0.0,0.0,0.0,0.0,0.0,0.0,0.0,0.0,0.0,1.0,0.0,1.0,0.0,0.0,0.0,6.0,0.42899999022483826,6.0,157.0,26.16666603088379,33.0,0.0,0.0,0.0,0.0,0.0,0.0,0.0,,,,,,,,,,,,,,,,,,,,,,,,,,,,,,,,2025,27.599999999999998,33.099999999999994,38.599999999999994
2310331,Tyler Johnson,12.0,,,0.0,0.0,0.0,0.0,0.0,0.0,0.0,0.0,0.0,0.0,0.0,0.0,,39.58300018310547,,0.0,0.0,0.0,0.0,0.0,0.0,0.0,0.0,0.0,0.0,12.0,18.0,197.0,16.41699981689453,1.0,35.0,5.0,16.41666603088379,0.0,0.0,64.0,8.0,,,,,,,,,,,,0.0,1.0,0.0,1.0,0.0,0.0,0.0,6.0,0.5,,,,,,,,,,,,,,,,,,,,,,,,,,,,,,,,,,,,,,,,,DAL,WR,2025,25.7,31.7,37.7
16460,Adam Thielen,16.0,,,0.0,0.0,0.0,0.0,0.0,0.0,0.0,0.0,0.0,0.0,0.0,0.0,,39.58300018310547,,0.0,0.0,0.0,0.0,0.0,0.0,0.0,0.0,0.0,0.0,19.0,35.0,186.0,9.788999557495117,0.0,28.0,1.0,11.625,0.0,0.0,44.0,10.0,,,,,,,,,,,,0.0,0.0,0.0,0.0,0.0,0.0,1.0,2.0,0.125,,,,,,,,,,,,,,,,,,,,,,,,,,,,,,,,,,,,,,,,,,,2025,18.6,28.1,37.6
4696882,Devontez Walker,12.0,1.0,0.0,0.0,0.0,0.0,0.0,0.0,0.0,0.0,0.0,0.0,0.0,0.0,0.0,,39.58300018310547,,0.0,0.0,0.0,0.0,0.0,0.0,0.0,0.0,0.0,0.0,6.0,8.0,136.0,22.66699981689453,3.0,38.0,4.0,11.333333015441895,0.0,0.0,23.0,5.0,1.0,2.0,3.0,1.0,0.0,0.0,0.0,0.0,0.0,0.0,0.0,0.0,3.0,0.0,3.0,0.0,0.0,0.0,18.0,1.5,,,,,,,,,,,,,,,,,,,,,,,,,,,,,,,,,,,,,,,,,BAL,WR,2025,31.6,34.6,37.6
4383396,Hunter Luepke,17.0,0.0,0.0,0.0,0.0,0.0,0.0,0.0,0.0,0.0,0.0,0.0,0.0,0.0,0.0,,39.58300018310547,,16.0,71.0,4.438000202178955,9.0,0.0,0.0,4.176470756530762,0.0,0.0,6.0,13.0,15.0,109.0,8.385000228881836,1.0,15.0,0.0,6.411764621734619,0.0,0.0,119.0,6.0,5.0,10.0,15.0,0.0,0.0,0.0,0.0,0.0,0.0,0.0,0.0,0.0,1.0,0.0,1.0,0.0,0.0,0.0,6.0,0.3529999852180481,,,,,,,,,,,,,,,,,,,,,,,,,,,,,,,,,,,,,,,,,DAL,FB,2025,24.0,30.5,37.0
4678006,Elijah Arroyo,13.0,,,0.0,0.0,0.0,0.0,0.0,0.0,0.0,0.0,0.0,0.0,0.0,0.0,,39.58300018310547,,0.0,0.0,0.0,0.0,0.0,0.0,0.0,0.0,0.0,0.0,15.0,26.0,179.0,11.932999610900879,1.0,32.0,4.0,13.769230842590332,1.0,1.0,78.0,7.0,,,,,,,,,,,,0.0,1.0,0.0,1.0,0.0,0.0,0.0,6.0,0.4620000123977661,,,,,,,,,,,,,,,,,,,,,,,,,,,,,,,,,,,,,,,,,SEA,TE,2025,21.9,29.4,36.9
4242392,Brock Wright,11.0,,,0.0,0.0,0.0,0.0,0.0,0.0,0.0,0.0,0.0,0.0,0.0,0.0,,39.58300018310547,,0.0,0.0,0.0,0.0,0.0,0.0,0.0,0.0,0.0,0.0,14.0,22.0,108.0,7.714000225067139,2.0,20.0,1.0,9.818181991577148,0.0,0.0,86.0,7.0,,,,,,,,,,,,0.0,2.0,0.0,2.0,0.0,0.0,0.0,12.0,1.090999960899353,,,,,,,,,,,,,,,,,,,,,,,,,,,,,,,,,,,,,,,,,DET,TE,2025,22.8,29.8,36.8
4569382,Jordan Whittington,17.0,0.0,0.0,0.0,0.0,0.0,0.0,0.0,0.0,0.0,0.0,0.0,0.0,0.0,0.0,,39.58300018310547,,3.0,12.0,4.0,6.0,0.0,0.0,0.7058823704719543,0.0,0.0,0.0,18.0,25.0,171.0,9.5,0.0,40.0,2.0,10.058823585510254,0.0,0.0,88.0,7.0,2.0,1.0,3.0,0.0,0.0,0.0,0.0,0.0,0.0,0.0,0.0,0.0,0.0,0.0,0.0,0.0,0.0,0.0,0.0,0.0,17.0,434.0,25.52941131591797,38.0,0.0,0.0,0.0,0.0,0.0,0.0,0.0,,,,,,,,,,,,,,,,,,,,,,,,,,,,,,LAR,WR,2025,18.3,27.3,36.3
4241263,Charlie Kolar,17.0,0.0,0.0,0.0,0.0,0.0,0.0,0.0,0.0,0.0,0.0,0.0,0.0,0.0,0.0,,39.58300018310547,,0.0,0.0,0.0,0.0,0.0,0.0,0.0,0.0,0.0,0.0,10.0,15.0,142.0,14.199999809265137,2.0,23.0,2.0,8.352941513061523,0.0,0.0,52.0,9.0,1.0,7.0,8.0,0.0,0.0,0.0,0.0,0.0,0.0,0.0,0.0,0.0,2.0,0.0,2.0,0.0,0.0,0.0,12.0,0.7059999704360962,,,,,,,,,,,,,,,,,,,,,,,,,,,,,,,,,,,,,,,,,LAC,TE,2025,26.2,31.2,36.2
12460,Graham Gano,5.0,,,0.0,,,,,,,,,,,,,,,,,,,,,,,,,,,,,,,,,,,,,,,,,,,,,,,,0.0,0.0,0.0,0.0,9.0,9.0,0.0,36.0,7.199999809265137,,,,,,,,,,,,9.0,10.0,90.0,55.0,0.0,3.0,4.0,1.0,1.0,0.0,3.0,4.0,2.0,1.0,9.0,9.0,100.0,,,,,,,,,,,,,,,2025,36.0,36.0,36.0
3135321,Hunter Renfrow,6.0,,,0.0,0.0,0.0,0.0,0.0,0.0,0.0,0.0,0.0,0.0,0.0,0.0,,39.58300018310547,,0.0,0.0,0.0,0.0,0.0,0.0,0.0,0.0,0.0,0.0,15.0,26.0,89.0,5.933000087738037,2.0,15.0,0.0,14.833333015441895,0.0,0.0,24.0,8.0,,,,,,,,,,,,0.0,2.0,0.0,2.0,0.0,0.0,0.0,12.0,2.0,0.0,0.0,0.0,0.0,0.0,2.0,13.0,6.5,13.0,0.0,2.0,,,,,,,,,,,,,,,,,,,,,,,,,,,,,,,,2025,20.9,28.4,35.9
4424106,Gunner Olszewski,16.0,,,0.0,1.0,2.0,50.0,33.0,16.5,2.0625,33.0,1.0,0.0,0.0,0.0,91.16,135.41700744628906,88.68,0.0,0.0,0.0,0.0,0.0,0.0,0.0,0.0,0.0,0.0,10.0,13.0,145.0,14.5,1.0,28.0,3.0,9.0625,0.0,0.0,74.0,7.0,,,,,,,,,,,,0.0,1.0,0.0,1.0,0.0,0.0,0.0,6.0,0.375,26.0,682.0,26.230770111083984,37.0,0.0,24.0,216.0,9.0,21.0,0.0,12.0,,,,,,,,,,,,,,,,,,,,,,,,,,,,,,NYG,WR,2025,25.82,30.82,35.82
4429275,Trey Benson,4.0,0.0,1.0,0.0,0.0,0.0,0.0,0.0,0.0,0.0,0.0,0.0,0.0,0.0,0.0,,39.58300018310547,,29.0,160.0,5.517000198364258,52.0,2.0,0.0,40.0,0.0,0.0,4.0,13.0,16.0,64.0,4.922999858856201,0.0,12.0,0.0,16.0,0.0,0.0,73.0,2.0,0.0,0.0,0.0,0.0,0.0,0.0,0.0,0.0,0.0,0.0,0.0,,,,,,,,,,,,,,,,,,,,,,,,,,,,,,,,,,,,,,,,,,,,,,,,,,ARI,RB,2025,22.4,28.9,35.4
4362748,Tyler Badie,16.0,0.0,0.0,0.0,0.0,0.0,0.0,0.0,0.0,0.0,0.0,0.0,0.0,0.0,0.0,,39.58300018310547,,8.0,23.0,2.875,7.0,0.0,0.0,1.4375,0.0,0.0,1.0,19.0,31.0,141.0,7.421000003814697,0.0,19.0,0.0,8.8125,0.0,0.0,200.0,9.0,3.0,3.0,6.0,0.0,0.0,0.0,0.0,0.0,0.0,0.0,0.0,,,,,,,,,,17.0,452.0,26.58823585510254,34.0,0.0,0.0,0.0,0.0,0.0,0.0,0.0,,,,,,,,,,,,,,,,,,,,,,,,,,,,,,DEN,RB,2025,16.4,25.9,35.4
4039057,Lil'Jordan Humphrey,10.0,,,0.0,0.0,0.0,0.0,0.0,0.0,0.0,0.0,0.0,0.0,0.0,0.0,,39.58300018310547,,0.0,0.0,0.0,0.0,0.0,0.0,0.0,0.0,0.0,0.0,13.0,25.0,156.0,12.0,1.0,34.0,2.0,15.600000381469727,0.0,0.0,29.0,9.0,,,,,,,,,,,,0.0,1.0,0.0,1.0,0.0,0.0,0.0,6.0,0.6000000238418579,,,,,,,,,,,,,,,,,,,,,,,,,,,,,,,,,,,,,,,,,DEN,WR,2025,21.6,28.1,34.6
3045147,James Conner,3.0,,,0.0,0.0,0.0,0.0,0.0,0.0,0.0,0.0,0.0,0.0,0.0,0.0,,39.58300018310547,,32.0,95.0,2.9690001010894775,12.0,0.0,1.0,31.66666603088379,1.0,0.0,7.0,8.0,9.0,38.0,4.75,1.0,18.0,0.0,12.666666984558105,0.0,0.0,68.0,4.0,,,,,,,,,,,,1.0,1.0,0.0,2.0,0.0,0.0,0.0,12.0,4.0,,,,,,,,,,,,,,,,,,,,,,,,,,,,,,,,,,,,,,,,,ARI,RB,2025,25.3,29.3,33.3
4599739,Kendre Miller,7.0,,,0.0,0.0,0.0,0.0,0.0,0.0,0.0,0.0,0.0,0.0,0.0,0.0,,39.58300018310547,,47.0,193.0,4.105999946594238,18.0,0.0,1.0,27.571428298950195,0.0,0.0,9.0,5.0,5.0,30.0,6.0,0.0,11.0,0.0,4.285714149475098,0.0,0.0,35.0,1.0,,,,,,,,,,,,1.0,0.0,0.0,1.0,0.0,0.0,0.0,6.0,0.8569999933242798,16.0,393.0,24.5625,43.0,0.0,0.0,0.0,0.0,0.0,0.0,0.0,,,,,,,,,,,,,,,,,,,,,,,,,,,,,,NO,RB,2025,28.3,30.8,33.3
4889929,Quinn Ewers,4.0,0.0,0.0,-3.0,55.0,83.0,66.26499938964844,622.0,7.49399995803833,155.5,63.0,3.0,3.0,8.0,59.0,34.08,85.51699829101562,32.75,8.0,19.0,2.375,9.0,0.0,0.0,4.75,2.0,0.0,1.0,1.0,1.0,-6.0,-6.0,0.0,-6.0,0.0,-1.5,0.0,0.0,0.0,0.0,0.0,0.0,0.0,0.0,0.0,0.0,0.0,0.0,0.0,0.0,0.0,0.0,0.0,0.0,0.0,0.0,0.0,0.0,0.0,0.0,,,,,,,,,,,,,,,,,,,,,,,,,,,,,,,,,,,,,,,,,MIA,QB,2025,32.17999999999999,32.67999999999999,33.17999999999999
4372758,Kevin Austin Jr.,8.0,,,0.0,0.0,0.0,0.0,0.0,0.0,0.0,0.0,0.0,0.0,0.0,0.0,,39.58300018310547,,0.0,0.0,0.0,0.0,0.0,0.0,0.0,0.0,0.0,0.0,13.0,23.0,140.0,10.769000053405762,1.0,36.0,1.0,17.5,0.0,0.0,56.0,7.0,,,,,,,,,,,,0.0,1.0,0.0,1.0,0.0,0.0,0.0,6.0,0.75,,,,,,,,,,,,,,,,,,,,,,,,,,,,,,,,,,,,,,,,,NO,WR,2025,20.0,26.5,33.0
4683423,Riley Leonard,5.0,,,0.0,39.0,67.0,58.20899963378906,415.0,6.193999767303467,83.0,66.0,2.0,3.0,2.0,17.0,62.74,67.69300079345703,72.7,6.0,27.0,4.5,11.0,0.0,2.0,5.400000095367432,0.0,0.0,4.0,0.0,0.0,-3.0,0.0,0.0,-3.0,0.0,-0.6000000238418579,0.0,0.0,-3.0,0.0,,,,,,,,,,,,2.0,0.0,0.0,2.0,0.0,0.0,0.0,12.0,2.4000000953674316,,,,,,,,,,,,,,,,,,,,,,,,,,,,,,,,,,,,,,,,,IND,QB,2025,33.0,33.0,33.0
3149687,Chris Brooks,17.0,0.0,0.0,0.0,0.0,0.0,0.0,0.0,0.0,0.0,0.0,0.0,0.0,0.0,0.0,,39.58300018310547,,27.0,106.0,3.9260001182556152,12.0,0.0,0.0,6.235294342041016,0.0,0.0,5.0,13.0,17.0,91.0,7.0,0.0,16.0,0.0,5.352941036224365,0.0,0.0,106.0,3.0,4.0,10.0,14.0,0.0,0.0,0.0,0.0,0.0,0.0,0.0,0.0,0.0,0.0,0.0,0.0,0.0,0.0,0.0,0.0,0.0,,,,,,,,,,,,,,,,,,,,,,,,,,,,,,,,,,,,,,,,,GB,RB,2025,19.7,26.2,32.7
4239944,Hunter Long,9.0,,,0.0,0.0,0.0,0.0,0.0,0.0,0.0,0.0,0.0,0.0,0.0,0.0,,39.58300018310547,,0.0,0.0,0.0,0.0,0.0,0.0,0.0,0.0,0.0,0.0,12.0,17.0,85.0,7.083000183105469,2.0,11.0,0.0,9.44444465637207,1.0,0.0,31.0,5.0,,,,,,,,,,,,0.0,2.0,0.0,2.0,0.0,0.0,0.0,12.0,1.3329999446868896,,,,,,,,,,,,,,,,,,,,,,,,,,,,,,,,,,,,,,,,,JAX,TE,2025,20.5,26.5,32.5
3051738,Marquez Valdes-Scantling,10.0,0.0,0.0,0.0,0.0,0.0,0.0,0.0,0.0,0.0,0.0,0.0,0.0,0.0,0.0,,39.58300018310547,,0.0,0.0,0.0,0.0,0.0,0.0,0.0,0.0,0.0,0.0,14.0,29.0,120.0,8.571000099182129,1.0,19.0,0.0,12.0,1.0,0.0,28.0,6.0,0.0,0.0,0.0,0.0,0.0,0.0,0.0,0.0,0.0,0.0,0.0,0.0,1.0,0.0,1.0,0.0,0.0,0.0,6.0,0.6000000238418579,,,,,,,,,,,,,,,,,,,,,,,,,,,,,,,,,,,,,,,,,DAL,WR,2025,18.0,25.0,32.0
3127310,Drew Sample,17.0,0.0,0.0,0.0,0.0,0.0,0.0,0.0,0.0,0.0,0.0,0.0,0.0,0.0,0.0,,39.58300018310547,,1.0,3.0,3.0,3.0,0.0,0.0,0.1764705926179886,0.0,0.0,0.0,15.0,20.0,106.0,7.066999912261963,1.0,27.0,1.0,6.235294342041016,0.0,0.0,109.0,5.0,0.0,1.0,1.0,0.0,0.0,0.0,0.0,0.0,0.0,0.0,0.0,0.0,1.0,0.0,1.0,0.0,0.0,0.0,6.0,0.3529999852180481,,,,,,,,,,,,,,,,,,,,,,,,,,,,,,,,,,,,,,,,,CIN,TE,2025,16.900000000000002,24.400000000000002,31.900000000000002
5529,Philip Rivers,3.0,,,-5.0,58.0,92.0,63.042999267578125,544.0,5.913000106811523,181.3333282470703,33.0,4.0,3.0,5.0,37.0,38.61,80.16300201416016,39.72,2.0,-1.0,-0.5,0.0,0.0,0.0,-0.3333333432674408,1.0,0.0,0.0,0.0,0.0,0.0,0.0,0.0,0.0,0.0,0.0,0.0,0.0,0.0,0.0,,,,,,,,,,,,0.0,0.0,0.0,0.0,0.0,0.0,0.0,0.0,0.0,,,,,,,,,,,,,,,,,,,,,,,,,,,,,,,,,,,,,,,,,,,2025,31.660000000000004,31.660000000000004,31.660000000000004
4690070,Mitchell Tinsley,17.0,,,0.0,0.0,0.0,0.0,0.0,0.0,0.0,0.0,0.0,0.0,0.0,0.0,,39.58300018310547,,0.0,0.0,0.0,0.0,0.0,0.0,0.0,0.0,0.0,0.0,8.0,24.0,116.0,14.5,2.0,27.0,1.0,6.823529243469238,0.0,0.0,16.0,6.0,,,,,,,,,,,,0.0,2.0,0.0,2.0,0.0,0.0,0.0,12.0,0.7059999704360962,0.0,0.0,0.0,0.0,0.0,1.0,10.0,10.0,10.0,0.0,2.0,,,,,,,,,,,,,,,,,,,,,,,,,,,,,,CIN,WR,2025,23.6,27.6,31.6
4613104,Malachi Corley,13.0,0.0,0.0,0.0,0.0,0.0,0.0,0.0,0.0,0.0,0.0,0.0,0.0,0.0,0.0,,39.58300018310547,,13.0,127.0,9.769000053405762,31.0,1.0,0.0,9.769230842590332,0.0,0.0,6.0,11.0,14.0,79.0,7.182000160217285,0.0,19.0,0.0,6.07692289352417,0.0,0.0,68.0,4.0,1.0,1.0,2.0,0.0,0.0,0.0,0.0,0.0,0.0,0.0,0.0,0.0,0.0,0.0,0.0,0.0,0.0,0.0,0.0,0.0,21.0,492.0,23.428571701049805,33.0,0.0,0.0,0.0,0.0,0.0,0.0,0.0,,,,,,,,,,,,,,,,,,,,,,,,,,,,,,CLE,WR,2025,20.6,26.1,31.6
4722893,Jaleel McLaughlin,8.0,,,0.0,0.0,0.0,0.0,0.0,0.0,0.0,0.0,0.0,0.0,0.0,0.0,,39.58300018310547,,37.0,187.0,5.053999900817871,16.0,0.0,1.0,23.375,0.0,0.0,8.0,4.0,6.0,27.0,6.75,0.0,17.0,0.0,3.375,0.0,0.0,39.0,2.0,,,,,,,,,,,,1.0,0.0,0.0,1.0,0.0,0.0,0.0,6.0,0.75,1.0,28.0,28.0,28.0,0.0,0.0,0.0,0.0,0.0,0.0,0.0,,,,,,,,,,,,,,,,,,,,,,,,,,,,,,DEN,RB,2025,27.4,29.4,31.4
4360797,Tutu Atwell,10.0,,,0.0,0.0,0.0,0.0,0.0,0.0,0.0,0.0,0.0,0.0,0.0,0.0,,39.58300018310547,,0.0,0.0,0.0,0.0,0.0,0.0,0.0,0.0,0.0,0.0,6.0,15.0,192.0,32.0,1.0,88.0,3.0,19.200000762939453,0.0,0.0,67.0,4.0,,,,,,,,,,,,0.0,1.0,0.0,1.0,0.0,0.0,0.0,6.0,0.6000000238418579,,,,,,,,,,,,,,,,,,,,,,,,,,,,,,,,,,,,,,,,,MIA,WR,2025,25.2,28.2,31.2
4566158,Ben Sauls,3.0,,,0.0,,,,,,,,,,,,,,,,,,,,,,,,,,,,,,,,,,,,,,,,,,,,,,,,0.0,0.0,0.0,0.0,8.0,7.0,0.0,31.0,10.333000183105469,,,,,,,,,,,,8.0,8.0,100.0,45.0,0.0,3.0,4.0,1.0,0.0,0.0,3.0,4.0,1.0,0.0,7.0,7.0,100.0,,,,,,,,,,,,,NYG,PK,2025,31.0,31.0,31.0
3049899,Younghoe Koo,6.0,0.0,0.0,0.0,,,,,,,,,,,,,,,,,,,,,,,,,,,,,,,,,,,,,2.0,1.0,3.0,0.0,0.0,0.0,0.0,0.0,0.0,0.0,0.0,0.0,0.0,0.0,0.0,6.0,13.0,0.0,31.0,5.166999816894531,,,,,,,,,,,,6.0,9.0,66.66699981689453,44.0,1.0,1.0,2.0,2.0,0.0,1.0,1.0,2.0,3.0,2.0,13.0,14.0,92.85700225830078,,,,,,,,,,,,,,,2025,31.0,31.0,31.0
4243537,Gabe Davis,6.0,0.0,0.0,0.0,0.0,0.0,0.0,0.0,0.0,0.0,0.0,0.0,0.0,0.0,0.0,,39.58300018310547,,0.0,0.0,0.0,0.0,0.0,0.0,0.0,0.0,0.0,0.0,12.0,18.0,129.0,10.75,1.0,22.0,2.0,21.5,0.0,0.0,30.0,8.0,1.0,0.0,1.0,0.0,0.0,0.0,0.0,0.0,0.0,0.0,0.0,0.0,1.0,0.0,1.0,0.0,0.0,0.0,6.0,1.0,,,,,,,,,,,,,,,,,,,,,,,,,,,,,,,,,,,,,,,,,,,2025,18.9,24.9,30.9
2998565,Mo Alie-Cox,17.0,0.0,0.0,0.0,0.0,0.0,0.0,0.0,0.0,0.0,0.0,0.0,0.0,0.0,0.0,,39.58300018310547,,0.0,0.0,0.0,0.0,0.0,0.0,0.0,0.0,0.0,0.0,13.0,20.0,117.0,9.0,1.0,20.0,1.0,6.882352828979492,0.0,0.0,77.0,4.0,2.0,0.0,2.0,0.0,0.0,0.0,0.0,0.0,0.0,0.0,0.0,0.0,1.0,0.0,1.0,0.0,0.0,0.0,6.0,0.3529999852180481,,,,,,,,,,,,,,,,,,,,,,,,,,,,,,,,,,,,,,,,,IND,TE,2025,17.7,24.2,30.7
3059722,Zay Jones,8.0,,,0.0,0.0,0.0,0.0,0.0,0.0,0.0,0.0,0.0,0.0,0.0,0.0,,39.58300018310547,,0.0,0.0,0.0,0.0,0.0,0.0,0.0,0.0,0.0,0.0,12.0,18.0,183.0,15.25,0.0,43.0,4.0,22.875,0.0,0.0,36.0,7.0,,,,,,,,,,,,0.0,0.0,0.0,0.0,0.0,0.0,0.0,0.0,0.0,,,,,,,,,,,,,,,,,,,,,,,,,,,,,,,,,,,,,,,,,,,2025,18.3,24.3,30.3
4360763,Brycen Tremayne,16.0,0.0,0.0,0.0,0.0,0.0,0.0,0.0,0.0,0.0,0.0,0.0,0.0,0.0,0.0,,39.58300018310547,,0.0,0.0,0.0,0.0,0.0,0.0,0.0,0.0,0.0,0.0,14.0,18.0,160.0,11.428999900817871,0.0,26.0,3.0,10.0,1.0,0.0,58.0,7.0,5.0,10.0,15.0,0.0,0.0,0.0,0.0,0.0,0.0,0.0,0.0,0.0,0.0,0.0,0.0,0.0,0.0,0.0,0.0,0.0,0.0,0.0,0.0,0.0,0.0,1.0,0.0,0.0,0.0,0.0,0.0,,,,,,,,,,,,,,,,,,,,,,,,,,,,,,CAR,WR,2025,16.0,23.0,30.0
4430834,Jalen McMillan,4.0,,,0.0,0.0,0.0,0.0,0.0,0.0,0.0,0.0,0.0,0.0,0.0,0.0,,39.58300018310547,,1.0,1.0,1.0,1.0,0.0,0.0,0.25,0.0,0.0,0.0,12.0,15.0,178.0,14.833000183105469,0.0,33.0,2.0,44.5,0.0,0.0,59.0,8.0,,,,,,,,,,,,,,,,,,,,,,,,,,,,,,,,,,,,,,,,,,,,,,,,,,,,,,,,,,,,,TB,WR,2025,17.900000000000002,23.900000000000002,29.900000000000002
4429939,Jawhar Jordan,4.0,,,0.0,0.0,0.0,0.0,0.0,0.0,0.0,0.0,0.0,0.0,0.0,0.0,,39.58300018310547,,43.0,193.0,4.48799991607666,50.0,1.0,0.0,48.25,0.0,0.0,8.0,7.0,7.0,34.0,4.85699987411499,0.0,14.0,0.0,8.5,0.0,0.0,40.0,2.0,,,,,,,,,,,,,,,,,,,,,,,,,,,,,,,,,,,,,,,,,,,,,,,,,,,,,,,,,,,,,HOU,RB,2025,22.7,26.2,29.7
4040612,Luke Farrell,17.0,0.0,0.0,3.0,0.0,0.0,0.0,0.0,0.0,0.0,0.0,0.0,0.0,0.0,0.0,,39.58300018310547,,0.0,0.0,0.0,0.0,0.0,0.0,0.0,0.0,0.0,0.0,11.0,14.0,85.0,7.7270002365112305,2.0,11.0,0.0,5.0,1.0,1.0,52.0,6.0,3.0,4.0,7.0,0.0,0.0,0.0,0.0,0.0,0.0,0.0,0.0,0.0,2.0,0.0,2.0,0.0,0.0,0.0,12.0,0.7059999704360962,,,,,,,,,,,,,,,,,,,,,,,,,,,,,,,,,,,,,,,,,SF,TE,2025,18.5,24.0,29.5
2576414,Raheem Mostert,12.0,,,0.0,0.0,0.0,0.0,0.0,0.0,0.0,0.0,0.0,0.0,0.0,0.0,,39.58300018310547,,22.0,104.0,4.7270002365112305,37.0,1.0,0.0,8.666666984558105,0.0,0.0,5.0,12.0,12.0,70.0,5.833000183105469,0.0,18.0,0.0,5.833333492279053,0.0,0.0,86.0,6.0,,,,,,,,,,,,,,,,,,,,,23.0,673.0,29.2608699798584,54.0,0.0,0.0,0.0,0.0,0.0,0.0,0.0,,,,,,,,,,,,,,,,,,,,,,,,,,,,,,,,2025,17.4,23.4,29.4
3039707,Mitchell Trubisky,4.0,,,0.0,25.0,35.0,71.42900085449219,313.0,8.942999839782715,78.25,37.0,4.0,0.0,0.0,0.0,94.22,136.96400451660156,91.41,9.0,6.0,0.6669999957084656,9.0,0.0,0.0,1.5,0.0,0.0,0.0,0.0,0.0,0.0,0.0,0.0,0.0,0.0,0.0,0.0,0.0,0.0,0.0,,,,,,,,,,,,0.0,0.0,0.0,0.0,0.0,0.0,0.0,0.0,0.0,,,,,,,,,,,,,,,,,,,,,,,,,,,,,,,,,,,,,,,,,TEN,QB,2025,29.12,29.12,29.12
4365395,Julian Hill,14.0,0.0,0.0,0.0,0.0,0.0,0.0,0.0,0.0,0.0,0.0,0.0,0.0,0.0,0.0,,39.58300018310547,,0.0,0.0,0.0,0.0,0.0,0.0,0.0,0.0,0.0,0.0,15.0,20.0,140.0,9.333000183105469,0.0,20.0,1.0,10.0,0.0,0.0,111.0,6.0,1.0,1.0,2.0,0.0,0.0,0.0,0.0,0.0,0.0,0.0,0.0,0.0,0.0,0.0,0.0,0.0,0.0,1.0,2.0,0.14300000667572021,,,,,,,,,,,,,,,,,,,,,,,,,,,,,,,,,,,,,,,,,NE,TE,2025,14.0,21.5,29.0
4567156,Treylon Burks,8.0,0.0,0.0,0.0,0.0,0.0,0.0,0.0,0.0,0.0,0.0,0.0,0.0,1.0,0.0,1.57,39.58300018310547,0.7,0.0,0.0,0.0,0.0,0.0,0.0,0.0,0.0,0.0,0.0,10.0,22.0,130.0,13.0,1.0,37.0,2.0,16.25,0.0,0.0,34.0,7.0,1.0,1.0,2.0,0.0,0.0,0.0,0.0,0.0,0.0,0.0,0.0,0.0,1.0,0.0,1.0,0.0,0.0,0.0,6.0,0.75,1.0,22.0,22.0,22.0,0.0,0.0,0.0,0.0,0.0,0.0,0.0,,,,,,,,,,,,,,,,,,,,,,,,,,,,,,WSH,WR,2025,19.0,24.0,29.0
4708486,Jimmy Horn Jr.,13.0,,,0.0,0.0,0.0,0.0,0.0,0.0,0.0,0.0,0.0,0.0,0.0,0.0,,39.58300018310547,,8.0,69.0,8.625,25.0,1.0,0.0,5.307692527770996,0.0,0.0,3.0,11.0,15.0,108.0,9.817999839782715,0.0,34.0,1.0,8.307692527770996,0.0,0.0,71.0,4.0,,,,,,,,,,,,0.0,0.0,0.0,0.0,0.0,0.0,0.0,0.0,0.0,0.0,0.0,0.0,0.0,0.0,0.0,0.0,0.0,0.0,0.0,1.0,,,,,,,,,,,,,,,,,,,,,,,,,,,,,,CAR,WR,2025,17.700000000000003,23.200000000000003,28.700000000000003
4372414,Elijah Moore,9.0,0.0,0.0,-1.0,0.0,0.0,0.0,0.0,0.0,0.0,0.0,0.0,0.0,0.0,0.0,,39.58300018310547,,6.0,24.0,4.0,11.0,0.0,1.0,2.6666667461395264,0.0,0.0,3.0,9.0,17.0,112.0,12.444000244140625,0.0,31.0,3.0,12.44444465637207,0.0,0.0,58.0,4.0,0.0,0.0,0.0,0.0,0.0,0.0,0.0,0.0,0.0,0.0,0.0,1.0,0.0,0.0,1.0,0.0,0.0,0.0,6.0,0.6669999957084656,,,,,,,,,,,,,,,,,,,,,,,,,,,,,,,,,,,,,,,,,PHI,WR,2025,19.6,24.1,28.6
4429435,Brady Cook,5.0,0.0,0.0,-3.0,88.0,153.0,57.51599884033203,739.0,4.829999923706055,147.8000030517578,26.0,2.0,7.0,19.0,125.0,11.05,55.43299865722656,11.7,13.0,49.0,3.7690000534057617,12.0,0.0,0.0,9.800000190734863,1.0,0.0,4.0,0.0,0.0,0.0,0.0,0.0,0.0,0.0,0.0,0.0,0.0,0.0,0.0,0.0,0.0,0.0,0.0,0.0,0.0,0.0,0.0,0.0,0.0,0.0,0.0,0.0,0.0,0.0,0.0,0.0,0.0,0.0,0.0,,,,,,,,,,,,,,,,,,,,,,,,,,,,,,,,,,,,,,,,,NYJ,QB,2025,28.46,28.46,28.46
4690923,Ben Sinnott,16.0,,,0.0,0.0,0.0,0.0,0.0,0.0,0.0,0.0,0.0,0.0,0.0,0.0,,39.58300018310547,,0.0,0.0,0.0,0.0,0.0,0.0,0.0,0.0,0.0,0.0,11.0,13.0,114.0,10.36400032043457,1.0,36.0,2.0,7.125,0.0,0.0,63.0,5.0,,,,,,,,,,,,0.0,1.0,0.0,1.0,0.0,0.0,0.0,6.0,0.375,,,,,,,,,,,,,,,,,,,,,,,,,,,,,,,,,,,,,,,,,WSH,TE,2025,17.4,22.9,28.4
4242540,Isaiah Hodgins,7.0,,,0.0,0.0,0.0,0.0,0.0,0.0,0.0,0.0,0.0,0.0,0.0,0.0,,39.58300018310547,,0.0,0.0,0.0,0.0,0.0,0.0,0.0,0.0,0.0,0.0,10.0,19.0,115.0,11.5,1.0,30.0,2.0,16.428571701049805,0.0,0.0,17.0,6.0,,,,,,,,,,,,0.0,1.0,0.0,1.0,0.0,0.0,0.0,6.0,0.8569999933242798,,,,,,,,,,,,,,,,,,,,,,,,,,,,,,,,,,,,,,,,,NYG,WR,2025,17.5,22.5,27.5
4241961,Connor Heyward,17.0,0.0,0.0,0.0,0.0,0.0,0.0,0.0,0.0,0.0,0.0,0.0,0.0,0.0,0.0,89.23,39.58300018310547,88.03,15.0,43.0,2.867000102996826,29.0,1.0,2.0,2.529411792755127,0.0,0.0,11.0,3.0,4.0,21.0,7.0,1.0,12.0,0.0,1.2352941036224365,0.0,0.0,5.0,1.0,3.0,6.0,9.0,0.0,0.0,0.0,0.0,0.0,0.0,0.0,0.0,2.0,1.0,0.0,3.0,0.0,0.0,0.0,18.0,1.059000015258789,,,,,,,,,,,,,,,,,,,,,,,,,,,,,,,,,,,,,,,,,LV,FB,2025,24.4,25.9,27.4
4048228,John Bates,15.0,0.0,0.0,0.0,0.0,0.0,0.0,0.0,0.0,0.0,0.0,0.0,0.0,0.0,0.0,,39.58300018310547,,0.0,0.0,0.0,0.0,0.0,0.0,0.0,0.0,0.0,0.0,11.0,16.0,103.0,9.36400032043457,1.0,22.0,1.0,6.866666793823242,0.0,0.0,68.0,6.0,0.0,1.0,1.0,0.0,0.0,0.0,0.0,0.0,0.0,0.0,0.0,0.0,1.0,0.0,1.0,0.0,0.0,0.0,6.0,0.4000000059604645,,,,,,,,,,,,,,,,,,,,,,,,,,,,,,,,,,,,,,,,,WSH,TE,2025,16.3,21.8,27.3
4372096,Luke Schoonmaker,17.0,0.0,0.0,0.0,0.0,0.0,0.0,0.0,0.0,0.0,0.0,0.0,0.0,0.0,0.0,,39.58300018310547,,0.0,0.0,0.0,0.0,0.0,0.0,0.0,0.0,0.0,0.0,14.0,23.0,132.0,9.428999900817871,0.0,29.0,1.0,7.764705657958984,0.0,0.0,82.0,7.0,2.0,1.0,3.0,0.0,0.0,0.0,0.0,0.0,0.0,0.0,0.0,0.0,0.0,0.0,0.0,0.0,0.0,0.0,0.0,0.0,,,,,,,,,,,,,,,,,,,,,,,,,,,,,,,,,,,,,,,,,DAL,TE,2025,13.2,20.2,27.2
4045163,Miles Sanders,4.0,,,0.0,0.0,0.0,0.0,0.0,0.0,0.0,0.0,0.0,0.0,0.0,0.0,,39.58300018310547,,20.0,117.0,5.849999904632568,49.0,1.0,1.0,29.25,1.0,1.0,5.0,8.0,8.0,30.0,3.75,0.0,9.0,0.0,7.5,0.0,0.0,44.0,0.0,,,,,,,,,,,,1.0,0.0,0.0,1.0,0.0,0.0,0.0,6.0,1.5,3.0,68.0,22.66666603088379,24.0,0.0,0.0,0.0,0.0,0.0,0.0,0.0,,,,,,,,,,,,,,,,,,,,,,,,,,,,,,,,2025,18.7,22.7,26.7
5160110,Jahdae Walker,9.0,0.0,0.0,0.0,0.0,0.0,0.0,0.0,0.0,0.0,0.0,0.0,0.0,0.0,0.0,,39.58300018310547,,0.0,0.0,0.0,0.0,0.0,0.0,0.0,0.0,0.0,0.0,6.0,10.0,87.0,14.5,2.0,25.0,1.0,9.666666984558105,0.0,0.0,8.0,4.0,0.0,3.0,3.0,0.0,0.0,0.0,0.0,0.0,0.0,0.0,0.0,0.0,2.0,0.0,2.0,0.0,0.0,0.0,12.0,1.3329999446868896,,,,,,,,,,,,,,,,,,,,,,,,,,,,,,,,,,,,,,,,,CHI,WR,2025,20.7,23.7,26.7
4426535,Theo Wease Jr.,3.0,,,0.0,0.0,0.0,0.0,0.0,0.0,0.0,0.0,0.0,0.0,0.0,0.0,,39.58300018310547,,0.0,0.0,0.0,0.0,0.0,0.0,0.0,0.0,0.0,0.0,6.0,10.0,139.0,23.16699981689453,1.0,63.0,2.0,46.33333206176758,0.0,0.0,63.0,6.0,,,,,,,,,,,,0.0,1.0,0.0,1.0,0.0,0.0,0.0,6.0,2.0,,,,,,,,,,,,,,,,,,,,,,,,,,,,,,,,,,,,,,,,,MIA,WR,2025,19.9,22.9,25.9
4362452,Jaret Patterson,6.0,,,0.0,0.0,0.0,0.0,0.0,0.0,0.0,0.0,0.0,0.0,0.0,0.0,,39.58300018310547,,41.0,159.0,3.878000020980835,22.0,1.0,1.0,26.5,0.0,0.0,7.0,3.0,4.0,8.0,2.6670000553131104,0.0,4.0,0.0,1.3333333730697632,0.0,0.0,8.0,1.0,,,,,,,,,,,,1.0,0.0,0.0,1.0,0.0,0.0,0.0,6.0,1.0,3.0,79.0,26.33333396911621,34.0,0.0,0.0,0.0,0.0,0.0,0.0,0.0,,,,,,,,,,,,,,,,,,,,,,,,,,,,,,LAC,RB,2025,22.7,24.2,25.7
4431487,Savion Williams,12.0,0.0,0.0,0.0,0.0,0.0,0.0,0.0,0.0,0.0,0.0,0.0,0.0,0.0,0.0,77.04,39.58300018310547,81.06,11.0,37.0,3.364000082015991,16.0,0.0,0.0,3.0833332538604736,1.0,1.0,1.0,10.0,10.0,78.0,7.800000190734863,1.0,33.0,1.0,6.5,0.0,0.0,61.0,3.0,0.0,1.0,1.0,0.0,0.0,0.0,0.0,0.0,0.0,0.0,0.0,0.0,1.0,0.0,1.0,0.0,0.0,0.0,6.0,0.5,28.0,717.0,25.60714340209961,36.0,0.0,0.0,0.0,0.0,0.0,0.0,0.0,,,,,,,,,,,,,,,,,,,,,,,,,,,,,,GB,WR,2025,15.5,20.5,25.5
4710855,Konata Mumpfield,17.0,0.0,0.0,0.0,0.0,0.0,0.0,0.0,0.0,0.0,0.0,0.0,0.0,0.0,0.0,,39.58300018310547,,0.0,0.0,0.0,0.0,0.0,0.0,0.0,0.0,0.0,0.0,10.0,23.0,92.0,9.199999809265137,1.0,19.0,0.0,5.411764621734619,0.0,0.0,25.0,7.0,1.0,0.0,1.0,0.0,0.0,0.0,0.0,0.0,0.0,0.0,0.0,0.0,1.0,0.0,1.0,0.0,0.0,0.0,6.0,0.3529999852180481,,,,,,,,,,,,,,,,,,,,,,,,,,,,,,,,,,,,,,,,,LAR,WR,2025,15.2,20.2,25.2
4379401,John FitzPatrick,15.0,,,0.0,0.0,0.0,0.0,0.0,0.0,0.0,0.0,0.0,0.0,0.0,0.0,,39.58300018310547,,0.0,0.0,0.0,0.0,0.0,0.0,0.0,0.0,0.0,0.0,12.0,15.0,72.0,6.0,1.0,11.0,0.0,4.800000190734863,0.0,0.0,57.0,4.0,,,,,,,,,,,,0.0,1.0,0.0,1.0,0.0,0.0,0.0,6.0,0.4000000059604645,,,,,,,,,,,,,,,,,,,,,,,,,,,,,,,,,,,,,,,,,,,2025,13.2,19.2,25.2
4911851,LeQuint Allen Jr.,17.0,1.0,1.0,0.0,0.0,0.0,0.0,0.0,0.0,0.0,0.0,0.0,0.0,0.0,0.0,,39.58300018310547,,23.0,94.0,4.086999893188477,12.0,0.0,0.0,5.529411792755127,0.0,0.0,5.0,10.0,11.0,54.0,5.400000095367432,0.0,10.0,0.0,3.1764705181121826,0.0,0.0,61.0,0.0,1.0,2.0,3.0,0.0,0.0,0.0,0.0,0.0,0.0,0.0,0.0,,,,,,,,,,24.0,617.0,25.70833396911621,50.0,0.0,0.0,0.0,0.0,0.0,0.0,0.0,,,,,,,,,,,,,,,,,,,,,,,,,,,,,,JAX,RB,2025,14.8,19.8,24.8
4045305,Ian Thomas,15.0,0.0,0.0,0.0,0.0,0.0,0.0,0.0,0.0,0.0,0.0,0.0,0.0,0.0,0.0,,39.58300018310547,,0.0,0.0,0.0,0.0,0.0,0.0,0.0,0.0,0.0,0.0,13.0,13.0,114.0,8.769000053405762,0.0,20.0,1.0,7.599999904632568,0.0,0.0,72.0,5.0,0.0,1.0,1.0,0.0,0.0,0.0,0.0,0.0,0.0,0.0,0.0,0.0,0.0,0.0,0.0,0.0,0.0,0.0,0.0,0.0,,,,,,,,,,,,,,,,,,,,,,,,,,,,,,,,,,,,,,,,,LV,TE,2025,11.4,17.9,24.4
11394,Josh Johnson,5.0,0.0,0.0,-16.0,34.0,54.0,62.9630012512207,372.0,6.888999938964844,74.4000015258789,41.0,1.0,2.0,2.0,14.0,58.5,73.99700164794922,55.56,12.0,55.0,4.583000183105469,13.0,0.0,1.0,11.0,2.0,1.0,4.0,0.0,0.0,0.0,0.0,0.0,0.0,0.0,0.0,0.0,0.0,0.0,0.0,0.0,0.0,0.0,0.0,0.0,0.0,0.0,0.0,0.0,0.0,0.0,1.0,0.0,0.0,1.0,0.0,0.0,0.0,6.0,1.2000000476837158,,,,,,,,,,,,,,,,,,,,,,,,,,,,,,,,,,,,,,,,,CIN,QB,2025,24.380000000000003,24.380000000000003,24.380000000000003
4690013,Rasheen Ali,15.0,0.0,0.0,0.0,0.0,0.0,0.0,0.0,0.0,0.0,0.0,0.0,0.0,0.0,0.0,,39.58300018310547,,7.0,24.0,3.428999900817871,9.0,0.0,0.0,1.600000023841858,0.0,0.0,1.0,9.0,11.0,68.0,7.556000232696533,1.0,30.0,1.0,4.5333333015441895,0.0,0.0,83.0,2.0,8.0,2.0,10.0,0.0,0.0,0.0,0.0,0.0,0.0,0.0,0.0,0.0,1.0,0.0,1.0,0.0,0.0,0.0,6.0,0.4000000059604645,30.0,763.0,25.433332443237305,43.0,0.0,0.0,0.0,0.0,0.0,0.0,0.0,,,,,,,,,,,,,,,,,,,,,,,,,,,,,,BAL,RB,2025,15.200000000000001,19.700000000000003,24.200000000000003
4259305,Bo Melton,16.0,0.0,0.0,0.0,0.0,0.0,0.0,0.0,0.0,0.0,0.0,0.0,0.0,0.0,0.0,,39.58300018310547,,5.0,35.0,7.0,17.0,0.0,0.0,2.1875,0.0,0.0,2.0,4.0,13.0,107.0,26.75,1.0,45.0,2.0,6.6875,0.0,0.0,7.0,4.0,2.0,2.0,4.0,0.0,0.0,0.0,0.0,0.0,0.0,0.0,0.0,0.0,1.0,0.0,1.0,0.0,0.0,0.0,6.0,0.375,19.0,467.0,24.578947067260742,36.0,0.0,0.0,0.0,0.0,0.0,0.0,0.0,,,,,,,,,,,,,,,,,,,,,,,,,,,,,,GB,WR,2025,20.2,22.2,24.2
2983509,Dare Ogunbowale,17.0,0.0,1.0,0.0,0.0,0.0,0.0,0.0,0.0,0.0,0.0,0.0,0.0,0.0,0.0,0.22,39.58300018310547,0.16,11.0,25.0,2.2730000019073486,9.0,0.0,1.0,1.470588207244873,0.0,0.0,1.0,10.0,13.0,76.0,7.599999904632568,0.0,18.0,0.0,4.470588207244873,1.0,1.0,56.0,3.0,8.0,8.0,16.0,0.0,0.0,0.0,0.0,0.0,0.0,0.0,0.0,1.0,0.0,0.0,1.0,0.0,0.0,0.0,6.0,0.3529999852180481,,,,,,,,,,,,,,,,,,,,,,,,,,,,,,,,,,,,,,,,,,,2025,14.100000000000001,19.1,24.1
4360967,Brevyn Spann-Ford,17.0,0.0,0.0,0.0,0.0,0.0,0.0,0.0,0.0,0.0,0.0,0.0,0.0,0.0,0.0,,39.58300018310547,,0.0,0.0,0.0,0.0,0.0,0.0,0.0,0.0,0.0,0.0,9.0,13.0,90.0,10.0,1.0,31.0,2.0,5.294117450714111,0.0,0.0,33.0,4.0,9.0,11.0,20.0,0.0,0.0,0.0,0.0,0.0,0.0,0.0,0.0,0.0,1.0,0.0,1.0,0.0,0.0,0.0,6.0,0.3529999852180481,,,,,,,,,,,,,,,,,,,,,,,,,,,,,,,,,,,,,,,,,DAL,TE,2025,15.0,19.5,24.0
4432775,Dont'e Thornton Jr.,15.0,0.0,0.0,0.0,0.0,0.0,0.0,0.0,0.0,0.0,0.0,0.0,0.0,0.0,0.0,,39.58300018310547,,0.0,0.0,0.0,0.0,0.0,0.0,0.0,0.0,0.0,0.0,10.0,30.0,135.0,13.5,0.0,36.0,3.0,9.0,0.0,0.0,38.0,7.0,1.0,0.0,1.0,0.0,0.0,0.0,0.0,0.0,0.0,0.0,0.0,0.0,0.0,0.0,0.0,0.0,0.0,0.0,0.0,0.0,,,,,,,,,,,,,,,,,,,,,,,,,,,,,,,,,,,,,,,,,LV,WR,2025,13.5,18.5,23.5
3125107,Andrew Beck,17.0,0.0,0.0,0.0,0.0,0.0,0.0,0.0,0.0,0.0,0.0,0.0,0.0,0.0,0.0,,39.58300018310547,,1.0,5.0,5.0,5.0,0.0,0.0,0.29411765933036804,0.0,0.0,1.0,6.0,9.0,45.0,7.5,2.0,17.0,0.0,2.6470587253570557,0.0,0.0,20.0,4.0,4.0,4.0,8.0,0.0,0.0,0.0,0.0,0.0,0.0,0.0,0.0,0.0,2.0,0.0,2.0,0.0,0.0,0.0,12.0,0.7059999704360962,,,,,,,,,,,,,,,,,,,,,,,,,,,,,,,,,,,,,,,,,NYJ,FB,2025,17.0,20.0,23.0
3128390,Allen Lazard,10.0,,,0.0,0.0,0.0,0.0,0.0,0.0,0.0,0.0,0.0,0.0,0.0,0.0,,39.58300018310547,,0.0,0.0,0.0,0.0,0.0,0.0,0.0,0.0,0.0,0.0,10.0,18.0,70.0,7.0,1.0,10.0,0.0,7.0,0.0,0.0,33.0,4.0,,,,,,,,,,,,0.0,1.0,0.0,1.0,0.0,0.0,0.0,6.0,0.6000000238418579,,,,,,,,,,,,,,,,,,,,,,,,,,,,,,,,,,,,,,,,,,,2025,13.0,18.0,23.0
4241374,Grant Calcaterra,15.0,0.0,0.0,0.0,0.0,0.0,0.0,0.0,0.0,0.0,0.0,0.0,0.0,0.0,0.0,,39.58300018310547,,0.0,0.0,0.0,0.0,0.0,0.0,0.0,0.0,0.0,0.0,9.0,13.0,76.0,8.444000244140625,1.0,16.0,0.0,5.066666603088379,0.0,0.0,31.0,4.0,1.0,0.0,1.0,0.0,0.0,0.0,0.0,0.0,0.0,0.0,0.0,0.0,1.0,0.0,1.0,0.0,0.0,0.0,6.0,0.4000000059604645,,,,,,,,,,,,,,,,,,,,,,,,,,,,,,,,,,,,,,,,,PHI,TE,2025,13.6,18.1,22.6
3121427,Curtis Samuel,6.0,0.0,0.0,0.0,0.0,0.0,0.0,0.0,0.0,0.0,0.0,0.0,0.0,0.0,0.0,,39.58300018310547,,0.0,0.0,0.0,0.0,0.0,0.0,0.0,0.0,0.0,0.0,7.0,9.0,81.0,11.571000099182129,1.0,21.0,2.0,13.5,0.0,0.0,27.0,5.0,1.0,0.0,1.0,0.0,0.0,0.0,0.0,0.0,0.0,0.0,0.0,0.0,1.0,0.0,1.0,0.0,0.0,0.0,6.0,1.0,9.0,223.0,24.77777862548828,31.0,0.0,0.0,0.0,0.0,0.0,0.0,0.0,,,,,,,,,,,,,,,,,,,,,,,,,,,,,,,,2025,14.1,17.6,21.1
3115306,Josh Reynolds,5.0,0.0,0.0,0.0,0.0,0.0,0.0,0.0,0.0,0.0,0.0,0.0,0.0,0.0,0.0,,39.58300018310547,,0.0,0.0,0.0,0.0,0.0,0.0,0.0,0.0,0.0,0.0,11.0,21.0,101.0,9.182000160217285,0.0,13.0,0.0,20.200000762939453,0.0,0.0,14.0,4.0,1.0,0.0,1.0,0.0,0.0,0.0,0.0,0.0,0.0,0.0,0.0,0.0,0.0,0.0,0.0,0.0,0.0,1.0,2.0,0.4000000059604645,,,,,,,,,,,,,,,,,,,,,,,,,,,,,,,,,,,,,,,,,,,2025,10.1,15.6,21.1
4428678,Jamari Thrash,9.0,,,0.0,0.0,0.0,0.0,0.0,0.0,0.0,0.0,0.0,0.0,0.0,0.0,,39.58300018310547,,0.0,0.0,0.0,0.0,0.0,0.0,0.0,0.0,0.0,0.0,10.0,15.0,107.0,10.699999809265137,0.0,23.0,3.0,11.88888931274414,0.0,0.0,39.0,5.0,,,,,,,,,,,,0.0,0.0,0.0,0.0,0.0,0.0,0.0,0.0,0.0,,,,,,,,,,,,,,,,,,,,,,,,,,,,,,,,,,,,,,,,,CLE,WR,2025,10.7,15.7,20.7
3127292,Will Dissly,9.0,,,0.0,0.0,0.0,0.0,0.0,0.0,0.0,0.0,0.0,0.0,0.0,0.0,,39.58300018310547,,0.0,0.0,0.0,0.0,0.0,0.0,0.0,0.0,0.0,0.0,11.0,16.0,97.0,8.817999839782715,0.0,18.0,0.0,10.777777671813965,0.0,0.0,66.0,5.0,,,,,,,,,,,,0.0,0.0,0.0,0.0,0.0,0.0,0.0,0.0,0.0,,,,,,,,,,,,,,,,,,,,,,,,,,,,,,,,,,,,,,,,,,,2025,9.7,15.2,20.7
4685279,Jaydon Blue,5.0,,,0.0,0.0,0.0,0.0,0.0,0.0,0.0,0.0,0.0,0.0,0.0,0.0,,39.58300018310547,,38.0,129.0,3.3949999809265137,27.0,1.0,1.0,25.799999237060547,1.0,0.0,7.0,1.0,1.0,5.0,5.0,0.0,5.0,0.0,1.0,0.0,0.0,10.0,0.0,,,,,,,,,,,,1.0,0.0,0.0,1.0,0.0,0.0,0.0,6.0,1.2000000476837158,3.0,72.0,24.0,32.0,0.0,0.0,0.0,0.0,0.0,0.0,0.0,,,,,,,,,,,,,,,,,,,,,,,,,,,,,,DAL,RB,2025,19.4,19.9,20.4
4573697,Mason Tipton,14.0,,,0.0,0.0,0.0,0.0,0.0,0.0,0.0,0.0,0.0,0.0,0.0,0.0,,39.58300018310547,,4.0,18.0,4.5,12.0,0.0,0.0,1.2857142686843872,1.0,0.0,2.0,11.0,17.0,76.0,6.908999919891357,0.0,12.0,0.0,5.4285712242126465,0.0,0.0,37.0,4.0,,,,,,,,,,,,0.0,0.0,0.0,0.0,0.0,0.0,0.0,0.0,0.0,12.0,378.0,31.5,75.0,0.0,0.0,0.0,0.0,0.0,0.0,0.0,,,,,,,,,,,,,,,,,,,,,,,,,,,,,,NO,WR,2025,9.4,14.9,20.4
4601080,Raheim Sanders,4.0,,,0.0,0.0,0.0,0.0,0.0,0.0,0.0,0.0,0.0,0.0,0.0,0.0,,39.58300018310547,,27.0,92.0,3.4070000648498535,14.0,0.0,1.0,23.0,0.0,0.0,7.0,3.0,4.0,21.0,7.0,0.0,10.0,0.0,5.25,0.0,0.0,14.0,0.0,,,,,,,,,,,,1.0,0.0,0.0,1.0,0.0,0.0,0.0,6.0,1.5,,,,,,,,,,,,,,,,,,,,,,,,,,,,,,,,,,,,,,,,,CLE,RB,2025,17.3,18.8,20.3
3052096,Johnny Mundt,16.0,0.0,0.0,0.0,0.0,0.0,0.0,0.0,0.0,0.0,0.0,0.0,0.0,0.0,0.0,,39.58300018310547,,0.0,0.0,0.0,0.0,0.0,0.0,0.0,0.0,0.0,0.0,9.0,19.0,111.0,12.333000183105469,0.0,21.0,1.0,6.9375,0.0,0.0,76.0,6.0,1.0,0.0,1.0,0.0,0.0,0.0,0.0,0.0,0.0,0.0,0.0,0.0,0.0,0.0,0.0,0.0,0.0,0.0,0.0,0.0,,,,,,,,,,,,,,,,,,,,,,,,,,,,,,,,,,,,,,,,,PHI,TE,2025,11.1,15.6,20.1
4061956,Ashton Dulin,12.0,0.0,0.0,0.0,0.0,0.0,0.0,0.0,0.0,0.0,0.0,0.0,0.0,0.0,0.0,,39.58300018310547,,3.0,44.0,14.666999816894531,22.0,1.0,0.0,3.6666667461395264,0.0,0.0,2.0,5.0,10.0,106.0,21.200000762939453,0.0,48.0,3.0,8.833333015441895,0.0,0.0,53.0,4.0,6.0,5.0,11.0,0.0,0.0,0.0,0.0,0.0,0.0,0.0,0.0,,,,,,,,,,16.0,516.0,32.25,55.0,0.0,0.0,0.0,0.0,0.0,0.0,0.0,,,,,,,,,,,,,,,,,,,,,,,,,,,,,,IND,WR,2025,15.0,17.5,20.0
4426496,Cade Stover,9.0,0.0,0.0,0.0,0.0,0.0,0.0,0.0,0.0,0.0,0.0,0.0,0.0,0.0,0.0,0.4,39.58300018310547,0.38,4.0,3.0,0.75,2.0,0.0,0.0,0.3333333432674408,0.0,0.0,2.0,12.0,16.0,76.0,6.333000183105469,0.0,11.0,0.0,8.44444465637207,0.0,0.0,52.0,4.0,2.0,0.0,2.0,0.0,0.0,0.0,0.0,0.0,0.0,0.0,0.0,0.0,0.0,0.0,0.0,0.0,0.0,0.0,0.0,0.0,,,,,,,,,,,,,,,,,,,,,,,,,,,,,,,,,,,,,,,,,HOU,TE,2025,7.8999999999999995,13.899999999999999,19.9
3929785,Nick Westbrook-Ikhine,15.0,0.0,0.0,0.0,0.0,0.0,0.0,0.0,0.0,0.0,0.0,0.0,0.0,0.0,0.0,,39.58300018310547,,0.0,0.0,0.0,0.0,0.0,0.0,0.0,0.0,0.0,0.0,11.0,20.0,89.0,8.090999603271484,0.0,18.0,0.0,5.933333396911621,0.0,0.0,28.0,8.0,5.0,2.0,7.0,0.0,0.0,0.0,0.0,0.0,0.0,0.0,0.0,0.0,0.0,0.0,0.0,0.0,0.0,0.0,0.0,0.0,,,,,,,,,,,,,,,,,,,,,,,,,,,,,,,,,,,,,,,,,IND,WR,2025,8.9,14.4,19.9
3127306,Dante Pettis,8.0,,,0.0,0.0,0.0,0.0,0.0,0.0,0.0,0.0,0.0,0.0,0.0,0.0,,39.58300018310547,,0.0,0.0,0.0,0.0,0.0,0.0,0.0,0.0,0.0,0.0,9.0,11.0,127.0,14.111000061035156,0.0,32.0,3.0,15.875,1.0,1.0,86.0,4.0,,,,,,,,,,,,,,,,,,,,,15.0,351.0,23.399999618530273,32.0,0.0,13.0,79.0,6.07692289352417,17.0,0.0,10.0,,,,,,,,,,,,,,,,,,,,,,,,,,,,,,,,2025,10.7,15.2,19.7
4431545,Will Shipley,15.0,1.0,0.0,0.0,0.0,0.0,0.0,0.0,0.0,0.0,0.0,0.0,0.0,0.0,0.0,,39.58300018310547,,14.0,49.0,3.5,20.0,1.0,0.0,3.2666666507720947,0.0,0.0,4.0,9.0,12.0,56.0,6.2220001220703125,0.0,12.0,0.0,3.7333333492279053,0.0,0.0,63.0,2.0,7.0,2.0,9.0,0.0,0.0,0.0,0.0,0.0,0.0,0.0,0.0,0.0,0.0,0.0,0.0,0.0,0.0,0.0,0.0,0.0,29.0,777.0,26.79310417175293,41.0,0.0,0.0,0.0,0.0,0.0,0.0,0.0,,,,,,,,,,,,,,,,,,,,,,,,,,,,,,PHI,RB,2025,10.5,15.0,19.5
3128444,Matthew Wright,4.0,,,0.0,,,,,,,,,,,,,,,,,,,,,,,,,,,,,,,,,,,,,,,,,,,,,,,,0.0,0.0,0.0,0.0,5.0,4.0,0.0,19.0,4.75,,,,,,,,,,,,5.0,5.0,100.0,46.0,0.0,1.0,1.0,3.0,0.0,0.0,1.0,1.0,3.0,0.0,4.0,4.0,100.0,,,,,,,,,,,,,,,2025,19.0,19.0,19.0
4245661,Lucas Havrisik,3.0,,,0.0,,,,,,,,,,,,,,,,,,,,,,,,,,,,,,,,,,,,,,,,,,,,,,,,0.0,0.0,0.0,0.0,4.0,7.0,0.0,19.0,6.333000183105469,,,,,,,,,,,,4.0,4.0,100.0,61.0,0.0,0.0,2.0,1.0,1.0,0.0,0.0,2.0,1.0,1.0,7.0,9.0,77.77799987792969,,,,,,,,,,,,,GB,PK,2025,19.0,19.0,19.0
4715355,Darius Cooper,13.0,,,0.0,0.0,0.0,0.0,0.0,0.0,0.0,0.0,0.0,0.0,0.0,0.0,,39.58300018310547,,0.0,0.0,0.0,0.0,0.0,0.0,0.0,0.0,0.0,0.0,9.0,11.0,92.0,10.222000122070312,0.0,19.0,0.0,7.07692289352417,0.0,0.0,22.0,6.0,,,,,,,,,,,,0.0,0.0,0.0,0.0,0.0,0.0,0.0,0.0,0.0,,,,,,,,,,,,,,,,,,,,,,,,,,,,,,,,,,,,,,,,,PHI,WR,2025,9.2,13.7,18.2
4047422,Tanner Conner,9.0,0.0,0.0,0.0,0.0,0.0,0.0,0.0,0.0,0.0,0.0,0.0,0.0,0.0,0.0,,39.58300018310547,,0.0,0.0,0.0,0.0,0.0,0.0,0.0,0.0,0.0,0.0,9.0,15.0,91.0,10.111000061035156,0.0,28.0,1.0,10.11111068725586,0.0,0.0,39.0,3.0,1.0,1.0,2.0,0.0,0.0,0.0,0.0,0.0,0.0,0.0,0.0,0.0,0.0,0.0,0.0,0.0,0.0,0.0,0.0,0.0,,,,,,,,,,,,,,,,,,,,,,,,,,,,,,,,,,,,,,,,,NYG,TE,2025,9.1,13.6,18.1
4241983,Cody White,10.0,0.0,0.0,0.0,0.0,0.0,0.0,0.0,0.0,0.0,0.0,0.0,0.0,0.0,0.0,,39.58300018310547,,0.0,0.0,0.0,0.0,0.0,0.0,0.0,0.0,0.0,0.0,3.0,4.0,90.0,30.0,1.0,60.0,2.0,9.0,0.0,0.0,58.0,2.0,5.0,3.0,8.0,0.0,0.0,0.0,0.0,0.0,0.0,0.0,0.0,0.0,1.0,0.0,1.0,0.0,0.0,0.0,6.0,0.6000000238418579,4.0,106.0,26.5,36.0,0.0,0.0,0.0,0.0,0.0,0.0,0.0,,,,,,,,,,,,,,,,,,,,,,,,,,,,,,SEA,WR,2025,15.0,16.5,18.0
5097554,Kameron Johnson,17.0,0.0,0.0,0.0,0.0,0.0,0.0,0.0,0.0,0.0,0.0,0.0,0.0,0.0,0.0,,39.58300018310547,,2.0,13.0,6.5,11.0,0.0,0.0,0.7647058963775635,0.0,0.0,1.0,4.0,7.0,64.0,16.0,1.0,34.0,1.0,3.7647058963775635,0.0,0.0,20.0,3.0,3.0,0.0,3.0,0.0,0.0,0.0,0.0,0.0,0.0,0.0,0.0,0.0,1.0,0.0,1.0,0.0,0.0,0.0,6.0,0.3529999852180481,27.0,685.0,25.370370864868164,44.0,0.0,26.0,291.0,11.192307472229004,54.0,0.0,15.0,,,,,,,,,,,,,,,,,,,,,,,,,,,,,,TB,WR,2025,13.700000000000001,15.700000000000001,17.700000000000003
4244049,Quintin Morris,14.0,0.0,0.0,0.0,0.0,0.0,0.0,0.0,0.0,0.0,0.0,0.0,0.0,0.0,0.0,,39.58300018310547,,0.0,0.0,0.0,0.0,0.0,0.0,0.0,0.0,0.0,0.0,6.0,9.0,55.0,9.166999816894531,1.0,14.0,0.0,3.9285714626312256,0.0,0.0,21.0,4.0,4.0,4.0,8.0,0.0,0.0,0.0,0.0,0.0,0.0,0.0,0.0,0.0,1.0,0.0,1.0,0.0,0.0,0.0,6.0,0.42899999022483826,,,,,,,,,,,,,,,,,,,,,,,,,,,,,,,,,,,,,,,,,JAX,TE,2025,11.5,14.5,17.5
3915486,Tyler Conklin,13.0,,,0.0,0.0,0.0,0.0,0.0,0.0,0.0,0.0,0.0,0.0,0.0,0.0,40.49,39.58300018310547,36.82,1.0,2.0,2.0,2.0,0.0,0.0,0.1538461595773697,0.0,0.0,1.0,7.0,10.0,101.0,14.428999900817871,0.0,33.0,2.0,7.769230842590332,1.0,0.0,57.0,3.0,,,,,,,,,,,,0.0,0.0,0.0,0.0,0.0,0.0,0.0,0.0,0.0,,,,,,,,,,,,,,,,,,,,,,,,,,,,,,,,,,,,,,,,,DET,TE,2025,10.299999999999999,13.799999999999999,17.299999999999997
4360294,Antonio Gibson,5.0,,,0.0,0.0,0.0,0.0,0.0,0.0,0.0,0.0,0.0,0.0,0.0,0.0,,39.58300018310547,,25.0,106.0,4.239999771118164,21.0,1.0,1.0,21.200000762939453,1.0,1.0,6.0,2.0,3.0,6.0,3.0,0.0,5.0,0.0,1.2000000476837158,0.0,0.0,16.0,0.0,,,,,,,,,,,,1.0,0.0,0.0,1.0,0.0,0.0,0.0,6.0,1.2000000476837158,12.0,342.0,28.5,90.0,1.0,0.0,0.0,0.0,0.0,0.0,0.0,,,,,,,,,,,,,,,,,,,,,,,,,,,,,,,,2025,15.200000000000003,16.200000000000003,17.200000000000003
4035222,Trayveon Williams,7.0,,,0.0,0.0,0.0,0.0,0.0,0.0,0.0,0.0,0.0,0.0,0.0,0.0,,39.58300018310547,,10.0,36.0,3.5999999046325684,11.0,0.0,0.0,5.142857074737549,0.0,0.0,3.0,8.0,9.0,55.0,6.875,0.0,26.0,1.0,7.857142925262451,0.0,0.0,83.0,2.0,,,,,,,,,,,,0.0,0.0,0.0,0.0,0.0,0.0,0.0,0.0,0.0,9.0,212.0,23.55555534362793,29.0,0.0,0.0,0.0,0.0,0.0,0.0,0.0,,,,,,,,,,,,,,,,,,,,,,,,,,,,,,,,2025,9.1,13.1,17.1
3116407,Mason Rudolph,5.0,,,0.0,38.0,52.0,73.0770034790039,310.0,5.961999893188477,62.0,28.0,2.0,2.0,2.0,12.0,36.49,84.61499786376953,34.11,7.0,6.0,0.8569999933242798,3.0,0.0,0.0,1.2000000476837158,0.0,0.0,2.0,0.0,0.0,0.0,0.0,0.0,0.0,0.0,0.0,0.0,0.0,0.0,0.0,,,,,,,,,,,,0.0,0.0,0.0,0.0,0.0,0.0,0.0,0.0,0.0,,,,,,,,,,,,,,,,,,,,,,,,,,,,,,,,,,,,,,,,,PIT,QB,2025,17.0,17.0,17.0
4035656,Ben Skowronek,17.0,0.0,1.0,0.0,0.0,0.0,0.0,0.0,0.0,0.0,0.0,0.0,0.0,0.0,0.0,,39.58300018310547,,0.0,0.0,0.0,0.0,0.0,0.0,0.0,0.0,0.0,0.0,4.0,6.0,69.0,17.25,1.0,22.0,2.0,4.058823585510254,0.0,0.0,23.0,4.0,11.0,10.0,21.0,0.0,0.0,0.0,0.0,0.0,0.0,0.0,0.0,0.0,1.0,0.0,1.0,0.0,0.0,0.0,6.0,0.3529999852180481,,,,,,,,,,,,,,,,,,,,,,,,,,,,,,,,,,,,,,,,,PIT,WR,2025,12.9,14.9,16.9
4383440,Nate Adkins,9.0,0.0,0.0,0.0,0.0,0.0,0.0,0.0,0.0,0.0,0.0,0.0,0.0,0.0,0.0,,39.58300018310547,,0.0,0.0,0.0,0.0,0.0,0.0,0.0,0.0,0.0,0.0,6.0,11.0,48.0,8.0,1.0,16.0,0.0,5.333333492279053,0.0,0.0,26.0,3.0,0.0,2.0,2.0,0.0,0.0,0.0,0.0,0.0,0.0,0.0,0.0,0.0,1.0,0.0,1.0,0.0,0.0,0.0,6.0,0.6669999957084656,,,,,,,,,,,,,,,,,,,,,,,,,,,,,,,,,,,,,,,,,DEN,TE,2025,10.8,13.8,16.8
4034862,Jack Stoll,15.0,0.0,0.0,0.0,0.0,0.0,0.0,0.0,0.0,0.0,0.0,0.0,0.0,0.0,0.0,,39.58300018310547,,0.0,0.0,0.0,0.0,0.0,0.0,0.0,0.0,0.0,0.0,6.0,11.0,46.0,7.666999816894531,1.0,13.0,0.0,3.066666603088379,0.0,0.0,17.0,2.0,2.0,0.0,2.0,0.0,0.0,0.0,0.0,0.0,0.0,0.0,0.0,0.0,1.0,0.0,1.0,0.0,0.0,0.0,6.0,0.4000000059604645,,,,,,,,,,,,,,,,,,,,,,,,,,,,,,,,,,,,,,,,,CLE,TE,2025,10.6,13.6,16.6
4695193,Efton Chism III,8.0,,,0.0,0.0,0.0,0.0,0.0,0.0,0.0,0.0,0.0,0.0,0.0,0.0,,39.58300018310547,,0.0,0.0,0.0,0.0,0.0,0.0,0.0,0.0,0.0,0.0,3.0,3.0,75.0,25.0,1.0,35.0,2.0,9.375,0.0,0.0,40.0,3.0,,,,,,,,,,,,0.0,1.0,0.0,1.0,0.0,0.0,0.0,6.0,0.75,16.0,383.0,23.9375,31.0,0.0,0.0,0.0,0.0,0.0,0.0,2.0,,,,,,,,,,,,,,,,,,,,,,,,,,,,,,NE,WR,2025,13.5,15.0,16.5
4430870,KeAndre Lambert-Smith,10.0,,,0.0,0.0,0.0,0.0,0.0,0.0,0.0,0.0,0.0,0.0,0.0,0.0,,39.58300018310547,,0.0,0.0,0.0,0.0,0.0,0.0,0.0,0.0,0.0,0.0,5.0,12.0,51.0,10.199999809265137,1.0,18.0,0.0,5.099999904632568,0.0,0.0,21.0,3.0,,,,,,,,,,,,0.0,1.0,0.0,1.0,0.0,0.0,0.0,6.0,0.6000000238418579,18.0,418.0,23.22222137451172,34.0,0.0,0.0,0.0,0.0,0.0,0.0,0.0,,,,,,,,,,,,,,,,,,,,,,,,,,,,,,LAC,WR,2025,11.1,13.6,16.1
4361332,Shedrick Jackson,5.0,0.0,0.0,0.0,0.0,0.0,0.0,0.0,0.0,0.0,0.0,0.0,0.0,0.0,0.0,,39.58300018310547,,1.0,3.0,3.0,3.0,0.0,0.0,0.6000000238418579,0.0,0.0,0.0,4.0,5.0,56.0,14.0,1.0,25.0,1.0,11.199999809265137,0.0,0.0,4.0,2.0,1.0,0.0,1.0,0.0,0.0,0.0,0.0,0.0,0.0,0.0,0.0,0.0,1.0,0.0,1.0,0.0,0.0,0.0,6.0,1.2000000476837158,,,,,,,,,,,,,,,,,,,,,,,,,,,,,,,,,,,,,,,,,LV,WR,2025,11.9,13.9,15.9
3929914,Adam Prentice,17.0,0.0,0.0,0.0,0.0,0.0,0.0,0.0,0.0,0.0,0.0,0.0,0.0,0.0,0.0,,39.58300018310547,,10.0,44.0,4.400000095367432,18.0,0.0,0.0,2.588235378265381,0.0,0.0,7.0,6.0,8.0,53.0,8.833000183105469,0.0,14.0,0.0,3.117647171020508,0.0,0.0,43.0,3.0,3.0,8.0,11.0,0.0,0.0,0.0,0.0,0.0,0.0,0.0,0.0,0.0,0.0,0.0,0.0,0.0,0.0,0.0,0.0,0.0,,,,,,,,,,,,,,,,,,,,,,,,,,,,,,,,,,,,,,,,,DEN,FB,2025,9.7,12.7,15.7
4012556,C.J. Ham,11.0,0.0,0.0,0.0,0.0,0.0,0.0,0.0,0.0,0.0,0.0,0.0,0.0,0.0,0.0,,39.58300018310547,,3.0,5.0,1.6670000553131104,3.0,0.0,2.0,0.4545454680919647,0.0,0.0,2.0,2.0,2.0,11.0,5.5,0.0,6.0,0.0,1.0,0.0,0.0,9.0,1.0,4.0,5.0,9.0,0.0,0.0,0.0,0.0,0.0,0.0,0.0,0.0,2.0,0.0,0.0,2.0,0.0,0.0,0.0,12.0,1.090999960899353,,,,,,,,,,,,,,,,,,,,,,,,,,,,,,,,,,,,,,,,,,,2025,13.6,14.6,15.6
4383351,Trey Lance,4.0,,,0.0,27.0,57.0,47.36800003051758,226.0,3.9649999141693115,56.5,28.0,0.0,1.0,6.0,44.0,14.08,50.768001556396484,20.01,17.0,85.0,5.0,22.0,1.0,0.0,21.25,0.0,0.0,5.0,0.0,0.0,0.0,0.0,0.0,0.0,0.0,0.0,0.0,0.0,0.0,0.0,,,,,,,,,,,,,,,,,,,,,,,,,,,,,,,,,,,,,,,,,,,,,,,,,,,,,,,,,,,,,LAC,QB,2025,15.54,15.54,15.54
4428796,Casey Washington,7.0,,,0.0,0.0,0.0,0.0,0.0,0.0,0.0,0.0,0.0,0.0,0.0,0.0,,39.58300018310547,,0.0,0.0,0.0,0.0,0.0,0.0,0.0,0.0,0.0,0.0,6.0,14.0,94.0,15.666999816894531,0.0,25.0,1.0,13.428571701049805,0.0,0.0,12.0,6.0,,,,,,,,,,,,0.0,0.0,0.0,0.0,0.0,0.0,0.0,0.0,0.0,,,,,,,,,,,,,,,,,,,,,,,,,,,,,,,,,,,,,,,,,,,2025,9.4,12.4,15.4
4685247,Braelon Allen,4.0,,,0.0,0.0,0.0,0.0,0.0,0.0,0.0,0.0,0.0,0.0,0.0,0.0,,39.58300018310547,,18.0,76.0,4.2220001220703125,15.0,0.0,1.0,19.0,1.0,1.0,4.0,2.0,3.0,17.0,8.5,0.0,12.0,0.0,4.25,0.0,0.0,9.0,1.0,,,,,,,,,,,,1.0,0.0,0.0,1.0,0.0,0.0,0.0,6.0,1.5,4.0,100.0,25.0,31.0,0.0,0.0,0.0,0.0,0.0,0.0,0.0,,,,,,,,,,,,,,,,,,,,,,,,,,,,,,NYJ,RB,2025,13.299999999999999,14.299999999999999,15.299999999999999
4427600,Terrell Jennings,7.0,0.0,0.0,0.0,0.0,0.0,0.0,0.0,0.0,0.0,0.0,0.0,0.0,0.0,0.0,,39.58300018310547,,23.0,73.0,3.1740000247955322,11.0,0.0,1.0,10.428571701049805,0.0,0.0,8.0,1.0,1.0,9.0,9.0,0.0,9.0,0.0,1.2857142686843872,0.0,0.0,7.0,0.0,1.0,2.0,3.0,0.0,0.0,0.0,0.0,0.0,0.0,0.0,0.0,1.0,0.0,0.0,1.0,0.0,0.0,0.0,6.0,0.8569999933242798,2.0,59.0,29.5,39.0,0.0,0.0,0.0,0.0,0.0,0.0,0.0,,,,,,,,,,,,,,,,,,,,,,,,,,,,,,NE,RB,2025,14.200000000000001,14.700000000000001,15.200000000000001
3914397,Scotty Miller,13.0,,,0.0,0.0,0.0,0.0,0.0,0.0,0.0,0.0,0.0,0.0,0.0,0.0,,39.58300018310547,,0.0,0.0,0.0,0.0,0.0,0.0,0.0,0.0,0.0,0.0,9.0,14.0,62.0,6.888999938964844,0.0,15.0,0.0,4.769230842590332,0.0,0.0,31.0,4.0,,,,,,,,,,,,0.0,0.0,0.0,0.0,0.0,0.0,0.0,0.0,0.0,0.0,0.0,0.0,0.0,0.0,2.0,34.0,17.0,25.0,0.0,2.0,,,,,,,,,,,,,,,,,,,,,,,,,,,,,,CHI,WR,2025,6.2,10.7,15.2
4034704,Michael Bandy,4.0,,,0.0,0.0,0.0,0.0,0.0,0.0,0.0,0.0,0.0,0.0,0.0,0.0,,39.58300018310547,,0.0,0.0,0.0,0.0,0.0,0.0,0.0,0.0,0.0,0.0,4.0,4.0,50.0,12.5,1.0,20.0,1.0,12.5,0.0,0.0,26.0,3.0,,,,,,,,,,,,0.0,1.0,0.0,1.0,0.0,0.0,0.0,6.0,1.5,0.0,0.0,0.0,0.0,0.0,5.0,29.0,5.800000190734863,12.0,0.0,3.0,,,,,,,,,,,,,,,,,,,,,,,,,,,,,,DEN,WR,2025,11.0,13.0,15.0
5092436,Jude McAtamney,4.0,,,0.0,,,,,,,,,,,,,,,,,,,,,,,,,,,,,,,,,,,,,,,,,,,,,,,,0.0,0.0,0.0,0.0,2.0,9.0,0.0,15.0,3.75,,,,,,,,,,,,2.0,2.0,100.0,31.0,0.0,1.0,1.0,0.0,0.0,0.0,1.0,1.0,0.0,0.0,9.0,12.0,75.0,,,,,,,,,,,,,,,2025,15.0,15.0,15.0
4429835,George Holani,11.0,0.0,0.0,0.0,0.0,0.0,0.0,0.0,0.0,0.0,0.0,0.0,0.0,0.0,0.0,,39.58300018310547,,22.0,73.0,3.318000078201294,9.0,0.0,1.0,6.636363506317139,1.0,1.0,5.0,2.0,2.0,15.0,7.5,0.0,11.0,0.0,1.3636363744735718,0.0,0.0,16.0,1.0,1.0,2.0,3.0,0.0,0.0,0.0,0.0,0.0,0.0,0.0,0.0,1.0,0.0,0.0,1.0,0.0,0.0,0.0,6.0,0.5450000166893005,16.0,387.0,24.1875,34.0,0.0,0.0,0.0,0.0,0.0,0.0,0.0,,,,,,,,,,,,,,,,,,,,,,,,,,,,,,SEA,RB,2025,12.8,13.8,14.8
4430191,Skyy Moore,17.0,0.0,0.0,0.0,0.0,0.0,0.0,0.0,0.0,0.0,0.0,0.0,0.0,0.0,0.0,,39.58300018310547,,2.0,11.0,5.5,10.0,0.0,0.0,0.6470588445663452,0.0,0.0,1.0,5.0,7.0,87.0,17.399999618530273,0.0,23.0,2.0,5.117647171020508,0.0,0.0,29.0,5.0,0.0,0.0,0.0,0.0,0.0,0.0,0.0,0.0,0.0,0.0,0.0,,,,,,,,,,33.0,907.0,27.484848022460938,98.0,0.0,25.0,291.0,11.640000343322754,66.0,0.0,7.0,,,,,,,,,,,,,,,,,,,,,,,,,,,,,,GB,WR,2025,9.799999999999999,12.299999999999999,14.799999999999999
4689334,Malik Heath,11.0,0.0,0.0,0.0,0.0,0.0,0.0,0.0,0.0,0.0,0.0,0.0,0.0,0.0,0.0,,39.58300018310547,,0.0,0.0,0.0,0.0,0.0,0.0,0.0,0.0,0.0,0.0,6.0,7.0,86.0,14.333000183105469,0.0,37.0,1.0,7.818181991577148,0.0,0.0,29.0,4.0,1.0,0.0,1.0,0.0,0.0,0.0,0.0,0.0,0.0,0.0,0.0,0.0,0.0,0.0,0.0,0.0,0.0,0.0,0.0,0.0,,,,,,,,,,,,,,,,,,,,,,,,,,,,,,,,,,,,,,,,,,,2025,8.6,11.6,14.6
4360086,Josh Whyle,8.0,,,0.0,0.0,0.0,0.0,0.0,0.0,0.0,0.0,0.0,0.0,0.0,0.0,,39.58300018310547,,0.0,0.0,0.0,0.0,0.0,0.0,0.0,0.0,0.0,0.0,5.0,6.0,36.0,7.199999809265137,1.0,21.0,1.0,4.5,0.0,0.0,21.0,2.0,,,,,,,,,,,,0.0,1.0,0.0,1.0,0.0,0.0,0.0,6.0,0.75,,,,,,,,,,,,,,,,,,,,,,,,,,,,,,,,,,,,,,,,,GB,TE,2025,9.6,12.1,14.6
4241424,Tylan Wallace,14.0,0.0,0.0,0.0,0.0,0.0,0.0,0.0,0.0,0.0,0.0,0.0,0.0,0.0,0.0,,39.58300018310547,,0.0,0.0,0.0,0.0,0.0,0.0,0.0,0.0,0.0,0.0,4.0,8.0,45.0,11.25,1.0,15.0,0.0,3.2142856121063232,0.0,0.0,17.0,3.0,5.0,3.0,8.0,0.0,0.0,0.0,0.0,0.0,0.0,0.0,0.0,0.0,1.0,0.0,1.0,0.0,0.0,0.0,6.0,0.42899999022483826,5.0,123.0,24.600000381469727,33.0,0.0,0.0,0.0,0.0,0.0,0.0,0.0,,,,,,,,,,,,,,,,,,,,,,,,,,,,,,CLE,WR,2025,10.5,12.5,14.5
4877203,Gage Larvadain,13.0,0.0,0.0,0.0,0.0,0.0,0.0,0.0,0.0,0.0,0.0,0.0,0.0,0.0,0.0,0.19,39.58300018310547,0.28,1.0,3.0,3.0,3.0,0.0,0.0,0.23076923191547394,0.0,0.0,0.0,7.0,14.0,71.0,10.142999649047852,0.0,14.0,0.0,5.461538314819336,0.0,0.0,28.0,3.0,0.0,0.0,0.0,0.0,0.0,0.0,0.0,0.0,0.0,0.0,0.0,,,,,,,,,,0.0,0.0,0.0,0.0,0.0,24.0,167.0,6.958333492279053,44.0,0.0,21.0,,,,,,,,,,,,,,,,,,,,,,,,,,,,,,CLE,WR,2025,7.3999999999999995,10.899999999999999,14.399999999999999
3917668,Alec Ingold,17.0,0.0,0.0,3.0,0.0,0.0,0.0,0.0,0.0,0.0,0.0,0.0,0.0,0.0,0.0,,39.58300018310547,,2.0,9.0,4.5,6.0,0.0,0.0,0.529411792755127,0.0,0.0,1.0,8.0,11.0,52.0,6.5,0.0,22.0,1.0,3.058823585510254,0.0,0.0,45.0,4.0,0.0,0.0,0.0,0.0,0.0,0.0,0.0,0.0,0.0,0.0,0.0,0.0,0.0,0.0,0.0,0.0,0.0,0.0,0.0,0.0,,,,,,,,,,,,,,,,,,,,,,,,,,,,,,,,,,,,,,,,,LAC,FB,2025,6.1000000000000005,10.100000000000001,14.100000000000001
3728262,Ray-Ray McCloud III,6.0,0.0,0.0,0.0,0.0,0.0,0.0,0.0,0.0,0.0,0.0,0.0,0.0,0.0,0.0,,39.58300018310547,,0.0,0.0,0.0,0.0,0.0,0.0,0.0,0.0,0.0,0.0,7.0,15.0,69.0,9.857000350952148,0.0,24.0,1.0,11.5,0.0,0.0,51.0,4.0,1.0,0.0,1.0,0.0,0.0,0.0,0.0,0.0,0.0,0.0,0.0,0.0,0.0,0.0,0.0,0.0,0.0,0.0,0.0,0.0,4.0,91.0,22.75,30.0,0.0,2.0,0.0,0.0,0.0,0.0,2.0,,,,,,,,,,,,,,,,,,,,,,,,,,,,,,,,2025,6.9,10.4,13.9
4685201,Tanner McKee,4.0,,,0.0,24.0,43.0,55.81399917602539,274.0,6.372000217437744,68.5,31.0,1.0,1.0,3.0,14.0,35.57,73.20700073242188,26.01,8.0,8.0,1.0,9.0,0.0,0.0,2.0,0.0,0.0,1.0,0.0,0.0,0.0,0.0,0.0,0.0,0.0,0.0,0.0,0.0,0.0,0.0,,,,,,,,,,,,0.0,0.0,0.0,0.0,0.0,0.0,0.0,0.0,0.0,,,,,,,,,,,,,,,,,,,,,,,,,,,,,,,,,,,,,,,,,PHI,QB,2025,13.760000000000002,13.760000000000002,13.760000000000002
4685350,Trevor Etienne,17.0,0.0,0.0,0.0,0.0,0.0,0.0,0.0,0.0,0.0,0.0,0.0,0.0,0.0,0.0,,39.58300018310547,,20.0,94.0,4.699999809265137,22.0,1.0,0.0,5.529411792755127,0.0,0.0,6.0,3.0,3.0,13.0,4.333000183105469,0.0,7.0,0.0,0.7647058963775635,0.0,0.0,11.0,1.0,0.0,0.0,0.0,0.0,0.0,0.0,0.0,0.0,0.0,0.0,0.0,,,,,,,,,,31.0,733.0,23.645160675048828,45.0,0.0,20.0,163.0,8.149999618530273,16.0,0.0,6.0,,,,,,,,,,,,,,,,,,,,,,,,,,,,,,CAR,RB,2025,10.700000000000001,12.200000000000001,13.700000000000001
4428811,Xavier Weaver,10.0,,,0.0,0.0,0.0,0.0,0.0,0.0,0.0,0.0,0.0,0.0,0.0,0.0,,39.58300018310547,,0.0,0.0,0.0,0.0,0.0,0.0,0.0,0.0,0.0,0.0,7.0,13.0,67.0,9.571000099182129,0.0,23.0,1.0,6.699999809265137,0.0,0.0,20.0,2.0,,,,,,,,,,,,0.0,0.0,0.0,0.0,0.0,0.0,0.0,0.0,0.0,2.0,51.0,25.5,27.0,0.0,0.0,0.0,0.0,0.0,0.0,0.0,,,,,,,,,,,,,,,,,,,,,,,,,,,,,,ARI,WR,2025,6.7,10.2,13.7
4429105,Arian Smith,16.0,0.0,0.0,0.0,0.0,0.0,0.0,0.0,0.0,0.0,0.0,0.0,0.0,0.0,0.0,,39.58300018310547,,4.0,13.0,3.25,13.0,0.0,0.0,0.8125,0.0,0.0,1.0,7.0,16.0,52.0,7.428999900817871,0.0,23.0,1.0,3.25,0.0,0.0,33.0,4.0,3.0,0.0,3.0,0.0,0.0,0.0,0.0,0.0,0.0,0.0,0.0,0.0,0.0,0.0,0.0,0.0,0.0,0.0,0.0,0.0,2.0,49.0,24.5,31.0,0.0,0.0,0.0,0.0,0.0,0.0,0.0,,,,,,,,,,,,,,,,,,,,,,,,,,,,,,NYJ,WR,2025,6.5,10.0,13.5
3121409,Noah Brown,4.0,,,0.0,0.0,0.0,0.0,0.0,0.0,0.0,0.0,0.0,0.0,0.0,0.0,,39.58300018310547,,0.0,0.0,0.0,0.0,0.0,0.0,0.0,0.0,0.0,0.0,5.0,10.0,83.0,16.600000381469727,0.0,28.0,1.0,20.75,0.0,0.0,11.0,3.0,,,,,,,,,,,,,,,,,,,,,,,,,,,,,,,,,,,,,,,,,,,,,,,,,,,,,,,,,,,,,,,2025,8.3,10.8,13.3
3049698,Anthony Firkser,7.0,,,0.0,0.0,0.0,0.0,0.0,0.0,0.0,0.0,0.0,0.0,0.0,0.0,,39.58300018310547,,0.0,0.0,0.0,0.0,0.0,0.0,0.0,0.0,0.0,0.0,8.0,10.0,53.0,6.625,0.0,18.0,0.0,7.5714287757873535,0.0,0.0,12.0,4.0,,,,,,,,,,,,0.0,0.0,0.0,0.0,0.0,0.0,0.0,0.0,0.0,,,,,,,,,,,,,,,,,,,,,,,,,,,,,,,,,,,,,,,,,WSH,TE,2025,5.3,9.3,13.3
4044111,Chris Oladokun,3.0,0.0,0.0,0.0,35.0,55.0,63.63600158691406,235.0,4.2729997634887695,78.33333587646484,31.0,1.0,0.0,8.0,93.0,13.36,78.97699737548828,14.94,5.0,18.0,3.5999999046325684,7.0,0.0,0.0,6.0,2.0,1.0,0.0,0.0,0.0,0.0,0.0,0.0,0.0,0.0,0.0,0.0,0.0,0.0,0.0,0.0,0.0,0.0,0.0,0.0,0.0,0.0,0.0,0.0,0.0,0.0,0.0,0.0,0.0,0.0,0.0,0.0,0.0,0.0,0.0,,,,,,,,,,,,,,,,,,,,,,,,,,,,,,,,,,,,,,,,,KC,QB,2025,13.200000000000001,13.200000000000001,13.200000000000001
3068267,Austin Ekeler,2.0,,,0.0,0.0,0.0,0.0,0.0,0.0,0.0,0.0,0.0,0.0,0.0,0.0,,39.58300018310547,,14.0,43.0,3.071000099182129,6.0,0.0,0.0,21.5,0.0,0.0,3.0,5.0,7.0,38.0,7.599999904632568,0.0,15.0,0.0,19.0,0.0,0.0,49.0,2.0,,,,,,,,,,,,,,,,,,,,,,,,,,,,,,,,,,,,,,,,,,,,,,,,,,,,,,,,,,,,,,,2025,8.1,10.6,13.1
4360978,David Martin-Robinson,17.0,0.0,0.0,0.0,0.0,0.0,0.0,0.0,0.0,0.0,0.0,0.0,0.0,0.0,0.0,,39.58300018310547,,0.0,0.0,0.0,0.0,0.0,0.0,0.0,0.0,0.0,0.0,4.0,6.0,30.0,7.5,1.0,14.0,0.0,1.7647058963775635,0.0,0.0,16.0,3.0,5.0,5.0,10.0,0.0,0.0,0.0,0.0,0.0,0.0,0.0,0.0,0.0,1.0,0.0,1.0,0.0,0.0,0.0,6.0,0.3529999852180481,,,,,,,,,,,,,,,,,,,,,,,,,,,,,,,,,,,,,,,,,TEN,TE,2025,9.0,11.0,13.0
3843945,Foster Moreau,11.0,,,0.0,0.0,0.0,0.0,0.0,0.0,0.0,0.0,0.0,0.0,0.0,0.0,,39.58300018310547,,0.0,0.0,0.0,0.0,0.0,0.0,0.0,0.0,0.0,0.0,7.0,10.0,59.0,8.428999900817871,0.0,16.0,0.0,5.363636493682861,0.0,0.0,44.0,2.0,,,,,,,,,,,,0.0,0.0,0.0,0.0,0.0,0.0,0.0,0.0,0.0,,,,,,,,,,,,,,,,,,,,,,,,,,,,,,,,,,,,,,,,,HOU,TE,2025,5.9,9.4,12.9
4035020,Charlie Woerner,17.0,0.0,0.0,0.0,0.0,0.0,0.0,0.0,0.0,0.0,0.0,0.0,0.0,0.0,0.0,,39.58300018310547,,0.0,0.0,0.0,0.0,0.0,0.0,0.0,0.0,0.0,0.0,8.0,9.0,48.0,6.0,0.0,18.0,0.0,2.8235294818878174,0.0,0.0,35.0,2.0,1.0,2.0,3.0,0.0,0.0,0.0,0.0,0.0,0.0,0.0,0.0,0.0,0.0,0.0,0.0,0.0,0.0,0.0,0.0,0.0,,,,,,,,,,,,,,,,,,,,,,,,,,,,,,,,,,,,,,,,,ATL,TE,2025,4.8,8.8,12.8
4722908,Drew Ogletree,15.0,0.0,0.0,0.0,0.0,0.0,0.0,0.0,0.0,0.0,0.0,0.0,0.0,0.0,0.0,,39.58300018310547,,0.0,0.0,0.0,0.0,0.0,0.0,0.0,0.0,0.0,0.0,4.0,6.0,27.0,6.75,1.0,11.0,0.0,1.7999999523162842,0.0,0.0,9.0,2.0,5.0,6.0,11.0,0.0,0.0,0.0,0.0,0.0,0.0,0.0,0.0,0.0,1.0,0.0,1.0,0.0,0.0,0.0,6.0,0.4000000059604645,,,,,,,,,,,,,,,,,,,,,,,,,,,,,,,,,,,,,,,,,IND,TE,2025,8.7,10.7,12.7
3916204,James Proche II,9.0,,,0.0,0.0,0.0,0.0,0.0,0.0,0.0,0.0,0.0,0.0,0.0,0.0,,39.58300018310547,,0.0,0.0,0.0,0.0,0.0,0.0,0.0,0.0,0.0,0.0,6.0,12.0,65.0,10.833000183105469,0.0,23.0,1.0,7.222222328186035,0.0,0.0,2.0,2.0,,,,,,,,,,,,0.0,0.0,0.0,0.0,0.0,0.0,0.0,0.0,0.0,,,,,,,,,,,,,,,,,,,,,,,,,,,,,,,,,,,,,,,,,,,2025,6.5,9.5,12.5
4250764,Stone Smartt,15.0,0.0,0.0,0.0,0.0,0.0,0.0,0.0,0.0,0.0,0.0,0.0,0.0,0.0,0.0,,39.58300018310547,,0.0,0.0,0.0,0.0,0.0,0.0,0.0,0.0,0.0,0.0,7.0,9.0,52.0,7.428999900817871,0.0,17.0,0.0,3.4666666984558105,0.0,0.0,27.0,3.0,4.0,0.0,4.0,0.0,0.0,0.0,0.0,0.0,0.0,0.0,0.0,0.0,0.0,0.0,0.0,0.0,0.0,0.0,0.0,0.0,,,,,,,,,,,,,,,,,,,,,,,,,,,,,,,,,,,,,,,,,PHI,TE,2025,5.2,8.7,12.2
4241457,Najee Harris,3.0,,,0.0,0.0,0.0,0.0,0.0,0.0,0.0,0.0,0.0,0.0,0.0,0.0,,39.58300018310547,,15.0,61.0,4.066999912261963,7.0,0.0,0.0,20.33333396911621,0.0,0.0,3.0,3.0,3.0,25.0,8.333000183105469,0.0,11.0,0.0,8.333333015441895,0.0,0.0,15.0,1.0,,,,,,,,,,,,,,,,,,,,,,,,,,,,,,,,,,,,,,,,,,,,,,,,,,,,,,,,,,,,,,,2025,8.6,10.1,11.6
14012,Andy Dalton,4.0,0.0,0.0,0.0,25.0,37.0,67.56800079345703,293.0,7.919000148773193,73.25,33.0,1.0,1.0,8.0,54.0,13.01,89.13300323486328,13.09,5.0,-2.0,-0.4000000059604645,1.0,0.0,0.0,-0.5,1.0,1.0,0.0,0.0,0.0,0.0,0.0,0.0,0.0,0.0,0.0,0.0,0.0,0.0,0.0,0.0,1.0,1.0,0.0,0.0,0.0,0.0,0.0,0.0,0.0,0.0,0.0,0.0,0.0,0.0,0.0,0.0,0.0,0.0,0.0,,,,,,,,,,,,,,,,,,,,,,,,,,,,,,,,,,,,,,,,,PHI,QB,2025,11.520000000000001,11.520000000000001,11.520000000000001
4369466,Ryan Miller,13.0,0.0,1.0,0.0,0.0,0.0,0.0,0.0,0.0,0.0,0.0,0.0,0.0,0.0,0.0,,39.58300018310547,,0.0,0.0,0.0,0.0,0.0,0.0,0.0,0.0,0.0,0.0,2.0,4.0,34.0,17.0,1.0,20.0,1.0,2.615384578704834,0.0,0.0,0.0,1.0,7.0,1.0,8.0,0.0,0.0,0.0,0.0,0.0,0.0,0.0,0.0,0.0,1.0,0.0,1.0,0.0,0.0,0.0,6.0,0.4620000123977661,,,,,,,,,,,,,,,,,,,,,,,,,,,,,,,,,,,,,,,,,NYG,WR,2025,9.4,10.4,11.4
4363551,Dylan Drummond,9.0,,,0.0,0.0,0.0,0.0,0.0,0.0,0.0,0.0,0.0,0.0,0.0,0.0,,39.58300018310547,,0.0,0.0,0.0,0.0,0.0,0.0,0.0,0.0,0.0,0.0,7.0,11.0,42.0,6.0,0.0,15.0,0.0,4.666666507720947,0.0,0.0,14.0,2.0,,,,,,,,,,,,0.0,0.0,0.0,0.0,0.0,0.0,0.0,0.0,0.0,4.0,110.0,27.5,32.0,0.0,0.0,0.0,0.0,0.0,0.0,0.0,,,,,,,,,,,,,,,,,,,,,,,,,,,,,,ATL,WR,2025,4.2,7.7,11.2
4373684,Scott Matlock,16.0,0.0,0.0,0.0,0.0,0.0,0.0,0.0,0.0,0.0,0.0,0.0,0.0,0.0,0.0,,39.58300018310547,,0.0,0.0,0.0,0.0,0.0,0.0,0.0,0.0,0.0,0.0,4.0,4.0,12.0,3.0,1.0,5.0,0.0,0.75,0.0,0.0,12.0,1.0,0.0,0.0,0.0,0.0,0.0,0.0,0.0,0.0,0.0,0.0,0.0,0.0,1.0,0.0,1.0,0.0,0.0,0.0,6.0,0.375,,,,,,,,,,,,,,,,,,,,,,,,,,,,,,,,,,,,,,,,,LAC,FB,2025,7.2,9.2,11.2
3914151,Josiah Deguara,12.0,0.0,0.0,0.0,0.0,0.0,0.0,0.0,0.0,0.0,0.0,0.0,0.0,0.0,0.0,,39.58300018310547,,0.0,0.0,0.0,0.0,0.0,0.0,0.0,0.0,0.0,0.0,3.0,5.0,21.0,7.0,1.0,8.0,0.0,1.75,0.0,0.0,5.0,2.0,1.0,2.0,3.0,0.0,0.0,0.0,0.0,0.0,0.0,0.0,0.0,0.0,1.0,0.0,1.0,0.0,0.0,0.0,6.0,0.5,,,,,,,,,,,,,,,,,,,,,,,,,,,,,,,,,,,,,,,,,,,2025,8.1,9.6,11.1
4039160,Kylen Granson,17.0,0.0,0.0,0.0,0.0,0.0,0.0,0.0,0.0,0.0,0.0,0.0,0.0,0.0,0.0,,39.58300018310547,,0.0,0.0,0.0,0.0,0.0,0.0,0.0,0.0,0.0,0.0,7.0,9.0,40.0,5.714000225067139,0.0,12.0,0.0,2.3529412746429443,0.0,0.0,13.0,3.0,10.0,9.0,19.0,0.0,0.0,0.0,0.0,0.0,0.0,0.0,0.0,0.0,0.0,0.0,0.0,0.0,0.0,0.0,0.0,0.0,,,,,,,,,,,,,,,,,,,,,,,,,,,,,,,,,,,,,,,,,TEN,TE,2025,4.0,7.5,11.0
4431562,Phil Mafah,1.0,,,0.0,0.0,0.0,0.0,0.0,0.0,0.0,0.0,0.0,0.0,0.0,0.0,,39.58300018310547,,5.0,18.0,3.5999999046325684,8.0,0.0,1.0,18.0,0.0,0.0,2.0,2.0,2.0,11.0,5.5,0.0,10.0,0.0,11.0,0.0,0.0,22.0,1.0,,,,,,,,,,,,1.0,0.0,0.0,1.0,0.0,0.0,0.0,6.0,6.0,,,,,,,,,,,,,,,,,,,,,,,,,,,,,,,,,,,,,,,,,DAL,RB,2025,8.9,9.9,10.9
4360698,Joe Milton III,4.0,,,0.0,15.0,24.0,62.5,183.0,7.625,45.75,35.0,1.0,2.0,0.0,0.0,54.45,65.10399627685547,52.79,5.0,50.0,10.0,23.0,1.0,0.0,12.5,1.0,1.0,1.0,0.0,0.0,0.0,0.0,0.0,0.0,0.0,0.0,0.0,0.0,0.0,0.0,,,,,,,,,,,,0.0,0.0,0.0,0.0,0.0,0.0,0.0,0.0,0.0,,,,,,,,,,,,,,,,,,,,,,,,,,,,,,,,,,,,,,,,,DAL,QB,2025,10.32,10.32,10.32
2574808,Robbie Chosen,3.0,,,0.0,0.0,0.0,0.0,0.0,0.0,0.0,0.0,0.0,0.0,0.0,0.0,,39.58300018310547,,0.0,0.0,0.0,0.0,0.0,0.0,0.0,0.0,0.0,0.0,5.0,9.0,53.0,10.600000381469727,0.0,17.0,0.0,17.66666603088379,0.0,0.0,5.0,2.0,,,,,,,,,,,,,,,,,,,,,,,,,,,,,,,,,,,,,,,,,,,,,,,,,,,,,,,,,,,,,,,2025,5.3,7.8,10.3
4372063,Ronnie Bell,2.0,0.0,0.0,0.0,0.0,0.0,0.0,0.0,0.0,0.0,0.0,0.0,0.0,0.0,0.0,,39.58300018310547,,0.0,0.0,0.0,0.0,0.0,0.0,0.0,0.0,0.0,0.0,2.0,4.0,23.0,11.5,1.0,16.0,0.0,11.5,0.0,0.0,1.0,1.0,0.0,1.0,1.0,0.0,0.0,0.0,0.0,0.0,0.0,0.0,0.0,0.0,1.0,0.0,1.0,0.0,0.0,0.0,6.0,3.0,,,,,,,,,,,,,,,,,,,,,,,,,,,,,,,,,,,,,,,,,NO,WR,2025,8.3,9.3,10.3
4372071,Hassan Haskins,12.0,0.0,0.0,0.0,0.0,0.0,0.0,0.0,0.0,0.0,0.0,0.0,0.0,0.0,0.0,,39.58300018310547,,17.0,47.0,2.765000104904175,10.0,0.0,0.0,3.9166667461395264,0.0,0.0,4.0,4.0,4.0,13.0,3.25,0.0,9.0,0.0,1.0833333730697632,0.0,0.0,16.0,0.0,5.0,6.0,11.0,0.0,0.0,0.0,0.0,0.0,0.0,0.0,0.0,0.0,0.0,0.0,0.0,0.0,0.0,0.0,0.0,0.0,8.0,197.0,24.625,29.0,0.0,0.0,0.0,0.0,0.0,0.0,0.0,,,,,,,,,,,,,,,,,,,,,,,,,,,,,,,,2025,6.0,8.0,10.0
4036032,Brittain Brown,3.0,0.0,0.0,0.0,0.0,0.0,0.0,0.0,0.0,0.0,0.0,0.0,0.0,0.0,0.0,,39.58300018310547,,5.0,37.0,7.400000095367432,22.0,1.0,1.0,12.333333015441895,0.0,0.0,2.0,0.0,1.0,0.0,0.0,0.0,0.0,0.0,0.0,0.0,0.0,0.0,0.0,0.0,1.0,1.0,0.0,0.0,0.0,0.0,0.0,0.0,0.0,0.0,1.0,0.0,0.0,1.0,0.0,0.0,0.0,6.0,2.0,1.0,23.0,23.0,23.0,0.0,0.0,0.0,0.0,0.0,0.0,0.0,,,,,,,,,,,,,,,,,,,,,,,,,,,,,,CHI,RB,2025,9.7,9.7,9.7
3123075,Braxton Berrios,4.0,,,0.0,0.0,0.0,0.0,0.0,0.0,0.0,0.0,0.0,0.0,0.0,0.0,,39.58300018310547,,0.0,0.0,0.0,0.0,0.0,0.0,0.0,0.0,0.0,0.0,6.0,8.0,37.0,6.166999816894531,0.0,14.0,0.0,9.25,0.0,0.0,18.0,3.0,,,,,,,,,,,,,,,,,,,,,3.0,81.0,27.0,32.0,0.0,3.0,25.0,8.333333015441895,10.0,0.0,0.0,,,,,,,,,,,,,,,,,,,,,,,,,,,,,,NYG,WR,2025,3.7,6.7,9.7
4361777,Zamir White,6.0,,,0.0,0.0,0.0,0.0,0.0,0.0,0.0,0.0,0.0,0.0,0.0,0.0,,39.58300018310547,,12.0,32.0,2.6670000553131104,9.0,0.0,0.0,5.333333492279053,0.0,0.0,1.0,4.0,6.0,24.0,6.0,0.0,9.0,0.0,4.0,0.0,0.0,24.0,0.0,,,,,,,,,,,,0.0,0.0,0.0,0.0,0.0,0.0,0.0,0.0,0.0,11.0,294.0,26.727272033691406,34.0,0.0,0.0,0.0,0.0,0.0,0.0,0.0,,,,,,,,,,,,,,,,,,,,,,,,,,,,,,,,2025,5.6,7.6,9.6
4874509,DJ Giddens,9.0,,,0.0,0.0,0.0,0.0,0.0,0.0,0.0,0.0,0.0,0.0,0.0,0.0,,39.58300018310547,,26.0,96.0,3.691999912261963,12.0,0.0,0.0,10.666666984558105,0.0,0.0,5.0,0.0,2.0,0.0,0.0,0.0,0.0,0.0,0.0,0.0,0.0,0.0,0.0,,,,,,,,,,,,0.0,0.0,0.0,0.0,0.0,0.0,0.0,0.0,0.0,,,,,,,,,,,,,,,,,,,,,,,,,,,,,,,,,,,,,,,,,IND,RB,2025,9.6,9.6,9.6
4036335,Cedrick Wilson Jr.,10.0,,,0.0,0.0,0.0,0.0,0.0,0.0,0.0,0.0,0.0,0.0,0.0,0.0,,39.58300018310547,,0.0,0.0,0.0,0.0,0.0,0.0,0.0,0.0,0.0,0.0,5.0,9.0,44.0,8.800000190734863,0.0,16.0,0.0,4.400000095367432,0.0,0.0,25.0,3.0,,,,,,,,,,,,0.0,0.0,0.0,0.0,0.0,0.0,0.0,0.0,0.0,,,,,,,,,,,,,,,,,,,,,,,,,,,,,,,,,,,,,,,,,DET,WR,2025,4.4,6.9,9.4
4431431,Corey Kiner,4.0,,,0.0,0.0,0.0,0.0,0.0,0.0,0.0,0.0,0.0,0.0,0.0,0.0,,39.58300018310547,,12.0,58.0,4.833000183105469,9.0,0.0,0.0,14.5,0.0,0.0,4.0,2.0,3.0,15.0,7.5,0.0,11.0,0.0,3.75,0.0,0.0,6.0,1.0,,,,,,,,,,,,,,,,,,,,,1.0,22.0,22.0,22.0,0.0,0.0,0.0,0.0,0.0,0.0,0.0,,,,,,,,,,,,,,,,,,,,,,,,,,,,,,ARI,RB,2025,7.3,8.3,9.3
4239934,AJ Dillon,7.0,0.0,0.0,0.0,0.0,0.0,0.0,0.0,0.0,0.0,0.0,0.0,0.0,0.0,0.0,,39.58300018310547,,12.0,60.0,5.0,11.0,0.0,0.0,8.571428298950195,0.0,0.0,4.0,3.0,3.0,21.0,7.0,0.0,11.0,0.0,3.0,1.0,1.0,9.0,0.0,1.0,0.0,1.0,0.0,0.0,0.0,0.0,0.0,0.0,0.0,0.0,0.0,0.0,0.0,0.0,0.0,0.0,0.0,0.0,0.0,2.0,25.0,12.5,25.0,0.0,0.0,0.0,0.0,0.0,0.0,0.0,,,,,,,,,,,,,,,,,,,,,,,,,,,,,,CAR,RB,2025,6.1,7.6,9.1
4242431,Ty Chandler,3.0,0.0,0.0,0.0,0.0,0.0,0.0,0.0,0.0,0.0,0.0,0.0,0.0,0.0,0.0,5.03,39.58300018310547,4.78,17.0,47.0,2.765000104904175,5.0,0.0,0.0,15.666666984558105,0.0,0.0,1.0,3.0,4.0,11.0,3.6670000553131104,0.0,11.0,0.0,3.6666667461395264,0.0,0.0,27.0,1.0,0.0,1.0,1.0,0.0,0.0,0.0,0.0,0.0,0.0,0.0,0.0,,,,,,,,,,3.0,84.0,28.0,33.0,0.0,0.0,0.0,0.0,0.0,0.0,0.0,,,,,,,,,,,,,,,,,,,,,,,,,,,,,,NO,RB,2025,5.800000000000001,7.300000000000001,8.8
4362603,Brenden Bates,9.0,0.0,0.0,0.0,0.0,0.0,0.0,0.0,0.0,0.0,0.0,0.0,0.0,0.0,0.0,,39.58300018310547,,0.0,0.0,0.0,0.0,0.0,0.0,0.0,0.0,0.0,0.0,4.0,5.0,48.0,12.0,0.0,19.0,0.0,5.333333492279053,0.0,0.0,10.0,3.0,1.0,0.0,1.0,0.0,0.0,0.0,0.0,0.0,0.0,0.0,0.0,0.0,0.0,0.0,0.0,0.0,0.0,0.0,0.0,0.0,,,,,,,,,,,,,,,,,,,,,,,,,,,,,,,,,,,,,,,,,CLE,TE,2025,4.8,6.8,8.8
4819231,Kaleb Johnson,10.0,,,0.0,0.0,0.0,0.0,0.0,0.0,0.0,0.0,0.0,0.0,0.0,0.0,,39.58300018310547,,28.0,69.0,2.4639999866485596,9.0,0.0,0.0,6.900000095367432,0.0,0.0,2.0,1.0,2.0,9.0,9.0,0.0,9.0,0.0,0.8999999761581421,0.0,0.0,14.0,0.0,,,,,,,,,,,,,,,,,,,,,8.0,190.0,23.75,29.0,0.0,0.0,0.0,0.0,0.0,0.0,0.0,,,,,,,,,,,,,,,,,,,,,,,,,,,,,,PIT,RB,2025,7.800000000000001,8.3,8.8
4035115,Albert Okwuegbunam Jr.,1.0,,,0.0,0.0,0.0,0.0,0.0,0.0,0.0,0.0,0.0,0.0,0.0,0.0,,39.58300018310547,,0.0,0.0,0.0,0.0,0.0,0.0,0.0,0.0,0.0,0.0,5.0,6.0,36.0,7.199999809265137,0.0,16.0,0.0,36.0,0.0,0.0,34.0,2.0,,,,,,,,,,,,,,,,,,,,,,,,,,,,,,,,,,,,,,,,,,,,,,,,,,,,,,,,,,,,,LV,TE,2025,3.6,6.1,8.6
4692590,Jalin Hyatt,8.0,0.0,0.0,0.0,0.0,0.0,0.0,0.0,0.0,0.0,0.0,0.0,0.0,0.0,0.0,,39.58300018310547,,0.0,0.0,0.0,0.0,0.0,0.0,0.0,0.0,0.0,0.0,5.0,14.0,35.0,7.0,0.0,14.0,0.0,4.375,0.0,0.0,2.0,2.0,2.0,0.0,2.0,0.0,0.0,0.0,0.0,0.0,0.0,0.0,0.0,0.0,0.0,0.0,0.0,0.0,0.0,0.0,0.0,0.0,4.0,111.0,27.75,33.0,0.0,0.0,0.0,0.0,0.0,0.0,0.0,,,,,,,,,,,,,,,,,,,,,,,,,,,,,,NYG,WR,2025,3.5,6.0,8.5
4692835,Jalen Brooks,6.0,0.0,0.0,0.0,0.0,0.0,0.0,0.0,0.0,0.0,0.0,0.0,0.0,0.0,0.0,,39.58300018310547,,0.0,0.0,0.0,0.0,0.0,0.0,0.0,0.0,0.0,0.0,3.0,6.0,51.0,17.0,0.0,20.0,1.0,8.5,0.0,0.0,19.0,3.0,2.0,1.0,3.0,0.0,0.0,0.0,0.0,0.0,0.0,0.0,0.0,0.0,0.0,0.0,0.0,0.0,0.0,0.0,0.0,0.0,10.0,254.0,25.399999618530273,33.0,0.0,0.0,0.0,0.0,0.0,0.0,0.0,,,,,,,,,,,,,,,,,,,,,,,,,,,,,,ARI,WR,2025,5.1,6.6,8.1
4373273,British Brooks,15.0,0.0,0.0,0.0,0.0,0.0,0.0,0.0,0.0,0.0,0.0,0.0,0.0,0.0,0.0,,39.58300018310547,,17.0,78.0,4.5879998207092285,20.0,1.0,0.0,5.199999809265137,0.0,0.0,5.0,0.0,0.0,0.0,0.0,0.0,0.0,0.0,0.0,0.0,0.0,0.0,0.0,6.0,4.0,10.0,0.0,0.0,0.0,0.0,0.0,0.0,0.0,0.0,0.0,0.0,0.0,0.0,0.0,0.0,0.0,0.0,0.0,,,,,,,,,,,,,,,,,,,,,,,,,,,,,,,,,,,,,,,,,HOU,RB,2025,7.8,7.8,7.8
4240703,Kenny Pickett,6.0,,,-2.0,28.0,45.0,62.22200012207031,188.0,4.177999973297119,31.33333396911621,26.0,1.0,2.0,8.0,54.0,2.79,60.23099899291992,3.35,5.0,22.0,4.400000095367432,9.0,0.0,0.0,3.6666667461395264,1.0,1.0,3.0,0.0,0.0,0.0,0.0,0.0,0.0,0.0,0.0,0.0,0.0,0.0,0.0,,,,,,,,,,,,0.0,0.0,0.0,0.0,0.0,0.0,0.0,0.0,0.0,,,,,,,,,,,,,,,,,,,,,,,,,,,,,,,,,,,,,,,,,CAR,QB,2025,7.719999999999999,7.719999999999999,7.719999999999999
4361112,Devin Culp,13.0,0.0,0.0,0.0,0.0,0.0,0.0,0.0,0.0,0.0,0.0,0.0,0.0,0.0,0.0,,39.58300018310547,,0.0,0.0,0.0,0.0,0.0,0.0,0.0,0.0,0.0,0.0,1.0,1.0,6.0,6.0,1.0,6.0,0.0,0.4615384638309479,0.0,0.0,0.0,1.0,1.0,0.0,1.0,0.0,0.0,0.0,0.0,0.0,0.0,0.0,0.0,0.0,1.0,0.0,1.0,0.0,0.0,0.0,6.0,0.4620000123977661,,,,,,,,,,,,,,,,,,,,,,,,,,,,,,,,,,,,,,,,,TB,TE,2025,6.6,7.1,7.6
3126997,Tom Kennedy,6.0,,,0.0,0.0,0.0,0.0,0.0,0.0,0.0,0.0,0.0,0.0,0.0,0.0,,39.58300018310547,,0.0,0.0,0.0,0.0,0.0,0.0,0.0,0.0,0.0,0.0,4.0,4.0,36.0,9.0,0.0,23.0,1.0,6.0,0.0,0.0,4.0,2.0,,,,,,,,,,,,,,,,,,,,,16.0,447.0,27.9375,42.0,0.0,3.0,50.0,16.66666603088379,21.0,0.0,0.0,,,,,,,,,,,,,,,,,,,,,,,,,,,,,,DET,WR,2025,3.6,5.6,7.6
4244856,Austin Trammell,6.0,0.0,0.0,0.0,0.0,0.0,0.0,0.0,0.0,0.0,0.0,0.0,0.0,0.0,0.0,,39.58300018310547,,0.0,0.0,0.0,0.0,0.0,0.0,0.0,0.0,0.0,0.0,3.0,10.0,46.0,15.333000183105469,0.0,18.0,0.0,7.666666507720947,0.0,0.0,2.0,2.0,2.0,0.0,2.0,0.0,0.0,0.0,0.0,0.0,0.0,0.0,0.0,,,,,,,,,,1.0,54.0,54.0,54.0,0.0,1.0,15.0,15.0,15.0,0.0,2.0,,,,,,,,,,,,,,,,,,,,,,,,,,,,,,JAX,WR,2025,4.6,6.1,7.6
4688552,Keleki Latu,5.0,0.0,0.0,0.0,0.0,0.0,0.0,0.0,0.0,0.0,0.0,0.0,0.0,0.0,0.0,,39.58300018310547,,0.0,0.0,0.0,0.0,0.0,0.0,0.0,0.0,0.0,0.0,4.0,4.0,35.0,8.75,0.0,14.0,0.0,7.0,0.0,0.0,23.0,3.0,1.0,2.0,3.0,0.0,0.0,0.0,0.0,0.0,0.0,0.0,0.0,0.0,0.0,0.0,0.0,0.0,0.0,0.0,0.0,0.0,,,,,,,,,,,,,,,,,,,,,,,,,,,,,,,,,,,,,,,,,BUF,TE,2025,3.5,5.5,7.5
4240589,Tristan Wirfs,12.0,0.0,0.0,0.0,0.0,0.0,0.0,0.0,0.0,0.0,0.0,0.0,0.0,0.0,0.0,,39.58300018310547,,0.0,0.0,0.0,0.0,0.0,0.0,0.0,0.0,0.0,0.0,1.0,1.0,2.0,2.0,1.0,2.0,0.0,0.1666666716337204,0.0,0.0,1.0,1.0,0.0,0.0,0.0,0.0,0.0,0.0,0.0,0.0,0.0,0.0,0.0,0.0,1.0,0.0,1.0,0.0,0.0,0.0,6.0,0.5,,,,,,,,,,,,,,,,,,,,,,,,,,,,,,,,,,,,,,,,,TB,OT,2025,6.2,6.7,7.2
4240021,Cam Akers,6.0,,,0.0,1.0,1.0,100.0,32.0,32.0,5.333333492279053,32.0,1.0,0.0,0.0,0.0,99.98,158.33299255371094,99.98,5.0,19.0,3.799999952316284,14.0,0.0,0.0,3.1666667461395264,0.0,0.0,1.0,0.0,1.0,0.0,0.0,0.0,0.0,0.0,0.0,0.0,0.0,0.0,0.0,,,,,,,,,,,,0.0,0.0,0.0,0.0,0.0,0.0,0.0,0.0,0.0,2.0,54.0,27.0,29.0,0.0,0.0,0.0,0.0,0.0,0.0,0.0,,,,,,,,,,,,,,,,,,,,,,,,,,,,,,,,2025,7.18,7.18,7.18
4035369,Jeffery Simmons,15.0,3.0,0.0,0.0,0.0,0.0,0.0,0.0,0.0,0.0,0.0,0.0,0.0,0.0,0.0,,39.58300018310547,,0.0,0.0,0.0,0.0,0.0,0.0,0.0,0.0,0.0,0.0,1.0,1.0,1.0,1.0,1.0,1.0,0.0,0.06666667014360428,0.0,0.0,0.0,1.0,39.0,28.0,67.0,11.0,79.0,17.0,3.0,0.0,0.0,0.0,0.0,0.0,1.0,0.0,1.0,0.0,0.0,0.0,6.0,0.4000000059604645,,,,,,,,,,,,,,,,,,,,,,,,,,,,,,,,,,,,,,,,,TEN,DT,2025,6.1,6.6,7.1
2975863,Eric Saubert,11.0,0.0,0.0,0.0,0.0,0.0,0.0,0.0,0.0,0.0,0.0,0.0,0.0,0.0,0.0,,39.58300018310547,,0.0,0.0,0.0,0.0,0.0,0.0,0.0,0.0,0.0,0.0,4.0,7.0,31.0,7.75,0.0,12.0,0.0,2.8181817531585693,0.0,0.0,16.0,2.0,5.0,4.0,9.0,0.0,0.0,0.0,0.0,0.0,0.0,0.0,0.0,0.0,0.0,0.0,0.0,0.0,0.0,1.0,2.0,0.18199999630451202,,,,,,,,,,,,,,,,,,,,,,,,,,,,,,,,,,,,,,,,,SEA,TE,2025,3.1,5.1,7.1
4431353,Xavier Restrepo,2.0,,,0.0,0.0,0.0,0.0,0.0,0.0,0.0,0.0,0.0,0.0,0.0,0.0,,39.58300018310547,,0.0,0.0,0.0,0.0,0.0,0.0,0.0,0.0,0.0,0.0,3.0,7.0,41.0,13.666999816894531,0.0,15.0,0.0,20.5,0.0,0.0,9.0,3.0,,,,,,,,,,,,,,,,,,,,,,,,,,,,,,,,,,,,,,,,,,,,,,,,,,,,,,,,,,,,,TEN,WR,2025,4.1,5.6,7.1
4057082,Mason Kinsey,10.0,0.0,0.0,0.0,0.0,0.0,0.0,0.0,0.0,0.0,0.0,0.0,0.0,0.0,0.0,,39.58300018310547,,0.0,0.0,0.0,0.0,0.0,0.0,0.0,0.0,0.0,0.0,2.0,4.0,48.0,24.0,0.0,34.0,1.0,4.800000190734863,0.0,0.0,3.0,2.0,4.0,1.0,5.0,0.0,0.0,0.0,0.0,0.0,0.0,0.0,0.0,0.0,0.0,0.0,0.0,0.0,0.0,0.0,0.0,0.0,0.0,0.0,0.0,0.0,0.0,1.0,1.0,1.0,1.0,0.0,0.0,,,,,,,,,,,,,,,,,,,,,,,,,,,,,,TEN,WR,2025,4.8,5.8,6.8
4401805,Dareke Young,9.0,0.0,0.0,0.0,0.0,0.0,0.0,0.0,0.0,0.0,0.0,0.0,0.0,0.0,0.0,,39.58300018310547,,0.0,0.0,0.0,0.0,0.0,0.0,0.0,0.0,0.0,0.0,2.0,3.0,48.0,24.0,0.0,36.0,1.0,5.333333492279053,0.0,0.0,0.0,2.0,7.0,2.0,9.0,0.0,0.0,0.0,0.0,0.0,0.0,0.0,0.0,0.0,0.0,0.0,0.0,0.0,0.0,0.0,0.0,0.0,10.0,322.0,32.20000076293945,60.0,0.0,0.0,0.0,0.0,0.0,0.0,0.0,,,,,,,,,,,,,,,,,,,,,,,,,,,,,,LV,WR,2025,4.8,5.8,6.8
4035886,Khalil Herbert,7.0,0.0,0.0,0.0,0.0,0.0,0.0,0.0,0.0,0.0,0.0,0.0,0.0,0.0,0.0,,39.58300018310547,,16.0,52.0,3.25,7.0,0.0,0.0,7.4285712242126465,0.0,0.0,2.0,1.0,4.0,4.0,4.0,0.0,4.0,0.0,0.5714285969734192,0.0,0.0,9.0,0.0,1.0,1.0,2.0,0.0,0.0,0.0,0.0,0.0,0.0,0.0,0.0,0.0,0.0,0.0,0.0,0.0,0.0,0.0,0.0,0.0,1.0,22.0,22.0,22.0,0.0,0.0,0.0,0.0,0.0,0.0,0.0,,,,,,,,,,,,,,,,,,,,,,,,,,,,,,,,2025,5.6000000000000005,6.1000000000000005,6.6000000000000005
3052897,Durham Smythe,17.0,0.0,0.0,0.0,0.0,0.0,0.0,0.0,0.0,0.0,0.0,0.0,0.0,0.0,0.0,,39.58300018310547,,0.0,0.0,0.0,0.0,0.0,0.0,0.0,0.0,0.0,0.0,4.0,6.0,25.0,6.25,0.0,11.0,0.0,1.470588207244873,0.0,0.0,15.0,1.0,1.0,0.0,1.0,0.0,0.0,0.0,0.0,0.0,0.0,0.0,0.0,0.0,0.0,0.0,0.0,0.0,0.0,0.0,0.0,0.0,,,,,,,,,,,,,,,,,,,,,,,,,,,,,,,,,,,,,,,,,BAL,TE,2025,2.5,4.5,6.5
4429299,Tahj Brooks,16.0,0.0,0.0,0.0,0.0,0.0,0.0,0.0,0.0,0.0,0.0,0.0,0.0,0.0,0.0,,39.58300018310547,,16.0,45.0,2.812999963760376,7.0,0.0,0.0,2.8125,0.0,0.0,1.0,1.0,2.0,9.0,9.0,0.0,9.0,0.0,0.5625,0.0,0.0,11.0,0.0,5.0,2.0,7.0,0.0,0.0,0.0,0.0,0.0,0.0,0.0,0.0,0.0,0.0,0.0,0.0,0.0,0.0,0.0,0.0,0.0,10.0,258.0,25.799999237060547,41.0,0.0,0.0,0.0,0.0,0.0,0.0,0.0,,,,,,,,,,,,,,,,,,,,,,,,,,,,,,CIN,RB,2025,5.4,5.9,6.4
4569609,Evan Hull,6.0,,,0.0,0.0,0.0,0.0,0.0,0.0,0.0,0.0,0.0,0.0,0.0,0.0,,39.58300018310547,,19.0,48.0,2.5260000228881836,8.0,0.0,0.0,8.0,0.0,0.0,2.0,1.0,1.0,6.0,6.0,0.0,6.0,0.0,1.0,0.0,0.0,10.0,0.0,,,,,,,,,,,,,,,,,,,,,7.0,179.0,25.571428298950195,29.0,0.0,0.0,0.0,0.0,0.0,0.0,0.0,,,,,,,,,,,,,,,,,,,,,,,,,,,,,,HOU,RB,2025,5.3999999999999995,5.8999999999999995,6.3999999999999995
4573398,Max Brosmer,8.0,0.0,0.0,0.0,47.0,71.0,66.1969985961914,328.0,4.619999885559082,41.0,29.0,0.0,4.0,14.0,100.0,12.72,53.02199935913086,14.26,7.0,11.0,1.5709999799728394,11.0,0.0,0.0,1.375,0.0,0.0,1.0,0.0,0.0,0.0,0.0,0.0,0.0,0.0,0.0,0.0,0.0,0.0,0.0,1.0,0.0,1.0,0.0,0.0,0.0,0.0,0.0,0.0,0.0,0.0,0.0,0.0,0.0,0.0,0.0,0.0,0.0,0.0,0.0,,,,,,,,,,,,,,,,,,,,,,,,,,,,,,,,,,,,,,,,,MIN,QB,2025,6.219999999999999,6.219999999999999,6.219999999999999
4374187,Deven Thompkins,7.0,,,0.0,0.0,0.0,0.0,0.0,0.0,0.0,0.0,0.0,0.0,0.0,0.0,,39.58300018310547,,1.0,5.0,5.0,5.0,0.0,0.0,0.7142857313156128,0.0,0.0,0.0,3.0,3.0,27.0,9.0,0.0,19.0,0.0,3.857142925262451,0.0,0.0,20.0,1.0,,,,,,,,,,,,,,,,,,,,,12.0,281.0,23.41666603088379,47.0,0.0,6.0,54.0,9.0,15.0,0.0,2.0,,,,,,,,,,,,,,,,,,,,,,,,,,,,,,,,2025,3.2,4.7,6.2
3047876,KhaDarel Hodge,12.0,0.0,0.0,0.0,0.0,0.0,0.0,0.0,0.0,0.0,0.0,0.0,0.0,0.0,0.0,,39.58300018310547,,0.0,0.0,0.0,0.0,0.0,0.0,0.0,0.0,0.0,0.0,3.0,10.0,31.0,10.333000183105469,0.0,16.0,0.0,2.5833332538604736,0.0,0.0,9.0,2.0,4.0,5.0,9.0,0.0,0.0,0.0,0.0,0.0,0.0,0.0,0.0,0.0,0.0,0.0,0.0,0.0,0.0,0.0,0.0,0.0,,,,,,,,,,,,,,,,,,,,,,,,,,,,,,,,,,,,,,,,,,,2025,3.1,4.6,6.1
4373030,Ben Sims,11.0,,,0.0,0.0,0.0,0.0,0.0,0.0,0.0,0.0,0.0,0.0,0.0,0.0,,39.58300018310547,,0.0,0.0,0.0,0.0,0.0,0.0,0.0,0.0,0.0,0.0,3.0,6.0,30.0,10.0,0.0,18.0,0.0,2.7272727489471436,0.0,0.0,5.0,2.0,,,,,,,,,,,,0.0,0.0,0.0,0.0,0.0,0.0,0.0,0.0,0.0,,,,,,,,,,,,,,,,,,,,,,,,,,,,,,,,,,,,,,,,,MIA,TE,2025,3.0,4.5,6.0
3118892,Justin Watson,3.0,0.0,0.0,0.0,0.0,0.0,0.0,0.0,0.0,0.0,0.0,0.0,0.0,0.0,0.0,,39.58300018310547,,0.0,0.0,0.0,0.0,0.0,0.0,0.0,0.0,0.0,0.0,3.0,4.0,30.0,10.0,0.0,15.0,0.0,10.0,0.0,0.0,14.0,1.0,0.0,1.0,1.0,0.0,0.0,0.0,0.0,0.0,0.0,0.0,0.0,,,,,,,,,,,,,,,,,,,,,,,,,,,,,,,,,,,,,,,,,,,,,,,,,,HOU,WR,2025,3.0,4.5,6.0
4361988,James Mitchell,5.0,,,0.0,0.0,0.0,0.0,0.0,0.0,0.0,0.0,0.0,0.0,0.0,0.0,,39.58300018310547,,0.0,0.0,0.0,0.0,0.0,0.0,0.0,0.0,0.0,0.0,3.0,3.0,28.0,9.333000183105469,0.0,11.0,0.0,5.599999904632568,0.0,0.0,21.0,2.0,,,,,,,,,,,,0.0,0.0,0.0,0.0,0.0,0.0,0.0,0.0,0.0,,,,,,,,,,,,,,,,,,,,,,,,,,,,,,,,,,,,,,,,,CAR,TE,2025,2.8,4.3,5.8
4366963,Dylan Laube,17.0,0.0,0.0,0.0,0.0,0.0,0.0,0.0,0.0,0.0,0.0,0.0,0.0,0.0,0.0,,39.58300018310547,,7.0,9.0,1.2860000133514404,3.0,0.0,0.0,0.529411792755127,0.0,0.0,0.0,3.0,4.0,18.0,6.0,0.0,13.0,0.0,1.058823585510254,0.0,0.0,24.0,1.0,3.0,2.0,5.0,0.0,0.0,0.0,0.0,0.0,0.0,0.0,0.0,,,,,,,,,,33.0,855.0,25.909090042114258,38.0,0.0,0.0,0.0,0.0,0.0,0.0,0.0,,,,,,,,,,,,,,,,,,,,,,,,,,,,,,LV,RB,2025,2.7,4.2,5.7
4565185,Tai Felton,17.0,0.0,0.0,0.0,0.0,0.0,0.0,0.0,0.0,0.0,0.0,0.0,0.0,0.0,0.0,,39.58300018310547,,0.0,0.0,0.0,0.0,0.0,0.0,0.0,0.0,0.0,0.0,3.0,3.0,25.0,8.333000183105469,0.0,10.0,0.0,1.470588207244873,0.0,0.0,14.0,2.0,5.0,4.0,9.0,0.0,0.0,0.0,0.0,0.0,0.0,0.0,0.0,0.0,0.0,0.0,0.0,0.0,0.0,0.0,0.0,0.0,7.0,178.0,25.428571701049805,34.0,0.0,0.0,0.0,0.0,0.0,0.0,0.0,,,,,,,,,,,,,,,,,,,,,,,,,,,,,,MIN,WR,2025,2.5,4.0,5.5
4429676,Tyler Goodson,11.0,0.0,0.0,0.0,0.0,0.0,0.0,0.0,0.0,0.0,0.0,0.0,0.0,0.0,0.0,,39.58300018310547,,9.0,24.0,2.6670000553131104,6.0,0.0,0.0,2.1818182468414307,0.0,0.0,0.0,2.0,3.0,8.0,4.0,0.0,8.0,0.0,0.7272727489471436,0.0,0.0,10.0,0.0,6.0,2.0,8.0,0.0,0.0,0.0,0.0,0.0,0.0,0.0,0.0,0.0,0.0,0.0,0.0,0.0,0.0,0.0,0.0,0.0,2.0,60.0,30.0,31.0,0.0,0.0,0.0,0.0,0.0,0.0,0.0,,,,,,,,,,,,,,,,,,,,,,,,,,,,,,ATL,RB,2025,3.2,4.2,5.2
3122168,Trent Sherfield,12.0,0.0,0.0,0.0,0.0,0.0,0.0,0.0,0.0,0.0,0.0,0.0,0.0,0.0,0.0,,39.58300018310547,,0.0,0.0,0.0,0.0,0.0,0.0,0.0,0.0,0.0,0.0,3.0,5.0,21.0,7.0,0.0,15.0,0.0,1.75,0.0,0.0,14.0,1.0,3.0,1.0,4.0,0.0,0.0,0.0,0.0,0.0,0.0,0.0,0.0,0.0,0.0,0.0,0.0,0.0,0.0,0.0,0.0,0.0,,,,,,,,,,,,,,,,,,,,,,,,,,,,,,,,,,,,,,,,,BUF,WR,2025,2.1,3.6,5.1
4608362,Shane Zylstra,6.0,0.0,0.0,0.0,0.0,0.0,0.0,0.0,0.0,0.0,0.0,0.0,0.0,0.0,0.0,,39.58300018310547,,0.0,0.0,0.0,0.0,0.0,0.0,0.0,0.0,0.0,0.0,3.0,5.0,20.0,6.666999816894531,0.0,11.0,0.0,3.3333332538604736,0.0,0.0,2.0,1.0,1.0,0.0,1.0,0.0,0.0,0.0,0.0,0.0,0.0,0.0,0.0,0.0,0.0,0.0,0.0,0.0,0.0,0.0,0.0,0.0,,,,,,,,,,,,,,,,,,,,,,,,,,,,,,,,,,,,,,,,,BUF,TE,2025,2.0,3.5,5.0
4035537,Kene Nwangwu,12.0,,,0.0,0.0,0.0,0.0,0.0,0.0,0.0,0.0,0.0,0.0,0.0,0.0,,39.58300018310547,,13.0,49.0,3.7690000534057617,16.0,0.0,0.0,4.083333492279053,0.0,0.0,2.0,0.0,1.0,0.0,0.0,0.0,0.0,0.0,0.0,0.0,0.0,0.0,0.0,,,,,,,,,,,,0.0,0.0,0.0,0.0,0.0,0.0,0.0,0.0,0.0,18.0,604.0,33.55555725097656,99.0,1.0,0.0,0.0,0.0,0.0,0.0,0.0,,,,,,,,,,,,,,,,,,,,,,,,,,,,,,NYJ,RB,2025,4.9,4.9,4.9
4039505,Reggie Gilliam,17.0,0.0,0.0,0.0,0.0,0.0,0.0,0.0,0.0,0.0,0.0,0.0,0.0,0.0,0.0,,39.58300018310547,,2.0,4.0,2.0,5.0,0.0,0.0,0.23529411852359772,0.0,0.0,1.0,2.0,2.0,24.0,12.0,0.0,22.0,1.0,1.4117647409439087,0.0,0.0,2.0,1.0,6.0,7.0,13.0,0.0,0.0,0.0,0.0,0.0,0.0,0.0,0.0,0.0,0.0,0.0,0.0,0.0,0.0,0.0,0.0,0.0,,,,,,,,,,,,,,,,,,,,,,,,,,,,,,,,,,,,,,,,,NE,FB,2025,2.8,3.8,4.8
4696700,Tip Reiman,4.0,,,0.0,0.0,0.0,0.0,0.0,0.0,0.0,0.0,0.0,0.0,0.0,0.0,,39.58300018310547,,0.0,0.0,0.0,0.0,0.0,0.0,0.0,0.0,0.0,0.0,3.0,5.0,18.0,6.0,0.0,10.0,0.0,4.5,0.0,0.0,7.0,1.0,,,,,,,,,,,,,,,,,,,,,,,,,,,,,,,,,,,,,,,,,,,,,,,,,,,,,,,,,,,,,ARI,TE,2025,1.8,3.3,4.8
4260394,Aidan O'Connell,1.0,,,0.0,10.0,22.0,45.45500183105469,102.0,4.636000156402588,102.0,23.0,0.0,0.0,1.0,5.0,20.69,59.279998779296875,16.28,1.0,7.0,7.0,7.0,0.0,0.0,7.0,0.0,0.0,0.0,0.0,0.0,0.0,0.0,0.0,0.0,0.0,0.0,0.0,0.0,0.0,0.0,,,,,,,,,,,,,,,,,,,,,,,,,,,,,,,,,,,,,,,,,,,,,,,,,,,,,,,,,,,,,LV,QB,2025,4.78,4.78,4.78
4567506,Tahj Washington,6.0,0.0,0.0,0.0,0.0,0.0,0.0,0.0,0.0,0.0,0.0,0.0,0.0,0.0,0.0,,39.58300018310547,,0.0,0.0,0.0,0.0,0.0,0.0,0.0,0.0,0.0,0.0,3.0,5.0,37.0,12.333000183105469,0.0,19.0,0.0,6.166666507720947,1.0,1.0,8.0,1.0,0.0,1.0,1.0,0.0,0.0,0.0,0.0,0.0,0.0,0.0,0.0,0.0,0.0,0.0,0.0,0.0,0.0,0.0,0.0,0.0,,,,,,,,,,,,,,,,,,,,,,,,,,,,,,,,,,,,,,,,,MIA,WR,2025,1.7000000000000002,3.2,4.7
4243003,Ronnie Rivers,11.0,0.0,0.0,0.0,0.0,0.0,0.0,0.0,0.0,0.0,0.0,0.0,0.0,0.0,0.0,,39.58300018310547,,9.0,46.0,5.111000061035156,9.0,0.0,0.0,4.181818008422852,0.0,0.0,3.0,0.0,0.0,0.0,0.0,0.0,0.0,0.0,0.0,0.0,0.0,0.0,0.0,2.0,0.0,2.0,0.0,0.0,0.0,0.0,0.0,0.0,0.0,0.0,0.0,0.0,0.0,0.0,0.0,0.0,0.0,0.0,0.0,16.0,418.0,26.125,46.0,0.0,0.0,0.0,0.0,0.0,0.0,0.0,,,,,,,,,,,,,,,,,,,,,,,,,,,,,,LAR,RB,2025,4.6,4.6,4.6
4431466,Jordan Watkins,4.0,,,0.0,0.0,0.0,0.0,0.0,0.0,0.0,0.0,0.0,0.0,0.0,0.0,,39.58300018310547,,0.0,0.0,0.0,0.0,0.0,0.0,0.0,0.0,0.0,0.0,2.0,3.0,26.0,13.0,0.0,19.0,0.0,6.5,0.0,0.0,1.0,1.0,,,,,,,,,,,,0.0,0.0,0.0,0.0,0.0,0.0,0.0,0.0,0.0,,,,,,,,,,,,,,,,,,,,,,,,,,,,,,,,,,,,,,,,,SF,WR,2025,2.6,3.6,4.6
4039050,Devin Duvernay,17.0,0.0,0.0,0.0,0.0,0.0,0.0,0.0,0.0,0.0,0.0,0.0,0.0,0.0,0.0,,39.58300018310547,,0.0,0.0,0.0,0.0,0.0,0.0,0.0,0.0,0.0,0.0,2.0,5.0,26.0,13.0,0.0,24.0,1.0,1.529411792755127,0.0,0.0,0.0,1.0,1.0,0.0,1.0,0.0,0.0,0.0,0.0,0.0,0.0,0.0,0.0,,,,,,,,,,40.0,1069.0,26.725000381469727,56.0,0.0,21.0,231.0,11.0,22.0,0.0,16.0,,,,,,,,,,,,,,,,,,,,,,,,,,,,,,ARI,WR,2025,2.6,3.6,4.6
4431210,Beaux Collins,9.0,0.0,0.0,0.0,0.0,0.0,0.0,0.0,0.0,0.0,0.0,0.0,0.0,0.0,0.0,,39.58300018310547,,0.0,0.0,0.0,0.0,0.0,0.0,0.0,0.0,0.0,0.0,2.0,6.0,25.0,12.5,0.0,18.0,0.0,2.777777671813965,0.0,0.0,6.0,1.0,1.0,4.0,5.0,0.0,0.0,0.0,0.0,0.0,0.0,0.0,0.0,0.0,0.0,0.0,0.0,0.0,0.0,0.0,0.0,0.0,,,,,,,,,,,,,,,,,,,,,,,,,,,,,,,,,,,,,,,,,NYG,WR,2025,2.5,3.5,4.5
4245144,Tay Martin,3.0,0.0,0.0,0.0,0.0,0.0,0.0,0.0,0.0,0.0,0.0,0.0,0.0,0.0,0.0,,39.58300018310547,,0.0,0.0,0.0,0.0,0.0,0.0,0.0,0.0,0.0,0.0,2.0,2.0,23.0,11.5,0.0,14.0,0.0,7.666666507720947,0.0,0.0,5.0,1.0,1.0,0.0,1.0,0.0,0.0,0.0,0.0,0.0,0.0,0.0,0.0,0.0,0.0,0.0,0.0,0.0,0.0,0.0,0.0,0.0,,,,,,,,,,,,,,,,,,,,,,,,,,,,,,,,,,,,,,,,,DET,WR,2025,2.3,3.3,4.3
4372716,Nikko Remigio,14.0,0.0,0.0,0.0,0.0,0.0,0.0,0.0,0.0,0.0,0.0,0.0,0.0,0.0,0.0,,39.58300018310547,,1.0,11.0,11.0,11.0,0.0,0.0,0.7857142686843872,0.0,0.0,1.0,1.0,1.0,21.0,21.0,0.0,21.0,1.0,1.5,0.0,0.0,3.0,1.0,0.0,0.0,0.0,0.0,0.0,0.0,0.0,0.0,0.0,0.0,0.0,,,,,,,,,,29.0,741.0,25.55172348022461,47.0,0.0,25.0,191.0,7.639999866485596,31.0,0.0,11.0,,,,,,,,,,,,,,,,,,,,,,,,,,,,,,KC,WR,2025,3.2,3.7,4.2
4242214,Clyde Edwards-Helaire,2.0,,,0.0,0.0,0.0,0.0,0.0,0.0,0.0,0.0,0.0,0.0,0.0,0.0,,39.58300018310547,,7.0,13.0,1.8569999933242798,7.0,0.0,0.0,6.5,0.0,0.0,1.0,2.0,2.0,9.0,4.5,0.0,7.0,0.0,4.5,0.0,0.0,13.0,0.0,,,,,,,,,,,,,,,,,,,,,,,,,,,,,,,,,,,,,,,,,,,,,,,,,,,,,,,,,,,,,,,2025,2.2,3.2,4.2
4430681,Jared Wayne,1.0,,,0.0,0.0,0.0,0.0,0.0,0.0,0.0,0.0,0.0,0.0,0.0,0.0,,39.58300018310547,,0.0,0.0,0.0,0.0,0.0,0.0,0.0,0.0,0.0,0.0,2.0,2.0,20.0,10.0,0.0,17.0,0.0,20.0,0.0,0.0,3.0,1.0,,,,,,,,,,,,,,,,,,,,,,,,,,,,,,,,,,,,,,,,,,,,,,,,,,,,,,,,,,,,,HOU,WR,2025,2.0,3.0,4.0
4367567,Julius Chestnut,17.0,0.0,0.0,0.0,0.0,0.0,0.0,0.0,0.0,0.0,0.0,0.0,0.0,0.0,0.0,,39.58300018310547,,11.0,40.0,3.635999917984009,27.0,1.0,0.0,2.3529412746429443,0.0,0.0,4.0,0.0,2.0,0.0,0.0,0.0,0.0,0.0,0.0,0.0,0.0,0.0,0.0,10.0,7.0,17.0,0.0,0.0,0.0,0.0,0.0,0.0,0.0,0.0,0.0,0.0,0.0,0.0,0.0,0.0,0.0,0.0,0.0,3.0,81.0,27.0,32.0,0.0,0.0,0.0,0.0,0.0,0.0,0.0,,,,,,,,,,,,,,,,,,,,,,,,,,,,,,TEN,RB,2025,4.0,4.0,4.0
3926231,Britain Covey,6.0,0.0,0.0,0.0,0.0,0.0,0.0,0.0,0.0,0.0,0.0,0.0,0.0,0.0,0.0,,39.58300018310547,,0.0,0.0,0.0,0.0,0.0,0.0,0.0,0.0,0.0,0.0,2.0,4.0,20.0,10.0,0.0,12.0,0.0,3.3333332538604736,0.0,0.0,20.0,2.0,0.0,0.0,0.0,0.0,0.0,0.0,0.0,0.0,0.0,0.0,0.0,,,,,,,,,,5.0,125.0,25.0,30.0,0.0,11.0,124.0,11.272727012634277,22.0,0.0,10.0,,,,,,,,,,,,,,,,,,,,,,,,,,,,,,PHI,WR,2025,2.0,3.0,4.0
4605841,Nathan Carter,7.0,,,0.0,0.0,0.0,0.0,0.0,0.0,0.0,0.0,0.0,0.0,0.0,0.0,,39.58300018310547,,9.0,60.0,6.666999816894531,12.0,0.0,0.0,8.571428298950195,1.0,1.0,3.0,0.0,0.0,0.0,0.0,0.0,0.0,0.0,0.0,0.0,0.0,0.0,0.0,,,,,,,,,,,,0.0,0.0,0.0,0.0,0.0,0.0,0.0,0.0,0.0,1.0,-1.0,-1.0,-1.0,0.0,0.0,0.0,0.0,0.0,0.0,0.0,,,,,,,,,,,,,,,,,,,,,,,,,,,,,,ATL,RB,2025,4.0,4.0,4.0
4360405,Jake Bobo,11.0,0.0,0.0,0.0,0.0,0.0,0.0,0.0,0.0,0.0,0.0,0.0,0.0,0.0,0.0,,39.58300018310547,,0.0,0.0,0.0,0.0,0.0,0.0,0.0,0.0,0.0,0.0,2.0,2.0,20.0,10.0,0.0,17.0,0.0,1.8181818723678589,0.0,0.0,6.0,1.0,1.0,2.0,3.0,0.0,0.0,0.0,0.0,0.0,0.0,0.0,0.0,0.0,0.0,0.0,0.0,0.0,0.0,0.0,0.0,0.0,,,,,,,,,,,,,,,,,,,,,,,,,,,,,,,,,,,,,,,,,SEA,WR,2025,2.0,3.0,4.0
4039034,Shane Buechele,1.0,,,-1.0,7.0,14.0,50.0,88.0,6.285999774932861,88.0,51.0,0.0,0.0,5.0,22.0,4.51,69.94000244140625,5.61,1.0,4.0,4.0,4.0,0.0,0.0,4.0,0.0,0.0,0.0,0.0,0.0,0.0,0.0,0.0,0.0,0.0,0.0,0.0,0.0,0.0,0.0,,,,,,,,,,,,,,,,,,,,,,,,,,,,,,,,,,,,,,,,,,,,,,,,,,,,,,,,,,,,,BUF,QB,2025,3.92,3.92,3.92
4242558,Tucker Fisk,10.0,,,0.0,0.0,0.0,0.0,0.0,0.0,0.0,0.0,0.0,0.0,0.0,0.0,,39.58300018310547,,0.0,0.0,0.0,0.0,0.0,0.0,0.0,0.0,0.0,0.0,2.0,4.0,19.0,9.5,0.0,12.0,0.0,1.899999976158142,0.0,0.0,21.0,1.0,,,,,,,,,,,,0.0,0.0,0.0,0.0,0.0,0.0,0.0,0.0,0.0,,,,,,,,,,,,,,,,,,,,,,,,,,,,,,,,,,,,,,,,,,,2025,1.9,2.9,3.9
4361088,Colson Yankoff,14.0,0.0,0.0,0.0,0.0,0.0,0.0,0.0,0.0,0.0,0.0,0.0,0.0,0.0,0.0,,39.58300018310547,,0.0,0.0,0.0,0.0,0.0,0.0,0.0,0.0,0.0,0.0,2.0,3.0,18.0,9.0,0.0,14.0,0.0,1.2857142686843872,0.0,0.0,4.0,2.0,4.0,6.0,10.0,0.0,0.0,0.0,0.0,0.0,0.0,0.0,0.0,0.0,0.0,0.0,0.0,0.0,0.0,0.0,0.0,0.0,,,,,,,,,,,,,,,,,,,,,,,,,,,,,,,,,,,,,,,,,WSH,TE,2025,1.8,2.8,3.8
4876006,Zaire Mitchell-Paden,8.0,,,0.0,0.0,0.0,0.0,0.0,0.0,0.0,0.0,0.0,0.0,0.0,0.0,,39.58300018310547,,0.0,0.0,0.0,0.0,0.0,0.0,0.0,0.0,0.0,0.0,2.0,3.0,17.0,8.5,0.0,14.0,0.0,2.125,0.0,0.0,5.0,1.0,,,,,,,,,,,,0.0,0.0,0.0,0.0,0.0,0.0,0.0,0.0,0.0,,,,,,,,,,,,,,,,,,,,,,,,,,,,,,,,,,,,,,,,,NO,TE,2025,1.7,2.7,3.7
4360238,Dameon Pierce,5.0,,,0.0,0.0,0.0,0.0,0.0,0.0,0.0,0.0,0.0,0.0,0.0,0.0,,39.58300018310547,,14.0,36.0,2.571000099182129,10.0,0.0,0.0,7.199999809265137,0.0,0.0,1.0,0.0,1.0,0.0,0.0,0.0,0.0,0.0,0.0,0.0,0.0,0.0,0.0,,,,,,,,,,,,,,,,,,,,,4.0,92.0,23.0,26.0,0.0,0.0,0.0,0.0,0.0,0.0,0.0,,,,,,,,,,,,,,,,,,,,,,,,,,,,,,PHI,RB,2025,3.6,3.6,3.6
4360231,Lucas Krull,3.0,,,0.0,0.0,0.0,0.0,0.0,0.0,0.0,0.0,0.0,0.0,0.0,0.0,,39.58300018310547,,0.0,0.0,0.0,0.0,0.0,0.0,0.0,0.0,0.0,0.0,2.0,4.0,15.0,7.5,0.0,9.0,0.0,5.0,0.0,0.0,4.0,0.0,,,,,,,,,,,,0.0,0.0,0.0,0.0,0.0,0.0,0.0,0.0,0.0,,,,,,,,,,,,,,,,,,,,,,,,,,,,,,,,,,,,,,,,,DEN,TE,2025,1.5,2.5,3.5
5178972,Jakobie Keeney-James,1.0,,,0.0,0.0,0.0,0.0,0.0,0.0,0.0,0.0,0.0,0.0,0.0,0.0,,39.58300018310547,,0.0,0.0,0.0,0.0,0.0,0.0,0.0,0.0,0.0,0.0,2.0,2.0,15.0,7.5,0.0,8.0,0.0,15.0,0.0,0.0,0.0,0.0,,,,,,,,,,,,,,,,,,,,,2.0,47.0,23.5,26.0,0.0,0.0,0.0,0.0,0.0,0.0,1.0,,,,,,,,,,,,,,,,,,,,,,,,,,,,,,,,2025,1.5,2.5,3.5
5083297,Jacoby Jones,1.0,,,0.0,0.0,0.0,0.0,0.0,0.0,0.0,0.0,0.0,0.0,0.0,0.0,,39.58300018310547,,0.0,0.0,0.0,0.0,0.0,0.0,0.0,0.0,0.0,0.0,1.0,1.0,25.0,25.0,0.0,25.0,1.0,25.0,0.0,0.0,22.0,1.0,,,,,,,,,,,,,,,,,,,,,,,,,,,,,,,,,,,,,,,,,,,,,,,,,,,,,,,,,,,,,WSH,WR,2025,2.5,3.0,3.5
4362477,Derius Davis,11.0,0.0,0.0,0.0,0.0,0.0,0.0,0.0,0.0,0.0,0.0,0.0,0.0,0.0,0.0,,39.58300018310547,,2.0,5.0,2.5,3.0,0.0,0.0,0.4545454680919647,0.0,0.0,0.0,2.0,3.0,10.0,5.0,0.0,7.0,0.0,0.9090909361839294,0.0,0.0,8.0,0.0,0.0,0.0,0.0,0.0,0.0,0.0,0.0,0.0,0.0,0.0,0.0,,,,,,,,,,18.0,464.0,25.77777862548828,30.0,0.0,11.0,77.0,7.0,33.0,0.0,17.0,,,,,,,,,,,,,,,,,,,,,,,,,,,,,,LAC,WR,2025,1.5,2.5,3.5
4426485,Jonathan Mingo,6.0,0.0,0.0,0.0,0.0,0.0,0.0,0.0,0.0,0.0,0.0,0.0,0.0,0.0,0.0,,39.58300018310547,,0.0,0.0,0.0,0.0,0.0,0.0,0.0,0.0,0.0,0.0,1.0,5.0,25.0,25.0,0.0,25.0,1.0,4.166666507720947,0.0,0.0,4.0,1.0,0.0,1.0,1.0,0.0,0.0,0.0,0.0,0.0,0.0,0.0,0.0,0.0,0.0,0.0,0.0,0.0,0.0,0.0,0.0,0.0,,,,,,,,,,,,,,,,,,,,,,,,,,,,,,,,,,,,,,,,,DAL,WR,2025,2.5,3.0,3.5
4433959,Ben Yurosek,12.0,0.0,0.0,0.0,0.0,0.0,0.0,0.0,0.0,0.0,0.0,0.0,0.0,0.0,0.0,,39.58300018310547,,0.0,0.0,0.0,0.0,0.0,0.0,0.0,0.0,0.0,0.0,2.0,3.0,14.0,7.0,0.0,9.0,0.0,1.1666666269302368,0.0,0.0,9.0,1.0,1.0,1.0,2.0,0.0,0.0,0.0,0.0,0.0,0.0,0.0,0.0,0.0,0.0,0.0,0.0,0.0,0.0,0.0,0.0,0.0,,,,,,,,,,,,,,,,,,,,,,,,,,,,,,,,,,,,,,,,,MIN,TE,2025,1.4,2.4,3.4
4035693,Velus Jones Jr.,8.0,0.0,0.0,0.0,0.0,0.0,0.0,0.0,0.0,0.0,0.0,0.0,0.0,0.0,0.0,,39.58300018310547,,4.0,32.0,8.0,25.0,1.0,0.0,4.0,0.0,0.0,1.0,0.0,0.0,0.0,0.0,0.0,0.0,0.0,0.0,0.0,0.0,0.0,0.0,1.0,3.0,4.0,0.0,0.0,0.0,0.0,0.0,0.0,0.0,0.0,0.0,0.0,0.0,0.0,0.0,0.0,0.0,0.0,0.0,8.0,183.0,22.875,30.0,0.0,0.0,0.0,0.0,0.0,0.0,0.0,,,,,,,,,,,,,,,,,,,,,,,,,,,,,,SEA,WR,2025,3.2,3.2,3.2
3707061,Cody Ford,17.0,,,0.0,0.0,0.0,0.0,0.0,0.0,0.0,0.0,0.0,0.0,0.0,0.0,,39.58300018310547,,0.0,0.0,0.0,0.0,0.0,0.0,0.0,0.0,0.0,0.0,1.0,1.0,21.0,21.0,0.0,21.0,1.0,1.2352941036224365,0.0,0.0,17.0,1.0,,,,,,,,,,,,0.0,0.0,0.0,0.0,0.0,0.0,0.0,0.0,0.0,,,,,,,,,,,,,,,,,,,,,,,,,,,,,,,,,,,,,,,,,CIN,OT,2025,2.1,2.6,3.1
4242536,Sal Cannella,2.0,,,0.0,0.0,0.0,0.0,0.0,0.0,0.0,0.0,0.0,0.0,0.0,0.0,,39.58300018310547,,0.0,0.0,0.0,0.0,0.0,0.0,0.0,0.0,0.0,0.0,2.0,5.0,11.0,5.5,0.0,6.0,0.0,5.5,0.0,0.0,5.0,1.0,,,,,,,,,,,,,,,,,,,,,,,,,,,,,,,,,,,,,,,,,,,,,,,,,,,,,,,,,,,,,,,2025,1.1,2.1,3.1
4432731,Moliki Matavao,6.0,,,0.0,0.0,0.0,0.0,0.0,0.0,0.0,0.0,0.0,0.0,0.0,0.0,,39.58300018310547,,0.0,0.0,0.0,0.0,0.0,0.0,0.0,0.0,0.0,0.0,2.0,2.0,10.0,5.0,0.0,6.0,0.0,1.6666666269302368,0.0,0.0,5.0,0.0,,,,,,,,,,,,0.0,0.0,0.0,0.0,0.0,0.0,0.0,0.0,0.0,,,,,,,,,,,,,,,,,,,,,,,,,,,,,,,,,,,,,,,,,NO,TE,2025,1.0,2.0,3.0
16728,Teddy Bridgewater,4.0,,,0.0,8.0,15.0,53.33300018310547,62.0,4.132999897003174,15.5,32.0,0.0,0.0,2.0,21.0,6.34,63.75,6.8,3.0,4.0,1.3329999446868896,6.0,0.0,0.0,1.0,0.0,0.0,0.0,0.0,0.0,0.0,0.0,0.0,0.0,0.0,0.0,0.0,0.0,0.0,0.0,,,,,,,,,,,,0.0,0.0,0.0,0.0,0.0,0.0,0.0,0.0,0.0,,,,,,,,,,,,,,,,,,,,,,,,,,,,,,,,,,,,,,,,,DET,QB,2025,2.88,2.88,2.88
3886809,Andre Baccellia,5.0,,,0.0,0.0,0.0,0.0,0.0,0.0,0.0,0.0,0.0,0.0,0.0,0.0,,39.58300018310547,,0.0,0.0,0.0,0.0,0.0,0.0,0.0,0.0,0.0,0.0,2.0,4.0,8.0,4.0,0.0,5.0,0.0,1.600000023841858,0.0,0.0,7.0,0.0,,,,,,,,,,,,0.0,0.0,0.0,0.0,0.0,0.0,0.0,0.0,0.0,9.0,236.0,26.22222137451172,43.0,0.0,0.0,0.0,0.0,0.0,0.0,0.0,,,,,,,,,,,,,,,,,,,,,,,,,,,,,,,,2025,0.8,1.8,2.8
3120303,Ross Dwelley,11.0,0.0,0.0,0.0,0.0,0.0,0.0,0.0,0.0,0.0,0.0,0.0,0.0,0.0,0.0,,39.58300018310547,,0.0,0.0,0.0,0.0,0.0,0.0,0.0,0.0,0.0,0.0,2.0,5.0,7.0,3.5,0.0,4.0,0.0,0.6363636255264282,0.0,0.0,7.0,0.0,1.0,0.0,1.0,0.0,0.0,0.0,0.0,0.0,0.0,0.0,0.0,0.0,0.0,0.0,0.0,0.0,0.0,0.0,0.0,0.0,,,,,,,,,,,,,,,,,,,,,,,,,,,,,,,,,,,,,,,,,,,2025,0.7,1.7,2.7
4700712,Cam Grandy,5.0,,,0.0,0.0,0.0,0.0,0.0,0.0,0.0,0.0,0.0,0.0,0.0,0.0,,39.58300018310547,,0.0,0.0,0.0,0.0,0.0,0.0,0.0,0.0,0.0,0.0,2.0,2.0,7.0,3.5,0.0,6.0,0.0,1.399999976158142,1.0,0.0,13.0,0.0,,,,,,,,,,,,0.0,0.0,0.0,0.0,0.0,0.0,0.0,0.0,0.0,,,,,,,,,,,,,,,,,,,,,,,,,,,,,,,,,,,,,,,,,CIN,TE,2025,0.7,1.7,2.7
4040774,Harrison Bryant,12.0,0.0,0.0,0.0,0.0,0.0,0.0,0.0,0.0,0.0,0.0,0.0,0.0,0.0,0.0,,39.58300018310547,,0.0,0.0,0.0,0.0,0.0,0.0,0.0,0.0,0.0,0.0,2.0,6.0,7.0,3.5,0.0,5.0,0.0,0.5833333134651184,0.0,0.0,0.0,1.0,1.0,0.0,1.0,0.0,0.0,0.0,0.0,0.0,0.0,0.0,0.0,0.0,0.0,0.0,0.0,0.0,0.0,0.0,0.0,0.0,,,,,,,,,,,,,,,,,,,,,,,,,,,,,,,,,,,,,,,,,SEA,TE,2025,0.7,1.7,2.7
4212909,David Moore,4.0,,,0.0,0.0,0.0,0.0,0.0,0.0,0.0,0.0,0.0,0.0,0.0,0.0,,39.58300018310547,,1.0,12.0,12.0,12.0,0.0,0.0,3.0,0.0,0.0,1.0,1.0,1.0,5.0,5.0,0.0,5.0,0.0,1.25,0.0,0.0,0.0,0.0,,,,,,,,,,,,0.0,0.0,0.0,0.0,0.0,0.0,0.0,0.0,0.0,0.0,0.0,0.0,0.0,0.0,1.0,0.0,0.0,0.0,0.0,1.0,,,,,,,,,,,,,,,,,,,,,,,,,,,,,,CAR,WR,2025,1.7,2.2,2.7
4362523,Will Mallory,2.0,,,0.0,0.0,0.0,0.0,0.0,0.0,0.0,0.0,0.0,0.0,0.0,0.0,,39.58300018310547,,0.0,0.0,0.0,0.0,0.0,0.0,0.0,0.0,0.0,0.0,1.0,1.0,16.0,16.0,0.0,16.0,0.0,8.0,0.0,0.0,0.0,1.0,,,,,,,,,,,,0.0,0.0,0.0,0.0,0.0,0.0,0.0,0.0,0.0,,,,,,,,,,,,,,,,,,,,,,,,,,,,,,,,,,,,,,,,,IND,TE,2025,1.6,2.1,2.6
4429684,Anthony Gould,11.0,,,0.0,0.0,0.0,0.0,0.0,0.0,0.0,0.0,0.0,0.0,0.0,0.0,,39.58300018310547,,0.0,0.0,0.0,0.0,0.0,0.0,0.0,0.0,0.0,0.0,2.0,2.0,6.0,3.0,0.0,3.0,0.0,0.5454545617103577,0.0,0.0,8.0,0.0,,,,,,,,,,,,,,,,,,,,,25.0,647.0,25.8799991607666,39.0,0.0,13.0,131.0,10.076923370361328,21.0,0.0,7.0,,,,,,,,,,,,,,,,,,,,,,,,,,,,,,IND,WR,2025,0.6,1.6,2.6
4427278,Xavier Gipson,7.0,0.0,0.0,0.0,0.0,0.0,0.0,0.0,0.0,0.0,0.0,0.0,0.0,0.0,0.0,,39.58300018310547,,0.0,0.0,0.0,0.0,0.0,0.0,0.0,0.0,0.0,0.0,2.0,2.0,6.0,3.0,0.0,3.0,0.0,0.8571428656578064,0.0,0.0,15.0,0.0,1.0,0.0,1.0,0.0,0.0,0.0,0.0,0.0,0.0,0.0,0.0,0.0,0.0,0.0,0.0,0.0,0.0,0.0,0.0,0.0,12.0,319.0,26.58333396911621,40.0,0.0,8.0,86.0,10.75,19.0,0.0,8.0,,,,,,,,,,,,,,,,,,,,,,,,,,,,,,NYG,WR,2025,0.6,1.6,2.6
4434153,Tyson Bagent,3.0,,,0.0,3.0,4.0,75.0,47.0,11.75,15.666666984558105,22.0,0.0,0.0,0.0,0.0,10.38,113.54199981689453,11.44,2.0,7.0,3.5,7.0,0.0,0.0,2.3333332538604736,1.0,0.0,0.0,0.0,0.0,0.0,0.0,0.0,0.0,0.0,0.0,0.0,0.0,0.0,0.0,,,,,,,,,,,,0.0,0.0,0.0,0.0,0.0,0.0,0.0,0.0,0.0,,,,,,,,,,,,,,,,,,,,,,,,,,,,,,,,,,,,,,,,,CHI,QB,2025,2.58,2.58,2.58
4570738,Ke'Shawn Williams,11.0,,,0.0,0.0,0.0,0.0,0.0,0.0,0.0,0.0,0.0,0.0,0.0,0.0,,39.58300018310547,,2.0,10.0,5.0,9.0,0.0,0.0,0.9090909361839294,0.0,0.0,0.0,1.0,1.0,5.0,5.0,0.0,5.0,0.0,0.4545454680919647,0.0,0.0,0.0,0.0,,,,,,,,,,,,,,,,,,,,,26.0,628.0,24.153846740722656,37.0,0.0,20.0,207.0,10.350000381469727,43.0,0.0,6.0,,,,,,,,,,,,,,,,,,,,,,,,,,,,,,CIN,WR,2025,1.5,2.0,2.5
3139602,D'Ernest Johnson,8.0,,,0.0,0.0,0.0,0.0,0.0,0.0,0.0,0.0,0.0,0.0,0.0,0.0,,39.58300018310547,,14.0,25.0,1.7860000133514404,5.0,0.0,0.0,3.125,0.0,0.0,0.0,0.0,0.0,0.0,0.0,0.0,0.0,0.0,0.0,0.0,0.0,0.0,0.0,,,,,,,,,,,,0.0,0.0,0.0,0.0,0.0,0.0,0.0,0.0,0.0,5.0,128.0,25.600000381469727,32.0,0.0,0.0,0.0,0.0,0.0,0.0,0.0,,,,,,,,,,,,,,,,,,,,,,,,,,,,,,,,2025,2.5,2.5,2.5
4245131,Tim Jones,4.0,0.0,0.0,0.0,0.0,0.0,0.0,0.0,0.0,0.0,0.0,0.0,0.0,0.0,0.0,,39.58300018310547,,0.0,0.0,0.0,0.0,0.0,0.0,0.0,0.0,0.0,0.0,1.0,1.0,15.0,15.0,0.0,15.0,0.0,3.75,0.0,0.0,11.0,1.0,0.0,1.0,1.0,0.0,0.0,0.0,0.0,0.0,0.0,0.0,0.0,0.0,0.0,0.0,0.0,0.0,0.0,0.0,0.0,0.0,,,,,,,,,,,,,,,,,,,,,,,,,,,,,,,,,,,,,,,,,JAX,WR,2025,1.5,2.0,2.5
4362018,Blake Whiteheart,17.0,0.0,0.0,0.0,0.0,0.0,0.0,0.0,0.0,0.0,0.0,0.0,0.0,0.0,0.0,,39.58300018310547,,0.0,0.0,0.0,0.0,0.0,0.0,0.0,0.0,0.0,0.0,2.0,6.0,4.0,2.0,0.0,4.0,0.0,0.23529411852359772,1.0,0.0,1.0,0.0,4.0,6.0,10.0,0.0,0.0,0.0,0.0,0.0,0.0,0.0,0.0,0.0,0.0,0.0,0.0,0.0,0.0,0.0,0.0,0.0,,,,,,,,,,,,,,,,,,,,,,,,,,,,,,,,,,,,,,,,,CLE,TE,2025,0.4,1.4,2.4
5082630,Jalen Royals,7.0,0.0,0.0,0.0,0.0,0.0,0.0,0.0,0.0,0.0,0.0,0.0,0.0,0.0,0.0,,39.58300018310547,,0.0,0.0,0.0,0.0,0.0,0.0,0.0,0.0,0.0,0.0,2.0,3.0,4.0,2.0,0.0,2.0,0.0,0.5714285969734192,0.0,0.0,4.0,0.0,1.0,0.0,1.0,0.0,0.0,0.0,0.0,0.0,0.0,0.0,0.0,0.0,0.0,0.0,0.0,0.0,0.0,0.0,0.0,0.0,1.0,30.0,30.0,30.0,0.0,0.0,0.0,0.0,0.0,0.0,0.0,,,,,,,,,,,,,,,,,,,,,,,,,,,,,,KC,WR,2025,0.4,1.4,2.4
4429084,Anthony Richardson Sr.,2.0,,,0.0,1.0,2.0,50.0,9.0,4.5,4.5,9.0,0.0,0.0,0.0,0.0,21.97,62.5,20.92,4.0,-1.0,-0.25,2.0,0.0,0.0,-0.5,0.0,0.0,1.0,1.0,1.0,9.0,9.0,0.0,9.0,0.0,4.5,0.0,0.0,7.0,1.0,,,,,,,,,,,,,,,,,,,,,,,,,,,,,,,,,,,,,,,,,,,,,,,,,,,,,,,,,,,,,IND,QB,2025,1.1600000000000001,1.6600000000000001,2.16
2975417,Patrick Ricard,11.0,0.0,0.0,0.0,0.0,0.0,0.0,0.0,0.0,0.0,0.0,0.0,0.0,0.0,0.0,,39.58300018310547,,1.0,3.0,3.0,3.0,0.0,0.0,0.27272728085517883,0.0,0.0,1.0,1.0,2.0,8.0,8.0,0.0,8.0,0.0,0.7272727489471436,0.0,0.0,2.0,0.0,1.0,0.0,1.0,0.0,0.0,0.0,0.0,0.0,0.0,0.0,0.0,0.0,0.0,0.0,0.0,0.0,0.0,0.0,0.0,0.0,,,,,,,,,,,,,,,,,,,,,,,,,,,,,,,,,,,,,,,,,NYG,FB,2025,1.1,1.6,2.1
4372505,Payne Durham,17.0,0.0,0.0,0.0,0.0,0.0,0.0,0.0,0.0,0.0,0.0,0.0,0.0,0.0,0.0,,39.58300018310547,,0.0,0.0,0.0,0.0,0.0,0.0,0.0,0.0,0.0,0.0,1.0,4.0,11.0,11.0,0.0,11.0,0.0,0.6470588445663452,0.0,0.0,11.0,1.0,2.0,1.0,3.0,0.0,0.0,0.0,0.0,0.0,0.0,0.0,0.0,0.0,0.0,0.0,0.0,0.0,0.0,0.0,0.0,0.0,,,,,,,,,,,,,,,,,,,,,,,,,,,,,,,,,,,,,,,,,TB,TE,2025,1.1,1.6,2.1
2971281,Pharaoh Brown,7.0,0.0,0.0,0.0,0.0,0.0,0.0,0.0,0.0,0.0,0.0,0.0,0.0,0.0,0.0,,39.58300018310547,,0.0,0.0,0.0,0.0,0.0,0.0,0.0,0.0,0.0,0.0,2.0,2.0,1.0,0.5,0.0,1.0,0.0,0.1428571492433548,0.0,0.0,0.0,0.0,1.0,1.0,2.0,0.0,0.0,0.0,0.0,0.0,0.0,0.0,0.0,0.0,0.0,0.0,0.0,0.0,0.0,0.0,0.0,0.0,,,,,,,,,,,,,,,,,,,,,,,,,,,,,,,,,,,,,,,,,,,2025,0.1,1.1,2.1
4240631,DeeJay Dallas,6.0,0.0,0.0,0.0,0.0,0.0,0.0,0.0,0.0,0.0,0.0,0.0,0.0,0.0,0.0,,39.58300018310547,,3.0,21.0,7.0,17.0,0.0,0.0,3.5,0.0,0.0,1.0,0.0,1.0,0.0,0.0,0.0,0.0,0.0,0.0,0.0,0.0,0.0,0.0,2.0,2.0,4.0,0.0,0.0,0.0,0.0,0.0,0.0,0.0,0.0,0.0,0.0,0.0,0.0,0.0,0.0,0.0,0.0,0.0,12.0,321.0,26.75,35.0,0.0,0.0,0.0,0.0,0.0,0.0,4.0,,,,,,,,,,,,,,,,,,,,,,,,,,,,,,JAX,RB,2025,2.1,2.1,2.1
3044720,Joshua Dobbs,4.0,,,0.0,7.0,10.0,70.0,65.0,6.5,16.25,23.0,0.0,0.0,0.0,0.0,76.21,87.5,72.31,10.0,-5.0,-0.5,2.0,0.0,0.0,-1.25,0.0,0.0,0.0,0.0,0.0,0.0,0.0,0.0,0.0,0.0,0.0,0.0,0.0,0.0,0.0,,,,,,,,,,,,,,,,,,,,,,,,,,,,,,,,,,,,,,,,,,,,,,,,,,,,,,,,,,,,,,,2025,2.1,2.1,2.1
4428943,Jacardia Wright,1.0,,,0.0,0.0,0.0,0.0,0.0,0.0,0.0,0.0,0.0,0.0,0.0,0.0,,39.58300018310547,,5.0,20.0,4.0,10.0,0.0,0.0,20.0,0.0,0.0,1.0,0.0,0.0,0.0,0.0,0.0,0.0,0.0,0.0,0.0,0.0,0.0,0.0,,,,,,,,,,,,,,,,,,,,,,,,,,,,,,,,,,,,,,,,,,,,,,,,,,,,,,,,,,,,,SEA,RB,2025,2.0,2.0,2.0
4613050,Quentin Skinner,1.0,,,0.0,0.0,0.0,0.0,0.0,0.0,0.0,0.0,0.0,0.0,0.0,0.0,,39.58300018310547,,0.0,0.0,0.0,0.0,0.0,0.0,0.0,0.0,0.0,0.0,1.0,1.0,10.0,10.0,0.0,10.0,0.0,10.0,0.0,0.0,6.0,1.0,,,,,,,,,,,,0.0,0.0,0.0,0.0,0.0,0.0,1.0,2.0,2.0,,,,,,,,,,,,,,,,,,,,,,,,,,,,,,,,,,,,,,,,,BUF,WR,2025,1.0,1.5,2.0
4360175,Clayton Tune,2.0,,,0.0,7.0,15.0,46.66699981689453,42.0,2.799999952316284,21.0,8.0,0.0,1.0,5.0,44.0,5.1,25.694000244140625,7.82,5.0,23.0,4.599999904632568,16.0,0.0,0.0,11.5,0.0,0.0,2.0,0.0,0.0,0.0,0.0,0.0,0.0,0.0,0.0,0.0,0.0,0.0,0.0,,,,,,,,,,,,,,,,,,,,,,,,,,,,,,,,,,,,,,,,,,,,,,,,,,,,,,,,,,,,,,,2025,1.9799999999999998,1.9799999999999998,1.9799999999999998
4362617,Bryce Oliver,3.0,0.0,0.0,0.0,0.0,0.0,0.0,0.0,0.0,0.0,0.0,0.0,0.0,0.0,0.0,,39.58300018310547,,0.0,0.0,0.0,0.0,0.0,0.0,0.0,0.0,0.0,0.0,1.0,1.0,8.0,8.0,0.0,8.0,0.0,2.6666667461395264,0.0,0.0,2.0,0.0,1.0,0.0,1.0,0.0,0.0,0.0,0.0,0.0,0.0,0.0,0.0,,,,,,,,,,,,,,,,,,,,,,,,,,,,,,,,,,,,,,,,,,,,,,,,,,TEN,WR,2025,0.8,1.3,1.8
2972515,Cooper Rush,4.0,,,-4.0,34.0,52.0,65.38500213623047,303.0,5.827000141143799,75.75,56.0,0.0,4.0,1.0,16.0,25.57,48.79800033569336,26.32,4.0,-4.0,-1.0,0.0,0.0,0.0,-1.0,1.0,1.0,0.0,0.0,0.0,0.0,0.0,0.0,0.0,0.0,0.0,0.0,0.0,0.0,0.0,,,,,,,,,,,,,,,,,,,,,,,,,,,,,,,,,,,,,,,,,,,,,,,,,,,,,,,,,,,,,,,2025,1.7199999999999993,1.7199999999999993,1.7199999999999993
2531358,Chris Manhertz,17.0,0.0,0.0,0.0,0.0,0.0,0.0,0.0,0.0,0.0,0.0,0.0,0.0,0.0,0.0,,39.58300018310547,,0.0,0.0,0.0,0.0,0.0,0.0,0.0,0.0,0.0,0.0,1.0,2.0,7.0,7.0,0.0,7.0,0.0,0.4117647111415863,0.0,0.0,6.0,0.0,1.0,1.0,2.0,0.0,0.0,0.0,0.0,0.0,0.0,0.0,0.0,0.0,0.0,0.0,0.0,0.0,0.0,0.0,0.0,0.0,,,,,,,,,,,,,,,,,,,,,,,,,,,,,,,,,,,,,,,,,NYG,TE,2025,0.7,1.2,1.7
4426386,Roschon Johnson,7.0,0.0,0.0,0.0,0.0,0.0,0.0,0.0,0.0,0.0,0.0,0.0,0.0,0.0,0.0,,39.58300018310547,,2.0,17.0,8.5,11.0,0.0,0.0,2.4285714626312256,0.0,0.0,1.0,0.0,0.0,0.0,0.0,0.0,0.0,0.0,0.0,0.0,0.0,0.0,0.0,6.0,1.0,7.0,0.0,0.0,0.0,0.0,0.0,0.0,0.0,0.0,0.0,0.0,0.0,0.0,0.0,0.0,0.0,0.0,0.0,1.0,22.0,22.0,22.0,0.0,0.0,0.0,0.0,0.0,0.0,0.0,,,,,,,,,,,,,,,,,,,,,,,,,,,,,,CHI,RB,2025,1.7,1.7,1.7
4372056,Spencer Anderson,17.0,0.0,0.0,0.0,0.0,0.0,0.0,0.0,0.0,0.0,0.0,0.0,0.0,0.0,0.0,,39.58300018310547,,0.0,0.0,0.0,0.0,0.0,0.0,0.0,0.0,0.0,0.0,1.0,1.0,4.0,4.0,0.0,4.0,0.0,0.23529411852359772,0.0,0.0,4.0,0.0,1.0,0.0,1.0,0.0,0.0,0.0,0.0,0.0,0.0,0.0,0.0,0.0,0.0,0.0,0.0,0.0,0.0,0.0,0.0,0.0,,,,,,,,,,,,,,,,,,,,,,,,,,,,,,,,,,,,,,,,,PIT,G,2025,0.4,0.9,1.4
4241410,Jelani Woods,4.0,,,0.0,0.0,0.0,0.0,0.0,0.0,0.0,0.0,0.0,0.0,0.0,0.0,,39.58300018310547,,0.0,0.0,0.0,0.0,0.0,0.0,0.0,0.0,0.0,0.0,1.0,3.0,4.0,4.0,0.0,4.0,0.0,1.0,0.0,0.0,1.0,0.0,,,,,,,,,,,,0.0,0.0,0.0,0.0,0.0,0.0,0.0,0.0,0.0,,,,,,,,,,,,,,,,,,,,,,,,,,,,,,,,,,,,,,,,,NYJ,TE,2025,0.4,0.9,1.4
4430723,Jared Wiley,5.0,0.0,0.0,0.0,0.0,0.0,0.0,0.0,0.0,0.0,0.0,0.0,0.0,0.0,0.0,,39.58300018310547,,0.0,0.0,0.0,0.0,0.0,0.0,0.0,0.0,0.0,0.0,1.0,1.0,4.0,4.0,0.0,4.0,0.0,0.800000011920929,0.0,0.0,8.0,1.0,1.0,0.0,1.0,0.0,0.0,0.0,0.0,0.0,0.0,0.0,0.0,0.0,0.0,0.0,0.0,0.0,0.0,0.0,0.0,0.0,,,,,,,,,,,,,,,,,,,,,,,,,,,,,,,,,,,,,,,,,KC,TE,2025,0.4,0.9,1.4
4361259,Zach Wilson,4.0,,,0.0,6.0,11.0,54.54499816894531,32.0,2.9089999198913574,8.0,11.0,0.0,0.0,0.0,0.0,9.46,60.03799819946289,9.81,3.0,1.0,0.3330000042915344,3.0,0.0,0.0,0.25,0.0,0.0,0.0,0.0,0.0,0.0,0.0,0.0,0.0,0.0,0.0,0.0,0.0,0.0,0.0,,,,,,,,,,,,,,,,,,,,,,,,,,,,,,,,,,,,,,,,,,,,,,,,,,,,,,,,,,,,,NO,QB,2025,1.3800000000000001,1.3800000000000001,1.3800000000000001
4027873,Samori Toure,1.0,,,0.0,0.0,0.0,0.0,0.0,0.0,0.0,0.0,0.0,0.0,0.0,0.0,,39.58300018310547,,0.0,0.0,0.0,0.0,0.0,0.0,0.0,0.0,0.0,0.0,1.0,3.0,3.0,3.0,0.0,3.0,0.0,3.0,0.0,0.0,0.0,0.0,,,,,,,,,,,,,,,,,,,,,,,,,,,,,,,,,,,,,,,,,,,,,,,,,,,,,,,,,,,,,PHI,WR,2025,0.3,0.8,1.3
4429466,Drake Dabney,2.0,0.0,0.0,0.0,0.0,0.0,0.0,0.0,0.0,0.0,0.0,0.0,0.0,0.0,0.0,,39.58300018310547,,0.0,0.0,0.0,0.0,0.0,0.0,0.0,0.0,0.0,0.0,1.0,2.0,3.0,3.0,0.0,3.0,0.0,1.5,0.0,0.0,0.0,0.0,0.0,0.0,0.0,0.0,0.0,0.0,0.0,0.0,0.0,0.0,0.0,0.0,0.0,0.0,0.0,0.0,0.0,0.0,0.0,0.0,,,,,,,,,,,,,,,,,,,,,,,,,,,,,,,,,,,,,,,,,GB,TE,2025,0.3,0.8,1.3
5155825,Carter Runyon,13.0,0.0,0.0,0.0,0.0,0.0,0.0,0.0,0.0,0.0,0.0,0.0,0.0,0.0,0.0,,39.58300018310547,,0.0,0.0,0.0,0.0,0.0,0.0,0.0,0.0,0.0,0.0,1.0,1.0,3.0,3.0,0.0,3.0,0.0,0.23076923191547394,0.0,0.0,6.0,0.0,2.0,0.0,2.0,0.0,0.0,0.0,0.0,0.0,0.0,0.0,0.0,0.0,0.0,0.0,0.0,0.0,0.0,0.0,0.0,0.0,,,,,,,,,,,,,,,,,,,,,,,,,,,,,,,,,,,,,,,,,LV,TE,2025,0.3,0.8,1.3
4692024,Malachi Moore,17.0,1.0,1.0,0.0,0.0,0.0,0.0,0.0,0.0,0.0,0.0,0.0,0.0,0.0,0.0,,39.58300018310547,,0.0,0.0,0.0,0.0,0.0,0.0,0.0,1.0,0.0,0.0,1.0,1.0,3.0,3.0,0.0,3.0,0.0,0.1764705926179886,0.0,0.0,0.0,1.0,56.0,45.0,101.0,0.0,0.0,3.0,3.0,0.0,0.0,0.0,0.0,,,,,,,,,,,,,,,,,,,,,,,,,,,,,,,,,,,,,,,,,,,,,,,,,,NYJ,S,2025,0.3,0.8,1.3
3043237,Matt Haack,7.0,,,0.0,1.0,1.0,100.0,28.0,28.0,4.0,28.0,0.0,0.0,0.0,0.0,,118.75,,0.0,0.0,0.0,0.0,0.0,0.0,0.0,0.0,0.0,0.0,0.0,0.0,0.0,0.0,0.0,0.0,0.0,0.0,0.0,0.0,0.0,0.0,,,,,,,,,,,,,,,,,,,,,,,,,,,,,,,,,,,,,,,,,,,,,,,,,25.0,1283.0,65.0,51.31999969482422,43.400001525878906,0.0,10.0,0.0,4.0,15.0,198.0,13.199999809265137,,,2025,1.12,1.12,1.12
4568024,Josh Williams,3.0,,,0.0,0.0,0.0,0.0,0.0,0.0,0.0,0.0,0.0,0.0,0.0,0.0,,39.58300018310547,,4.0,11.0,2.75,4.0,0.0,0.0,3.6666667461395264,0.0,0.0,0.0,0.0,0.0,0.0,0.0,0.0,0.0,0.0,0.0,0.0,0.0,0.0,0.0,,,,,,,,,,,,0.0,0.0,0.0,0.0,0.0,0.0,0.0,0.0,0.0,5.0,129.0,25.799999237060547,28.0,0.0,0.0,0.0,0.0,0.0,0.0,0.0,,,,,,,,,,,,,,,,,,,,,,,,,,,,,,TB,RB,2025,1.1,1.1,1.1
2975674,Robert Tonyan,17.0,0.0,0.0,0.0,0.0,0.0,0.0,0.0,0.0,0.0,0.0,0.0,0.0,0.0,0.0,,39.58300018310547,,0.0,0.0,0.0,0.0,0.0,0.0,0.0,0.0,0.0,0.0,1.0,1.0,1.0,1.0,0.0,1.0,0.0,0.05882352963089943,0.0,0.0,0.0,0.0,1.0,0.0,1.0,0.0,0.0,0.0,0.0,0.0,0.0,0.0,0.0,0.0,0.0,0.0,0.0,0.0,0.0,0.0,0.0,0.0,,,,,,,,,,,,,,,,,,,,,,,,,,,,,,,,,,,,,,,,,PIT,TE,2025,0.1,0.6,1.1
4383429,Jacob Saylors,16.0,0.0,0.0,0.0,0.0,0.0,0.0,0.0,0.0,0.0,0.0,0.0,0.0,0.0,0.0,,39.58300018310547,,2.0,11.0,5.5,9.0,0.0,0.0,0.6875,0.0,0.0,1.0,0.0,0.0,0.0,0.0,0.0,0.0,0.0,0.0,0.0,0.0,0.0,0.0,4.0,4.0,8.0,0.0,0.0,0.0,0.0,0.0,0.0,0.0,0.0,0.0,0.0,0.0,0.0,0.0,0.0,0.0,0.0,0.0,33.0,897.0,27.18181800842285,39.0,0.0,0.0,0.0,0.0,0.0,0.0,0.0,,,,,,,,,,,,,,,,,,,,,,,,,,,,,,DET,RB,2025,1.1,1.1,1.1
4361100,Jack Westover,17.0,0.0,0.0,0.0,0.0,0.0,0.0,0.0,0.0,0.0,0.0,0.0,0.0,0.0,0.0,,39.58300018310547,,0.0,0.0,0.0,0.0,0.0,0.0,0.0,0.0,0.0,0.0,1.0,2.0,0.0,0.0,0.0,0.0,0.0,0.0,0.0,0.0,0.0,0.0,1.0,0.0,1.0,0.0,0.0,0.0,0.0,0.0,0.0,0.0,0.0,0.0,0.0,0.0,0.0,0.0,0.0,0.0,0.0,0.0,,,,,,,,,,,,,,,,,,,,,,,,,,,,,,,,,,,,,,,,,NE,FB,2025,0.0,0.5,1.0
4431523,Connor Colby,13.0,,,0.0,0.0,0.0,0.0,0.0,0.0,0.0,0.0,0.0,0.0,0.0,0.0,,39.58300018310547,,0.0,0.0,0.0,0.0,0.0,0.0,0.0,0.0,0.0,0.0,1.0,1.0,-1.0,-1.0,0.0,-1.0,0.0,-0.07692307978868484,0.0,0.0,5.0,0.0,,,,,,,,,,,,0.0,0.0,0.0,0.0,0.0,0.0,0.0,0.0,0.0,,,,,,,,,,,,,,,,,,,,,,,,,,,,,,,,,,,,,,,,,SF,G,2025,-0.1,0.4,0.9
2574511,Brandon Allen,1.0,,,0.0,17.0,30.0,56.66699981689453,72.0,2.4000000953674316,72.0,21.0,0.0,1.0,1.0,7.0,8.68,47.91699981689453,9.9,0.0,0.0,0.0,0.0,0.0,0.0,0.0,0.0,0.0,0.0,0.0,0.0,0.0,0.0,0.0,0.0,0.0,0.0,0.0,0.0,0.0,0.0,,,,,,,,,,,,,,,,,,,,,,,,,,,,,,,,,,,,,,,,,,,,,,,,,,,,,,,,,,,,,NYG,QB,2025,0.8799999999999999,0.8799999999999999,0.8799999999999999
4878878,Amar Johnson,2.0,,,0.0,0.0,0.0,0.0,0.0,0.0,0.0,0.0,0.0,0.0,0.0,0.0,,39.58300018310547,,2.0,8.0,4.0,6.0,0.0,0.0,4.0,0.0,0.0,0.0,0.0,1.0,0.0,0.0,0.0,0.0,0.0,0.0,0.0,0.0,0.0,0.0,,,,,,,,,,,,0.0,0.0,0.0,0.0,0.0,0.0,0.0,0.0,0.0,,,,,,,,,,,,,,,,,,,,,,,,,,,,,,,,,,,,,,,,,LAC,RB,2025,0.8,0.8,0.8
4429121,Kalel Mullings,9.0,0.0,0.0,0.0,0.0,0.0,0.0,0.0,0.0,0.0,0.0,0.0,0.0,0.0,0.0,,39.58300018310547,,3.0,7.0,2.3329999446868896,4.0,0.0,0.0,0.7777777910232544,0.0,0.0,2.0,0.0,0.0,0.0,0.0,0.0,0.0,0.0,0.0,0.0,0.0,0.0,0.0,1.0,2.0,3.0,0.0,0.0,0.0,0.0,0.0,0.0,0.0,0.0,0.0,0.0,0.0,0.0,0.0,0.0,0.0,0.0,0.0,,,,,,,,,,,,,,,,,,,,,,,,,,,,,,,,,,,,,,,,,TEN,RB,2025,0.7,0.7,0.7
3914922,Rigoberto Sanchez,17.0,,,0.0,1.0,1.0,100.0,16.0,16.0,0.9411764740943909,16.0,0.0,0.0,0.0,0.0,,118.75,,0.0,0.0,0.0,0.0,0.0,0.0,0.0,0.0,0.0,0.0,0.0,0.0,0.0,0.0,0.0,0.0,0.0,0.0,0.0,0.0,0.0,0.0,,,,,,,,,,,,0.0,0.0,0.0,0.0,0.0,0.0,0.0,0.0,0.0,,,,,,,,,,,,0.0,0.0,0.0,0.0,0.0,0.0,0.0,0.0,0.0,0.0,0.0,0.0,0.0,0.0,0.0,0.0,0.0,44.0,2146.0,59.0,48.77299880981445,44.68199920654297,0.0,22.0,3.0,15.0,19.0,120.0,6.315999984741211,IND,P,2025,0.64,0.64,0.64
4249616,Owen Wright,3.0,,,0.0,0.0,0.0,0.0,0.0,0.0,0.0,0.0,0.0,0.0,0.0,0.0,,39.58300018310547,,3.0,6.0,2.0,4.0,0.0,0.0,2.0,0.0,0.0,0.0,0.0,0.0,0.0,0.0,0.0,0.0,0.0,0.0,0.0,0.0,0.0,0.0,,,,,,,,,,,,0.0,0.0,0.0,0.0,0.0,0.0,0.0,0.0,0.0,3.0,73.0,24.33333396911621,28.0,0.0,0.0,0.0,0.0,0.0,0.0,0.0,,,,,,,,,,,,,,,,,,,,,,,,,,,,,,,,2025,0.6,0.6,0.6
3886818,Myles Gaskin,1.0,,,0.0,0.0,0.0,0.0,0.0,0.0,0.0,0.0,0.0,0.0,0.0,0.0,,39.58300018310547,,3.0,6.0,2.0,3.0,0.0,0.0,6.0,0.0,0.0,0.0,0.0,0.0,0.0,0.0,0.0,0.0,0.0,0.0,0.0,0.0,0.0,0.0,,,,,,,,,,,,,,,,,,,,,,,,,,,,,,,,,,,,,,,,,,,,,,,,,,,,,,,,,,,,,,,2025,0.6,0.6,0.6
4034948,Feleipe Franks,17.0,0.0,0.0,0.0,0.0,0.0,0.0,0.0,0.0,0.0,0.0,0.0,0.0,0.0,0.0,53.16,39.58300018310547,54.66,2.0,4.0,2.0,2.0,0.0,0.0,0.23529411852359772,0.0,0.0,2.0,0.0,0.0,0.0,0.0,0.0,0.0,0.0,0.0,0.0,0.0,0.0,0.0,8.0,3.0,11.0,0.0,0.0,0.0,0.0,0.0,0.0,0.0,0.0,0.0,0.0,0.0,0.0,0.0,0.0,0.0,0.0,0.0,,,,,,,,,,,,,,,,,,,,,,,,,,,,,,,,,,,,,,,,,CAR,TE,2025,0.4,0.4,0.4
4421446,Craig Reynolds,7.0,0.0,0.0,0.0,0.0,0.0,0.0,0.0,0.0,0.0,0.0,0.0,0.0,0.0,0.0,,39.58300018310547,,3.0,4.0,1.3329999446868896,3.0,0.0,0.0,0.5714285969734192,0.0,0.0,0.0,0.0,0.0,0.0,0.0,0.0,0.0,0.0,0.0,0.0,0.0,0.0,0.0,4.0,2.0,6.0,0.0,0.0,0.0,0.0,0.0,0.0,0.0,0.0,0.0,0.0,0.0,0.0,0.0,0.0,0.0,0.0,0.0,5.0,118.0,23.600000381469727,26.0,0.0,0.0,0.0,0.0,0.0,0.0,0.0,,,,,,,,,,,,,,,,,,,,,,,,,,,,,,,,2025,0.4,0.4,0.4
4912274,Sione Vaki,11.0,0.0,0.0,0.0,0.0,0.0,0.0,0.0,0.0,0.0,0.0,0.0,0.0,0.0,0.0,,39.58300018310547,,1.0,4.0,4.0,4.0,0.0,0.0,0.3636363744735718,0.0,0.0,0.0,0.0,0.0,0.0,0.0,0.0,0.0,0.0,0.0,0.0,0.0,0.0,0.0,6.0,4.0,10.0,0.0,0.0,0.0,0.0,0.0,0.0,0.0,0.0,0.0,0.0,0.0,0.0,0.0,0.0,0.0,0.0,0.0,2.0,39.0,19.5,29.0,0.0,0.0,0.0,0.0,0.0,0.0,0.0,,,,,,,,,,,,,,,,,,,,,,,,,,,,,,DET,RB,2025,0.4,0.4,0.4
4259632,Isaiah Pola-Mao,17.0,0.0,0.0,0.0,0.0,0.0,0.0,0.0,0.0,0.0,0.0,0.0,0.0,0.0,0.0,,39.58300018310547,,1.0,3.0,3.0,3.0,0.0,0.0,0.1764705926179886,0.0,0.0,0.0,0.0,0.0,0.0,0.0,0.0,0.0,0.0,0.0,0.0,0.0,0.0,0.0,58.0,34.0,92.0,0.0,0.0,4.0,4.0,0.0,2.0,0.0,0.0,,,,,,,,,,,,,,,,,,,,,,,,,,,,,,,,,,,,,,,,,,,,,,,,,,LV,S,2025,0.3,0.3,0.3
4248455,Rodney Thomas II,17.0,0.0,0.0,0.0,0.0,0.0,0.0,0.0,0.0,0.0,0.0,0.0,0.0,0.0,0.0,,39.58300018310547,,1.0,3.0,3.0,3.0,0.0,0.0,0.1764705926179886,0.0,0.0,1.0,0.0,0.0,0.0,0.0,0.0,0.0,0.0,0.0,0.0,0.0,0.0,0.0,14.0,7.0,21.0,0.0,0.0,1.0,0.0,0.0,0.0,0.0,0.0,0.0,0.0,0.0,0.0,0.0,0.0,0.0,0.0,0.0,,,,,,,,,,,,,,,,,,,,,,,,,,,,,,,,,,,,,,,,,SEA,S,2025,0.3,0.3,0.3
4429012,Kendall Milton,1.0,,,0.0,0.0,0.0,0.0,0.0,0.0,0.0,0.0,0.0,0.0,0.0,0.0,,39.58300018310547,,2.0,2.0,1.0,2.0,0.0,0.0,2.0,0.0,0.0,0.0,0.0,0.0,0.0,0.0,0.0,0.0,0.0,0.0,0.0,0.0,0.0,0.0,,,,,,,,,,,,,,,,,,,,,,,,,,,,,,,,,,,,,,,,,,,,,,,,,,,,,,,,,,,,,CIN,RB,2025,0.2,0.2,0.2
4427982,Austin McNamara,17.0,,,0.0,1.0,1.0,100.0,3.0,3.0,0.1764705926179886,3.0,0.0,0.0,0.0,0.0,,79.16699981689453,,0.0,0.0,0.0,0.0,0.0,0.0,0.0,0.0,0.0,0.0,0.0,0.0,0.0,0.0,0.0,0.0,0.0,0.0,0.0,0.0,0.0,0.0,,,,,,,,,,,,,,,,,,,,,,,,,,,,,,,,0.0,0.0,0.0,0.0,0.0,0.0,0.0,0.0,0.0,0.0,0.0,0.0,0.0,0.0,0.0,0.0,0.0,71.0,3317.0,72.0,46.71799850463867,43.154998779296875,0.0,32.0,6.0,25.0,21.0,133.0,6.333000183105469,NYJ,P,2025,0.12,0.12,0.12
4240069,Malik Cunningham,1.0,,,0.0,0.0,0.0,0.0,0.0,0.0,0.0,0.0,0.0,0.0,0.0,0.0,2.83,39.58300018310547,1.28,1.0,1.0,1.0,1.0,0.0,0.0,1.0,0.0,0.0,0.0,0.0,0.0,0.0,0.0,0.0,0.0,0.0,0.0,0.0,0.0,0.0,0.0,,,,,,,,,,,,,,,,,,,,,,,,,,,,,,,,,,,,,,,,,,,,,,,,,,,,,,,,,,,,,DET,WR,2025,0.1,0.1,0.1
3924327,Drew Lock,5.0,0.0,0.0,0.0,2.0,3.0,66.66699981689453,15.0,5.0,3.0,11.0,0.0,0.0,0.0,0.0,6.54,78.47200012207031,5.62,6.0,-5.0,-0.8330000042915344,0.0,0.0,0.0,-1.0,2.0,0.0,0.0,0.0,0.0,0.0,0.0,0.0,0.0,0.0,0.0,0.0,0.0,0.0,0.0,0.0,0.0,0.0,0.0,0.0,0.0,0.0,0.0,0.0,0.0,0.0,0.0,0.0,0.0,0.0,0.0,0.0,0.0,0.0,0.0,,,,,,,,,,,,,,,,,,,,,,,,,,,,,,,,,,,,,,,,,SEA,QB,2025,0.09999999999999998,0.09999999999999998,0.09999999999999998
4575431,Devon Witherspoon,12.0,0.0,1.0,0.0,,,,,,,,,,,,,,,,,,,,,,,,,,,,,,,,,,,,,48.0,24.0,72.0,0.5,3.5,2.0,7.0,3.0,1.0,3.0,0.0,,,,,,,,,,,,,,,,,,,,,,,,,,,,,,,,,,,,,,,,,,,,,,,,,,SEA,CB,2025,0.0,0.0,0.0
4574689,Trey Amos,10.0,0.0,0.0,0.0,,,,,,,,,,,,,,,,,,,,,,,,,,,,,,,,,,,,,19.0,13.0,32.0,0.0,0.0,1.0,6.0,0.0,0.0,0.0,0.0,,,,,,,,,,,,,,,,,,,,,,,,,,,,,,,,,,,,,,,,,,,,,,,,,,WSH,CB,2025,0.0,0.0,0.0
4573319,Danny Striggow,10.0,0.0,1.0,0.0,,,,,,,,,,,,,,,,,,,,,,,,,,,,,,,,,,,,,6.0,10.0,16.0,0.5,2.0,0.0,0.0,0.0,0.0,0.0,0.0,0.0,0.0,0.0,0.0,0.0,0.0,0.0,0.0,0.0,,,,,,,,,,,,,,,,,,,,,,,,,,,,,,,,,,,,,,,,,JAX,DE,2025,0.0,0.0,0.0
4599198,Jared Wilson,13.0,0.0,0.0,0.0,,,,,,,,,,,,,,,,,,,,,,,,,,,,,,,,,,,,,0.0,0.0,0.0,0.0,0.0,0.0,0.0,0.0,0.0,0.0,0.0,0.0,0.0,0.0,0.0,0.0,0.0,0.0,0.0,0.0,,,,,,,,,,,,,,,,,,,,,,,,,,,,,,,,,,,,,,,,,NE,C,2025,0.0,0.0,0.0
4573318,Dorian Mausi,17.0,0.0,1.0,0.0,,,,,,,,,,,,,,,,,,,,,,,,,,,,,,,,,,,,,5.0,4.0,9.0,0.0,0.0,0.0,0.0,0.0,0.0,0.0,0.0,0.0,0.0,0.0,0.0,0.0,0.0,0.0,0.0,0.0,,,,,,,,,,,,,,,,,,,,,,,,,,,,,,,,,,,,,,,,,TEN,LB,2025,0.0,0.0,0.0
4690795,Elijah Roberts,17.0,0.0,1.0,0.0,,,,,,,,,,,,,,,,,,,,,,,,,,,,,,,,,,,,,10.0,4.0,14.0,2.0,10.0,2.0,3.0,0.0,0.0,0.0,0.0,0.0,0.0,0.0,0.0,0.0,0.0,0.0,0.0,0.0,,,,,,,,,,,,,,,,,,,,,,,,,,,,,,,,,,,,,,,,,TB,DE,2025,0.0,0.0,0.0
4573188,Nick Martin,7.0,1.0,0.0,0.0,,,,,,,,,,,,,,,,,,,,,,,,,,,,,,,,,,,,,8.0,3.0,11.0,0.0,0.0,0.0,0.0,0.0,0.0,0.0,0.0,0.0,0.0,0.0,0.0,0.0,0.0,0.0,0.0,0.0,,,,,,,,,,,,,,,,,,,,,,,,,,,,,,,,,,,,,,,,,SF,LB,2025,0.0,0.0,0.0
4600415,Mike Hall Jr.,9.0,0.0,0.0,0.0,,,,,,,,,,,,,,,,,,,,,,,,,,,,,,,,,,,,,4.0,7.0,11.0,1.5,13.0,2.0,0.0,0.0,0.0,0.0,0.0,0.0,0.0,0.0,0.0,0.0,0.0,0.0,0.0,0.0,,,,,,,,,,,,,,,,,,,,,,,,,,,,,,,,,,,,,,,,,CLE,DT,2025,0.0,0.0,0.0
4690179,Tavius Robinson,10.0,1.0,0.0,0.0,,,,,,,,,,,,,,,,,,,,,,,,,,,,,,,,,,,,,15.0,13.0,28.0,4.5,29.5,3.0,1.0,0.0,0.0,0.0,0.0,0.0,0.0,0.0,0.0,0.0,0.0,0.0,0.0,0.0,,,,,,,,,,,,,,,,,,,,,,,,,,,,,,,,,,,,,,,,,BAL,LB,2025,0.0,0.0,0.0
4572704,Branson Combs,10.0,1.0,0.0,0.0,,,,,,,,,,,,,,,,,,,,,,,,,,,,,,,,,,,,,3.0,6.0,9.0,0.0,0.0,0.0,0.0,0.0,0.0,0.0,0.0,0.0,0.0,0.0,0.0,0.0,0.0,0.0,0.0,0.0,,,,,,,,,,,,,,,,,,,,,,,,,,,,,,,,,,,,,,,,,JAX,LB,2025,0.0,0.0,0.0
4572519,Dom Jones,8.0,0.0,0.0,0.0,,,,,,,,,,,,,,,,,,,,,,,,,,,,,,,,,,,,,4.0,1.0,5.0,0.0,0.0,0.0,0.0,0.0,0.0,0.0,0.0,0.0,0.0,0.0,0.0,0.0,0.0,0.0,0.0,0.0,,,,,,,,,,,,,,,,,,,,,,,,,,,,,,,,,,,,,,,,,CLE,CB,2025,0.0,0.0,0.0
4601021,Jaylon Carlies,3.0,0.0,0.0,0.0,,,,,,,,,,,,,,,,,,,,,,,,,,,,,,,,,,,,,0.0,1.0,1.0,0.0,0.0,0.0,0.0,0.0,0.0,0.0,0.0,0.0,0.0,0.0,0.0,0.0,0.0,0.0,0.0,0.0,,,,,,,,,,,,,,,,,,,,,,,,,,,,,,,,,,,,,,,,,IND,LB,2025,0.0,0.0,0.0
4572460,Tyler Owens,17.0,0.0,0.0,0.0,,,,,,,,,,,,,,,,,,,,,,,,,,,,,,,,,,,,,9.0,4.0,13.0,0.0,0.0,0.0,0.0,0.0,0.0,0.0,0.0,0.0,0.0,0.0,0.0,0.0,0.0,0.0,0.0,0.0,,,,,,,,,,,,,,,,,,,,,,,,,,,,,,,,,,,,,,,,,WSH,S,2025,0.0,0.0,0.0
4572371,Josh Wallace,15.0,0.0,0.0,0.0,,,,,,,,,,,,,,,,,,,,,,,,,,,,,,,,,,,,,18.0,2.0,20.0,0.0,0.0,0.0,3.0,56.0,1.0,56.0,0.0,0.0,0.0,0.0,0.0,0.0,0.0,0.0,0.0,0.0,,,,,,,,,,,,,,,,,,,,,,,,,,,,,,,,,,,,,,,,,LAR,CB,2025,0.0,0.0,0.0
4572055,Mike Morris,17.0,0.0,0.0,0.0,,,,,,,,,,,,,,,,,,,,,,,,,,,,,,,,,,,,,11.0,7.0,18.0,0.0,0.0,2.0,1.0,0.0,0.0,0.0,0.0,0.0,0.0,0.0,0.0,0.0,0.0,0.0,0.0,0.0,,,,,,,,,,,,,,,,,,,,,,,,,,,,,,,,,,,,,,,,,SEA,DE,2025,0.0,0.0,0.0
4572051,William Wagner,17.0,0.0,0.0,0.0,,,,,,,,,,,,,,,,,,,,,,,,,,,,,,,,,,,,,0.0,2.0,2.0,0.0,0.0,0.0,0.0,0.0,0.0,0.0,0.0,0.0,0.0,0.0,0.0,0.0,0.0,0.0,0.0,0.0,,,,,,,,,,,,,,,,,,,,,,,,,,,,,,,,,,,,,,,,,CIN,LS,2025,0.0,0.0,0.0
4572036,DJ Turner II,17.0,2.0,1.0,0.0,,,,,,,,,,,,,,,,,,,,,,,,,,,,,,,,,,,,,28.0,12.0,40.0,0.0,0.0,2.0,18.0,7.0,2.0,7.0,0.0,0.0,0.0,0.0,0.0,0.0,0.0,0.0,0.0,0.0,,,,,,,,,,,,,,,,,,,,,,,,,,,,,,,,,,,,,,,,,CIN,CB,2025,0.0,0.0,0.0
4571755,Hogan Hatten,17.0,0.0,0.0,0.0,,,,,,,,,,,,,,,,,,,,,,,,,,,,,,,,,,,,,0.0,2.0,2.0,0.0,0.0,0.0,0.0,0.0,0.0,0.0,0.0,0.0,0.0,0.0,0.0,0.0,0.0,0.0,0.0,0.0,,,,,,,,,,,,,,,,,,,,,,,,,,,,,,,,,,,,,,,,,DET,LS,2025,0.0,0.0,0.0
4572922,Christopher Edmonds,9.0,0.0,0.0,0.0,,,,,,,,,,,,,,,,,,,,,,,,,,,,,,,,,,,,,1.0,6.0,7.0,0.0,0.0,0.0,0.0,0.0,0.0,0.0,0.0,0.0,0.0,0.0,0.0,0.0,0.0,0.0,0.0,0.0,,,,,,,,,,,,,,,,,,,,,,,,,,,,,,,,,,,,,,,,,CLE,S,2025,0.0,0.0,0.0
4591008,Omarr Norman-Lott,5.0,0.0,0.0,0.0,,,,,,,,,,,,,,,,,,,,,,,,,,,,,,,,,,,,,4.0,1.0,5.0,1.0,4.0,1.0,0.0,0.0,0.0,0.0,0.0,0.0,0.0,0.0,0.0,0.0,0.0,0.0,0.0,0.0,,,,,,,,,,,,,,,,,,,,,,,,,,,,,,,,,,,,,,,,,KC,DT,2025,0.0,0.0,0.0
4592837,Terrion Arnold,8.0,0.0,0.0,0.0,,,,,,,,,,,,,,,,,,,,,,,,,,,,,,,,,,,,,23.0,8.0,31.0,0.0,0.0,0.0,8.0,0.0,1.0,0.0,0.0,,,,,,,,,,,,,,,,,,,,,,,,,,,,,,,,,,,,,,,,,,,,,,,,,,,,2025,0.0,0.0,0.0
4590292,Thomas Fidone II,7.0,0.0,0.0,0.0,,,,,,,,,,,,,,,,,,,,,,,,,,,,,,,,,,,,,1.0,0.0,1.0,0.0,0.0,0.0,0.0,0.0,0.0,0.0,0.0,0.0,0.0,0.0,0.0,0.0,0.0,0.0,0.0,0.0,,,,,,,,,,,,,,,,,,,,,,,,,,,,,,,,,,,,,,,,,NYG,TE,2025,0.0,0.0,0.0
4589212,Jeremy Crawshaw,17.0,0.0,0.0,0.0,,,,,,,,,,,,,,,,,,,,,,,,,,,,,,,,,,,,,0.0,1.0,1.0,0.0,0.0,0.0,0.0,0.0,0.0,0.0,0.0,,,,,,,,,,,,,,,,,,,,,,,,,,,,,,,,,,,,,,75.0,3573.0,76.0,47.63999938964844,41.132999420166016,0.0,30.0,9.0,23.0,29.0,308.0,10.621000289916992,DEN,P,2025,0.0,0.0,0.0
4588300,Kobe King,14.0,0.0,0.0,0.0,,,,,,,,,,,,,,,,,,,,,,,,,,,,,,,,,,,,,5.0,5.0,10.0,0.0,0.0,0.0,0.0,0.0,0.0,0.0,0.0,0.0,0.0,0.0,0.0,0.0,0.0,0.0,0.0,0.0,,,,,,,,,,,,,,,,,,,,,,,,,,,,,,,,,,,,,,,,,NYJ,LB,2025,0.0,0.0,0.0
4594277,Jaylin Smith,4.0,0.0,1.0,0.0,,,,,,,,,,,,,,,,,,,,,,,,,,,,,,,,,,,,,3.0,3.0,6.0,0.0,0.0,0.0,0.0,0.0,0.0,0.0,0.0,0.0,0.0,0.0,0.0,0.0,0.0,0.0,0.0,0.0,,,,,,,,,,,,,,,,,,,,,,,,,,,,,,,,,,,,,,,,,HOU,CB,2025,0.0,0.0,0.0
4571162,Jalyx Hunt,17.0,2.0,1.0,0.0,,,,,,,,,,,,,,,,,,,,,,,,,,,,,,,,,,,,,28.0,24.0,52.0,6.5,45.0,9.0,3.0,42.0,3.0,53.0,1.0,,,,,,,,,,,,,,,,,,,,,,,,,,,,,,,,,,,,,,,,,,,,,,,,,,PHI,LB,2025,0.0,0.0,0.0
4586333,Mekhi Wingo,2.0,0.0,0.0,0.0,,,,,,,,,,,,,,,,,,,,,,,,,,,,,,,,,,,,,2.0,1.0,3.0,0.0,0.0,0.0,0.0,0.0,0.0,0.0,0.0,,,,,,,,,,,,,,,,,,,,,,,,,,,,,,,,,,,,,,,,,,,,,,,,,,DET,DT,2025,0.0,0.0,0.0
4585317,Kendell Brooks,11.0,0.0,0.0,0.0,,,,,,,,,,,,,,,,,,,,,,,,,,,,,,,,,,,,,11.0,11.0,22.0,0.0,0.0,0.0,0.0,0.0,0.0,0.0,0.0,0.0,0.0,0.0,0.0,0.0,0.0,0.0,0.0,0.0,,,,,,,,,,,,,,,,,,,,,,,,,,,,,,,,,,,,,,,,,TEN,S,2025,0.0,0.0,0.0
4599160,Trey Washington,4.0,0.0,0.0,0.0,,,,,,,,,,,,,,,,,,,,,,,,,,,,,,,,,,,,,0.0,4.0,4.0,0.0,0.0,0.0,0.0,0.0,0.0,0.0,0.0,0.0,0.0,0.0,0.0,0.0,0.0,0.0,0.0,0.0,,,,,,,,,,,,,,,,,,,,,,,,,,,,,,,,,,,,,,,,,IND,S,2025,0.0,0.0,0.0
4594338,Brandon Johnson,3.0,0.0,0.0,0.0,,,,,,,,,,,,,,,,,,,,,,,,,,,,,,,,,,,,,1.0,2.0,3.0,0.0,0.0,0.0,1.0,0.0,0.0,0.0,0.0,0.0,0.0,0.0,0.0,0.0,0.0,0.0,0.0,0.0,,,,,,,,,,,,,,,,,,,,,,,,,,,,,,,,,,,,,,,,,,,2025,0.0,0.0,0.0
4577494,Alijah Huzzie,2.0,0.0,0.0,0.0,,,,,,,,,,,,,,,,,,,,,,,,,,,,,,,,,,,,,3.0,1.0,4.0,0.0,0.0,0.0,1.0,0.0,1.0,0.0,0.0,0.0,0.0,0.0,0.0,0.0,0.0,0.0,0.0,0.0,,,,,,,,,,,,,,,,,,,,,,,,,,,,,,,,,,,,,,,,,HOU,CB,2025,0.0,0.0,0.0
4577066,Keonta Jenkins,3.0,0.0,0.0,0.0,,,,,,,,,,,,,,,,,,,,,,,,,,,,,,,,,,,,,5.0,4.0,9.0,0.0,0.0,0.0,0.0,0.0,0.0,0.0,0.0,,,,,,,,,,,,,,,,,,,,,,,,,,,,,,,,,,,,,,,,,,,,,,,,,,BUF,LB,2025,0.0,0.0,0.0
4575559,Bralyn Lux,2.0,0.0,0.0,0.0,,,,,,,,,,,,,,,,,,,,,,,,,,,,,,,,,,,,,2.0,1.0,3.0,0.0,0.0,0.0,0.0,0.0,0.0,0.0,0.0,0.0,0.0,0.0,0.0,0.0,0.0,0.0,0.0,0.0,,,,,,,,,,,,,,,,,,,,,,,,,,,,,,,,,,,,,,,,,CIN,CB,2025,0.0,0.0,0.0
4595352,Alijah Clark,11.0,1.0,0.0,0.0,,,,,,,,,,,,,,,,,,,,,,,,,,,,,,,,,,,,,9.0,9.0,18.0,0.0,0.0,0.0,0.0,0.0,0.0,0.0,0.0,0.0,0.0,0.0,0.0,0.0,0.0,0.0,0.0,0.0,,,,,,,,,,,,,,,,,,,,,,,,,,,,,,,,,,,,,,,,,DAL,S,2025,0.0,0.0,0.0
4596363,Kamren Kinchens,17.0,0.0,2.0,0.0,,,,,,,,,,,,,,,,,,,,,,,,,,,,,,,,,,,,,56.0,28.0,84.0,0.0,0.0,0.0,6.0,31.0,2.0,53.0,0.0,,,,,,,,,,,,,,,,,,,,,,,,,,,,,,,,,,,,,,,,,,,,,,,,,,LAR,S,2025,0.0,0.0,0.0
4596480,Jordan Hancock,13.0,0.0,0.0,0.0,,,,,,,,,,,,,,,,,,,,,,,,,,,,,,,,,,,,,9.0,13.0,22.0,0.0,0.0,0.0,0.0,0.0,0.0,0.0,0.0,0.0,0.0,0.0,0.0,0.0,0.0,0.0,0.0,0.0,,,,,,,,,,,,,,,,,,,,,,,,,,,,,,,,,,,,,,,,,BUF,CB,2025,0.0,0.0,0.0
4575517,Kyle Hamilton,16.0,2.0,0.0,0.0,,,,,,,,,,,,,,,,,,,,,,,,,,,,,,,,,,,,,59.0,46.0,105.0,1.0,13.0,7.0,9.0,0.0,0.0,0.0,0.0,,,,,,,,,,,,,,,,,,,,,,,,,,,,,,,,,,,,,,,,,,,,,,,,,,BAL,S,2025,0.0,0.0,0.0
4575483,T.J. Tampa,17.0,0.0,0.0,0.0,,,,,,,,,,,,,,,,,,,,,,,,,,,,,,,,,,,,,21.0,8.0,29.0,0.0,0.0,0.0,2.0,0.0,1.0,0.0,0.0,0.0,0.0,0.0,0.0,0.0,0.0,0.0,0.0,0.0,,,,,,,,,,,,,,,,,,,,,,,,,,,,,,,,,,,,,,,,,BAL,CB,2025,0.0,0.0,0.0
4578085,Jared Verse,17.0,3.0,0.0,0.0,,,,,,,,,,,,,,,,,,,,,,,,,,,,,,,,,,,,,35.0,23.0,58.0,7.5,52.5,11.0,1.0,0.0,0.0,0.0,0.0,,,,,,,,,,,,,,,,,,,,,,,,,,,,,,,,,,,,,,,,,,,,,,,,,,CLE,DE,2025,0.0,0.0,0.0
4569511,Drake Jackson,3.0,0.0,0.0,0.0,,,,,,,,,,,,,,,,,,,,,,,,,,,,,,,,,,,,,1.0,2.0,3.0,0.0,0.0,0.0,0.0,0.0,0.0,0.0,0.0,,,,,,,,,,,,,,,,,,,,,,,,,,,,,,,,,,,,,,,,,,,,,,,,,,WSH,DE,2025,0.0,0.0,0.0
4569497,Sam Okuayinonu,15.0,1.0,0.0,0.0,,,,,,,,,,,,,,,,,,,,,,,,,,,,,,,,,,,,,23.0,16.0,39.0,3.0,18.0,6.0,0.0,0.0,0.0,0.0,0.0,0.0,0.0,0.0,0.0,0.0,0.0,0.0,0.0,0.0,,,,,,,,,,,,,,,,,,,,,,,,,,,,,,,,,,,,,,,,,SF,DT,2025,0.0,0.0,0.0
4569480,Darius Robinson,15.0,0.0,1.0,0.0,,,,,,,,,,,,,,,,,,,,,,,,,,,,,,,,,,,,,15.0,28.0,43.0,1.0,5.0,4.0,0.0,0.0,0.0,0.0,0.0,0.0,0.0,0.0,0.0,0.0,0.0,0.0,0.0,0.0,,,,,,,,,,,,,,,,,,,,,,,,,,,,,,,,,,,,,,,,,ARI,DE,2025,0.0,0.0,0.0
4569474,Logan Lee,7.0,0.0,0.0,0.0,,,,,,,,,,,,,,,,,,,,,,,,,,,,,,,,,,,,,2.0,0.0,2.0,0.0,0.0,0.0,2.0,0.0,0.0,0.0,0.0,0.0,0.0,0.0,0.0,0.0,0.0,0.0,0.0,0.0,,,,,,,,,,,,,,,,,,,,,,,,,,,,,,,,,,,,,,,,,PIT,DT,2025,0.0,0.0,0.0
4689333,Tyrus Wheat,15.0,1.0,0.0,0.0,,,,,,,,,,,,,,,,,,,,,,,,,,,,,,,,,,,,,7.0,8.0,15.0,1.5,11.0,1.0,1.0,0.0,0.0,0.0,0.0,0.0,0.0,0.0,0.0,0.0,0.0,0.0,0.0,0.0,,,,,,,,,,,,,,,,,,,,,,,,,,,,,,,,,,,,,,,,,DAL,LB,2025,0.0,0.0,0.0
4569465,Jack Campbell,17.0,3.0,2.0,0.0,,,,,,,,,,,,,,,,,,,,,,,,,,,,,,,,,,,,,89.0,87.0,176.0,5.0,43.0,9.0,4.0,0.0,0.0,0.0,0.0,,,,,,,,,,,,,,,,,,,,,,,,,,,,,,,,,,,,,,,,,,,,,,,,,,DET,LB,2025,0.0,0.0,0.0
4569428,Carl Jones,13.0,0.0,0.0,0.0,,,,,,,,,,,,,,,,,,,,,,,,,,,,,,,,,,,,,3.0,9.0,12.0,0.0,0.0,0.0,0.0,0.0,0.0,0.0,0.0,0.0,0.0,0.0,0.0,0.0,0.0,0.0,0.0,0.0,,,,,,,,,,,,,,,,,,,,,,,,,,,,,,,,,,,,,,,,,BAL,LB,2025,0.0,0.0,0.0
4567979,Brandin Echols,16.0,1.0,1.0,0.0,,,,,,,,,,,,,,,,,,,,,,,,,,,,,,,,,,,,,34.0,14.0,48.0,1.0,8.0,3.0,6.0,0.0,2.0,0.0,0.0,0.0,0.0,0.0,0.0,0.0,0.0,0.0,0.0,0.0,,,,,,,,,,,,,,,,,,,,,,,,,,,,,,,,,,,,,,,,,PIT,CB,2025,0.0,0.0,0.0
4569372,Dalevon Campbell,2.0,0.0,0.0,0.0,,,,,,,,,,,,,,,,,,,,,,,,,,,,,,,,,,,,,1.0,0.0,1.0,0.0,0.0,0.0,0.0,0.0,0.0,0.0,0.0,0.0,0.0,0.0,0.0,0.0,0.0,0.0,0.0,0.0,,,,,,,,,,,,,,,,,,,,,,,,,,,,,,,,,,,,,,,,,LAC,WR,2025,0.0,0.0,0.0
4569323,Thomas Harper,12.0,1.0,0.0,0.0,,,,,,,,,,,,,,,,,,,,,,,,,,,,,,,,,,,,,26.0,11.0,37.0,0.0,0.0,1.0,5.0,0.0,1.0,0.0,0.0,0.0,0.0,0.0,0.0,0.0,0.0,0.0,0.0,0.0,,,,,,,,,,,,,,,,,,,,,,,,,,,,,,,,,,,,,,,,,DET,S,2025,0.0,0.0,0.0
4601278,Nate Wiggins,17.0,0.0,0.0,0.0,,,,,,,,,,,,,,,,,,,,,,,,,,,,,,,,,,,,,57.0,19.0,76.0,0.0,0.0,2.0,14.0,61.0,3.0,84.0,0.0,,,,,,,,,,,,,,,,,,,,,,,,,,,,,,,,,,,,,,,,,,,,,,,,,,BAL,CB,2025,0.0,0.0,0.0
4569016,Eric Watts,4.0,0.0,0.0,0.0,,,,,,,,,,,,,,,,,,,,,,,,,,,,,,,,,,,,,6.0,4.0,10.0,0.0,0.0,0.0,0.0,0.0,0.0,0.0,0.0,,,,,,,,,,,,,,,,,,,,,,,,,,,,,,,,,,,,,,,,,,,,,,,,,,NYJ,DE,2025,0.0,0.0,0.0
4568217,Tyler Davis,17.0,0.0,1.0,0.0,,,,,,,,,,,,,,,,,,,,,,,,,,,,,,,,,,,,,14.0,29.0,43.0,1.0,12.0,1.0,2.0,0.0,0.0,0.0,0.0,0.0,0.0,0.0,0.0,0.0,0.0,0.0,0.0,0.0,,,,,,,,,,,,,,,,,,,,,,,,,,,,,,,,,,,,,,,,,LAR,DE,2025,0.0,0.0,0.0
4568703,Dorian Strong,4.0,0.0,0.0,0.0,,,,,,,,,,,,,,,,,,,,,,,,,,,,,,,,,,,,,9.0,1.0,10.0,0.0,0.0,0.0,0.0,0.0,0.0,0.0,0.0,,,,,,,,,,,,,,,,,,,,,,,,,,,,,,,,,,,,,,,,,,,,,,,,,,BUF,CB,2025,0.0,0.0,0.0
4568652,Tyler Smith,16.0,0.0,0.0,0.0,,,,,,,,,,,,,,,,,,,,,,,,,,,,,,,,,,,,,0.0,0.0,0.0,0.0,0.0,0.0,0.0,0.0,0.0,0.0,0.0,0.0,0.0,0.0,0.0,0.0,0.0,0.0,0.0,0.0,,,,,,,,,,,,,,,,,,,,,,,,,,,,,,,,,,,,,,,,,DAL,G,2025,0.0,0.0,0.0
4568624,Dorian Williams,16.0,0.0,1.0,0.0,,,,,,,,,,,,,,,,,,,,,,,,,,,,,,,,,,,,,29.0,34.0,63.0,0.0,0.0,1.0,2.0,0.0,0.0,0.0,0.0,,,,,,,,,,,,,,,,,,,,,,,,,,,,,,,,,,,,,,,,,,,,,,,,,,BUF,LB,2025,0.0,0.0,0.0
4568492,Nick Jackson,3.0,0.0,0.0,0.0,,,,,,,,,,,,,,,,,,,,,,,,,,,,,,,,,,,,,1.0,1.0,2.0,0.0,0.0,0.0,0.0,0.0,0.0,0.0,0.0,0.0,0.0,0.0,0.0,0.0,0.0,0.0,0.0,0.0,,,,,,,,,,,,,,,,,,,,,,,,,,,,,,,,,,,,,,,,,TB,LB,2025,0.0,0.0,0.0
4568506,Garrett Williams,10.0,1.0,0.0,0.0,,,,,,,,,,,,,,,,,,,,,,,,,,,,,,,,,,,,,25.0,21.0,46.0,0.0,0.0,1.0,5.0,0.0,1.0,0.0,0.0,,,,,,,,,,,,,,,,,,,,,,,,,,,,,,,,,,,,,,,,,,,,,,,,,,ARI,CB,2025,0.0,0.0,0.0
4568617,Jordan Magee,17.0,0.0,0.0,0.0,,,,,,,,,,,,,,,,,,,,,,,,,,,,,,,,,,,,,31.0,23.0,54.0,0.0,0.0,3.0,1.0,0.0,0.0,0.0,0.0,0.0,0.0,0.0,0.0,0.0,0.0,0.0,0.0,0.0,,,,,,,,,,,,,,,,,,,,,,,,,,,,,,,,,,,,,,,,,WSH,LB,2025,0.0,0.0,0.0
4696782,Elijah Williams,7.0,0.0,0.0,0.0,,,,,,,,,,,,,,,,,,,,,,,,,,,,,,,,,,,,,6.0,3.0,9.0,0.0,0.0,0.0,0.0,0.0,0.0,0.0,0.0,0.0,0.0,0.0,0.0,0.0,0.0,0.0,0.0,0.0,,,,,,,,,,,,,,,,,,,,,,,,,,,,,,,,,,,,,,,,,MIN,DE,2025,0.0,0.0,0.0
4568510,Matthew Bergeron,15.0,0.0,0.0,0.0,,,,,,,,,,,,,,,,,,,,,,,,,,,,,,,,,,,,,1.0,1.0,2.0,0.0,0.0,0.0,0.0,0.0,0.0,0.0,0.0,0.0,0.0,0.0,0.0,0.0,0.0,0.0,0.0,0.0,,,,,,,,,,,,,,,,,,,,,,,,,,,,,,,,,,,,,,,,,ATL,G,2025,0.0,0.0,0.0
4568007,Jay Ward,17.0,0.0,1.0,0.0,,,,,,,,,,,,,,,,,,,,,,,,,,,,,,,,,,,,,13.0,14.0,27.0,0.0,0.0,1.0,0.0,0.0,0.0,0.0,0.0,0.0,0.0,0.0,0.0,0.0,0.0,0.0,0.0,0.0,,,,,,,,,,,,,,,,,,,,,,,,,,,,,,,,,,,,,,,,,MIN,S,2025,0.0,0.0,0.0
4570898,Dylan Cook,5.0,0.0,0.0,0.0,,,,,,,,,,,,,,,,,,,,,,,,,,,,,,,,,,,,,0.0,0.0,0.0,0.0,0.0,0.0,0.0,0.0,0.0,0.0,0.0,0.0,0.0,0.0,0.0,0.0,0.0,0.0,0.0,0.0,,,,,,,,,,,,,,,,,,,,,,,,,,,,,,,,,,,,,,,,,PIT,OT,2025,0.0,0.0,0.0
4570633,Trevian Thomas,1.0,0.0,0.0,0.0,,,,,,,,,,,,,,,,,,,,,,,,,,,,,,,,,,,,,0.0,1.0,1.0,0.0,0.0,0.0,0.0,0.0,0.0,0.0,0.0,,,,,,,,,,,,,,,,,,,,,,,,,,,,,,,,,,,,,,,,,,,,,,,,,,JAX,S,2025,0.0,0.0,0.0
4570546,Swayze Bozeman,6.0,0.0,0.0,0.0,,,,,,,,,,,,,,,,,,,,,,,,,,,,,,,,,,,,,1.0,5.0,6.0,0.0,0.0,0.0,0.0,0.0,0.0,0.0,0.0,0.0,0.0,0.0,0.0,0.0,0.0,0.0,0.0,0.0,,,,,,,,,,,,,,,,,,,,,,,,,,,,,,,,,,,,,,,,,CIN,LB,2025,0.0,0.0,0.0
4602197,Andrew Mukuba,11.0,0.0,0.0,0.0,,,,,,,,,,,,,,,,,,,,,,,,,,,,,,,,,,,,,27.0,19.0,46.0,0.5,5.5,2.0,3.0,41.0,2.0,41.0,0.0,,,,,,,,,,,,,,,,,,,,,,,,,,,,,,,,,,,,,,,,,,,,,,,,,,PHI,S,2025,0.0,0.0,0.0
4570470,Nahshon Wright,17.0,2.0,3.0,0.0,,,,,,,,,,,,,,,,,,,,,,,,,,,,,,,,,,,,,54.0,26.0,80.0,0.0,0.0,3.0,11.0,74.0,5.0,118.0,1.0,,,,,,,,,,,,,,,,,,,,,,,,,,,,,,,,,,,,,,,,,,,,,,,,,,NYJ,CB,2025,0.0,0.0,0.0
4570469,Marcus Harris,14.0,1.0,0.0,0.0,,,,,,,,,,,,,,,,,,,,,,,,,,,,,,,,,,,,,18.0,10.0,28.0,0.0,0.0,1.0,5.0,0.0,0.0,0.0,0.0,0.0,0.0,0.0,0.0,0.0,0.0,0.0,0.0,0.0,,,,,,,,,,,,,,,,,,,,,,,,,,,,,,,,,,,,,,,,,TEN,CB,2025,0.0,0.0,0.0
4690171,Deane Leonard,8.0,0.0,0.0,0.0,,,,,,,,,,,,,,,,,,,,,,,,,,,,,,,,,,,,,2.0,3.0,5.0,0.0,0.0,0.0,0.0,0.0,0.0,0.0,0.0,0.0,0.0,0.0,0.0,0.0,0.0,0.0,0.0,0.0,,,,,,,,,,,,,,,,,,,,,,,,,,,,,,,,,,,,,,,,,LAC,CB,2025,0.0,0.0,0.0
4570410,Jalen Graham,3.0,0.0,0.0,0.0,,,,,,,,,,,,,,,,,,,,,,,,,,,,,,,,,,,,,0.0,1.0,1.0,0.0,0.0,0.0,0.0,0.0,0.0,0.0,0.0,0.0,0.0,0.0,0.0,0.0,0.0,0.0,0.0,0.0,,,,,,,,,,,,,,,,,,,,,,,,,,,,,,,,,,,,,,,,,SF,LB,2025,0.0,0.0,0.0
4570296,Dalen Cambre,7.0,0.0,0.0,0.0,,,,,,,,,,,,,,,,,,,,,,,,,,,,,,,,,,,,,3.0,2.0,5.0,0.0,0.0,0.0,0.0,0.0,0.0,0.0,0.0,0.0,0.0,0.0,0.0,0.0,0.0,0.0,0.0,0.0,,,,,,,,,,,,,,,,,,,,,,,,,,,,,,,,,,,,,,,,,NYG,WR,2025,0.0,0.0,0.0
4570119,Alex Wright,14.0,1.0,0.0,0.0,,,,,,,,,,,,,,,,,,,,,,,,,,,,,,,,,,,,,21.0,16.0,37.0,5.5,39.0,12.0,1.0,0.0,0.0,0.0,0.0,0.0,0.0,0.0,0.0,0.0,0.0,0.0,0.0,0.0,,,,,,,,,,,,,,,,,,,,,,,,,,,,,,,,,,,,,,,,,CLE,DE,2025,0.0,0.0,0.0
4569563,John Bullock,15.0,0.0,0.0,0.0,,,,,,,,,,,,,,,,,,,,,,,,,,,,,,,,,,,,,3.0,7.0,10.0,0.0,0.0,0.0,0.0,0.0,0.0,0.0,0.0,0.0,0.0,0.0,0.0,0.0,0.0,0.0,0.0,0.0,,,,,,,,,,,,,,,,,,,,,,,,,,,,,,,,,,,,,,,,,TB,LB,2025,0.0,0.0,0.0
4570044,Jaquan Brisker,17.0,0.0,0.0,0.0,,,,,,,,,,,,,,,,,,,,,,,,,,,,,,,,,,,,,52.0,41.0,93.0,1.0,9.0,1.0,8.0,32.0,1.0,32.0,0.0,,,,,,,,,,,,,,,,,,,,,,,,,,,,,,,,,,,,,,,,,,,,,,,,,,PIT,S,2025,0.0,0.0,0.0
4570040,Byron Murphy II,17.0,0.0,0.0,0.0,,,,,,,,,,,,,,,,,,,,,,,,,,,,,,,,,,,,,22.0,40.0,62.0,7.0,44.5,7.0,0.0,0.0,0.0,0.0,0.0,0.0,0.0,0.0,0.0,0.0,0.0,0.0,0.0,0.0,,,,,,,,,,,,,,,,,,,,,,,,,,,,,,,,,,,,,,,,,SEA,DT,2025,0.0,0.0,0.0
4688931,Maxwell Hairston,11.0,0.0,0.0,0.0,,,,,,,,,,,,,,,,,,,,,,,,,,,,,,,,,,,,,14.0,4.0,18.0,0.0,0.0,0.0,5.0,1.0,2.0,1.0,0.0,0.0,0.0,0.0,0.0,0.0,0.0,0.0,0.0,0.0,,,,,,,,,,,,,,,,,,,,,,,,,,,,,,,,,,,,,,,,,BUF,CB,2025,0.0,0.0,0.0
4569680,Jamon Johnson,2.0,0.0,0.0,0.0,,,,,,,,,,,,,,,,,,,,,,,,,,,,,,,,,,,,,3.0,7.0,10.0,0.0,0.0,0.0,1.0,0.0,0.0,0.0,0.0,0.0,0.0,0.0,0.0,0.0,0.0,0.0,0.0,0.0,,,,,,,,,,,,,,,,,,,,,,,,,,,,,,,,,,,,,,,,,,,2025,0.0,0.0,0.0
4689674,Art Green,11.0,0.0,0.0,0.0,,,,,,,,,,,,,,,,,,,,,,,,,,,,,,,,,,,,,6.0,5.0,11.0,0.0,0.0,0.0,0.0,0.0,0.0,0.0,0.0,0.0,0.0,0.0,0.0,0.0,0.0,0.0,0.0,0.0,,,,,,,,,,,,,,,,,,,,,,,,,,,,,,,,,,,,,,,,,NYG,CB,2025,0.0,0.0,0.0
4569659,Josh Simmons,8.0,0.0,0.0,0.0,,,,,,,,,,,,,,,,,,,,,,,,,,,,,,,,,,,,,1.0,0.0,1.0,0.0,0.0,0.0,0.0,0.0,0.0,0.0,0.0,0.0,0.0,0.0,0.0,0.0,0.0,0.0,0.0,0.0,,,,,,,,,,,,,,,,,,,,,,,,,,,,,,,,,,,,,,,,,KC,OT,2025,0.0,0.0,0.0
4569620,Ronnie Hickman,17.0,0.0,0.0,0.0,,,,,,,,,,,,,,,,,,,,,,,,,,,,,,,,,,,,,51.0,52.0,103.0,0.0,0.0,1.0,7.0,16.0,2.0,31.0,0.0,,,,,,,,,,,,,,,,,,,,,,,,,,,,,,,,,,,,,,,,,,,,,,,,,,CLE,S,2025,0.0,0.0,0.0
4569607,Cameron Mitchell,10.0,1.0,0.0,0.0,,,,,,,,,,,,,,,,,,,,,,,,,,,,,,,,,,,,,14.0,5.0,19.0,0.0,0.0,2.0,4.0,0.0,0.0,0.0,0.0,0.0,0.0,0.0,0.0,0.0,0.0,0.0,0.0,0.0,,,,,,,,,,,,,,,,,,,,,,,,,,,,,,,,,,,,,,,,,IND,CB,2025,0.0,0.0,0.0
4689651,Mac McWilliams,5.0,0.0,0.0,0.0,,,,,,,,,,,,,,,,,,,,,,,,,,,,,,,,,,,,,1.0,0.0,1.0,0.0,0.0,0.0,1.0,0.0,0.0,0.0,0.0,0.0,0.0,0.0,0.0,0.0,0.0,0.0,0.0,0.0,,,,,,,,,,,,,,,,,,,,,,,,,,,,,,,,,,,,,,,,,PHI,CB,2025,0.0,0.0,0.0
4569586,Ty Robinson,11.0,0.0,0.0,0.0,,,,,,,,,,,,,,,,,,,,,,,,,,,,,,,,,,,,,1.0,4.0,5.0,0.0,0.0,0.0,1.0,0.0,0.0,0.0,0.0,0.0,0.0,0.0,0.0,0.0,0.0,0.0,0.0,0.0,,,,,,,,,,,,,,,,,,,,,,,,,,,,,,,,,,,,,,,,,PHI,DT,2025,0.0,0.0,0.0
4570084,Jerrick Reed II,8.0,0.0,0.0,0.0,,,,,,,,,,,,,,,,,,,,,,,,,,,,,,,,,,,,,6.0,4.0,10.0,0.0,0.0,0.0,0.0,0.0,0.0,0.0,0.0,0.0,0.0,0.0,0.0,0.0,0.0,0.0,0.0,0.0,,,,,,,,,,,,,,,,,,,,,,,,,,,,,,,,,,,,,,,,,TEN,S,2025,0.0,0.0,0.0
4693644,Ji'Ayir Brown,17.0,1.0,0.0,0.0,,,,,,,,,,,,,,,,,,,,,,,,,,,,,,,,,,,,,44.0,32.0,76.0,0.0,0.0,2.0,6.0,4.0,2.0,4.0,0.0,0.0,0.0,0.0,0.0,0.0,0.0,0.0,0.0,0.0,,,,,,,,,,,,,,,,,,,,,,,,,,,,,,,,,,,,,,,,,SF,S,2025,0.0,0.0,0.0
4693373,Jordan Turner,7.0,0.0,0.0,0.0,,,,,,,,,,,,,,,,,,,,,,,,,,,,,,,,,,,,,1.0,6.0,7.0,0.0,0.0,0.0,0.0,0.0,0.0,0.0,0.0,0.0,0.0,0.0,0.0,0.0,0.0,0.0,0.0,0.0,,,,,,,,,,,,,,,,,,,,,,,,,,,,,,,,,,,,,,,,,DEN,LB,2025,0.0,0.0,0.0
4685617,Kevin Winston Jr.,10.0,0.0,0.0,0.0,,,,,,,,,,,,,,,,,,,,,,,,,,,,,,,,,,,,,21.0,13.0,34.0,1.0,10.0,4.0,2.0,0.0,0.0,0.0,0.0,0.0,0.0,0.0,0.0,0.0,0.0,0.0,0.0,0.0,,,,,,,,,,,,,,,,,,,,,,,,,,,,,,,,,,,,,,,,,TEN,S,2025,0.0,0.0,0.0
4693346,Grey Zabel,17.0,0.0,0.0,0.0,,,,,,,,,,,,,,,,,,,,,,,,,,,,,,,,,,,,,1.0,1.0,2.0,0.0,0.0,0.0,0.0,0.0,0.0,0.0,0.0,0.0,0.0,0.0,0.0,0.0,0.0,0.0,0.0,0.0,,,,,,,,,,,,,,,,,,,,,,,,,,,,,,,,,,,,,,,,,SEA,G,2025,0.0,0.0,0.0
4686772,Christian Gonzalez,14.0,0.0,0.0,0.0,,,,,,,,,,,,,,,,,,,,,,,,,,,,,,,,,,,,,54.0,15.0,69.0,0.0,0.0,1.0,10.0,0.0,0.0,0.0,0.0,,,,,,,,,,,,,,,,,,,,,,,,,,,,,,,,,,,,,,,,,,,,,,,,,,NE,CB,2025,0.0,0.0,0.0
4693337,Marques Sigle,15.0,0.0,1.0,0.0,,,,,,,,,,,,,,,,,,,,,,,,,,,,,,,,,,,,,28.0,24.0,52.0,0.0,0.0,1.0,2.0,0.0,0.0,0.0,0.0,0.0,0.0,0.0,0.0,0.0,0.0,0.0,0.0,0.0,,,,,,,,,,,,,,,,,,,,,,,,,,,,,,,,,,,,,,,,,SF,S,2025,0.0,0.0,0.0
4686889,Tory Taylor,17.0,0.0,0.0,0.0,,,,,,,,,,,,,,,,,,,,,,,,,,,,,,,,,,,,,1.0,0.0,1.0,0.0,0.0,0.0,0.0,0.0,0.0,0.0,0.0,,,,,,,,,,,,,,,,,,,,,0.0,0.0,0.0,0.0,0.0,0.0,0.0,0.0,0.0,0.0,0.0,0.0,0.0,0.0,0.0,0.0,0.0,60.0,2870.0,69.0,47.83300018310547,40.400001525878906,0.0,21.0,7.0,9.0,26.0,306.0,11.769000053405762,CHI,P,2025,0.0,0.0,0.0
4686906,Lukas Van Ness,9.0,0.0,0.0,0.0,,,,,,,,,,,,,,,,,,,,,,,,,,,,,,,,,,,,,12.0,7.0,19.0,1.5,9.0,3.0,0.0,0.0,0.0,0.0,0.0,0.0,0.0,0.0,0.0,0.0,0.0,0.0,0.0,0.0,,,,,,,,,,,,,,,,,,,,,,,,,,,,,,,,,,,,,,,,,GB,DE,2025,0.0,0.0,0.0
4686911,Jakorian Bennett,11.0,0.0,0.0,0.0,,,,,,,,,,,,,,,,,,,,,,,,,,,,,,,,,,,,,6.0,1.0,7.0,0.0,0.0,0.0,1.0,0.0,0.0,0.0,0.0,0.0,0.0,0.0,0.0,0.0,0.0,0.0,0.0,0.0,,,,,,,,,,,,,,,,,,,,,,,,,,,,,,,,,,,,,,,,,PHI,CB,2025,0.0,0.0,0.0
4692970,Reuben Lowery III,3.0,0.0,0.0,0.0,,,,,,,,,,,,,,,,,,,,,,,,,,,,,,,,,,,,,1.0,4.0,5.0,0.0,0.0,0.0,0.0,0.0,0.0,0.0,0.0,0.0,0.0,0.0,0.0,0.0,0.0,0.0,0.0,0.0,,,,,,,,,,,,,,,,,,,,,,,,,,,,,,,,,,,,,,,,,,,2025,0.0,0.0,0.0
4567962,Jermaine Johnson II,14.0,0.0,0.0,0.0,,,,,,,,,,,,,,,,,,,,,,,,,,,,,,,,,,,,,22.0,21.0,43.0,3.0,23.0,5.0,2.0,0.0,0.0,0.0,0.0,,,,,,,,,,,,,,,,,,,,,,,,,,,,,,,,,,,,,,,,,,,,,,,,,,TEN,DE,2025,0.0,0.0,0.0
4692555,Tyler Baron,6.0,0.0,0.0,0.0,,,,,,,,,,,,,,,,,,,,,,,,,,,,,,,,,,,,,5.0,4.0,9.0,0.0,0.0,1.0,0.0,0.0,0.0,0.0,0.0,0.0,0.0,0.0,0.0,0.0,0.0,0.0,0.0,0.0,,,,,,,,,,,,,,,,,,,,,,,,,,,,,,,,,,,,,,,,,NYJ,DE,2025,0.0,0.0,0.0
4687513,Cam Jackson,9.0,0.0,0.0,0.0,,,,,,,,,,,,,,,,,,,,,,,,,,,,,,,,,,,,,2.0,7.0,9.0,0.0,0.0,0.0,0.0,0.0,0.0,0.0,0.0,0.0,0.0,0.0,0.0,0.0,0.0,0.0,0.0,0.0,,,,,,,,,,,,,,,,,,,,,,,,,,,,,,,,,,,,,,,,,CAR,DT,2025,0.0,0.0,0.0
4695991,Johnathan Edwards,14.0,0.0,0.0,0.0,,,,,,,,,,,,,,,,,,,,,,,,,,,,,,,,,,,,,19.0,7.0,26.0,0.0,0.0,0.0,3.0,0.0,0.0,0.0,0.0,0.0,0.0,0.0,0.0,0.0,0.0,0.0,0.0,0.0,,,,,,,,,,,,,,,,,,,,,,,,,,,,,,,,,,,,,,,,,IND,CB,2025,0.0,0.0,0.0
4692525,Anton Harrison,15.0,0.0,0.0,0.0,,,,,,,,,,,,,,,,,,,,,,,,,,,,,,,,,,,,,0.0,0.0,0.0,0.0,0.0,0.0,0.0,0.0,0.0,0.0,0.0,0.0,0.0,0.0,0.0,0.0,0.0,0.0,0.0,0.0,,,,,,,,,,,,,,,,,,,,,,,,,,,,,,,,,,,,,,,,,JAX,OT,2025,0.0,0.0,0.0
4687592,Jonah Elliss,13.0,1.0,0.0,0.0,,,,,,,,,,,,,,,,,,,,,,,,,,,,,,,,,,,,,16.0,12.0,28.0,2.5,30.5,5.0,1.0,0.0,0.0,0.0,0.0,0.0,0.0,0.0,0.0,0.0,0.0,0.0,0.0,0.0,,,,,,,,,,,,,,,,,,,,,,,,,,,,,,,,,,,,,,,,,DEN,LB,2025,0.0,0.0,0.0
4688432,Elijah Ponder,15.0,0.0,2.0,0.0,,,,,,,,,,,,,,,,,,,,,,,,,,,,,,,,,,,,,14.0,10.0,24.0,4.0,16.0,4.0,0.0,0.0,0.0,0.0,0.0,0.0,0.0,0.0,0.0,0.0,0.0,0.0,0.0,0.0,,,,,,,,,,,,,,,,,,,,,,,,,,,,,,,,,,,,,,,,,NE,LB,2025,0.0,0.0,0.0
4692048,Que Robinson,6.0,0.0,0.0,0.0,,,,,,,,,,,,,,,,,,,,,,,,,,,,,,,,,,,,,6.0,6.0,12.0,0.5,0.0,3.0,1.0,0.0,0.0,0.0,0.0,,,,,,,,,,,,,,,,,,,,,,,,,,,,,,,,,,,,,,,,,,,,,,,,,,DEN,LB,2025,0.0,0.0,0.0
4692025,Brian Branch,12.0,1.0,1.0,0.0,,,,,,,,,,,,,,,,,,,,,,,,,,,,,,,,,,,,,48.0,27.0,75.0,2.5,22.5,5.0,9.0,0.0,0.0,0.0,0.0,,,,,,,,,,,,,,,,,,,,,,,,,,,,,,,,,,,,,,,,,,,,,,,,,,DET,DB,2025,0.0,0.0,0.0
4685597,Jalon Walker,15.0,2.0,1.0,0.0,,,,,,,,,,,,,,,,,,,,,,,,,,,,,,,,,,,,,24.0,12.0,36.0,5.5,44.0,5.0,1.0,0.0,0.0,0.0,0.0,0.0,0.0,0.0,0.0,0.0,0.0,0.0,0.0,0.0,,,,,,,,,,,,,,,,,,,,,,,,,,,,,,,,,,,,,,,,,ATL,LB,2025,0.0,0.0,0.0
4691688,Robbie Ouzts,12.0,0.0,0.0,0.0,,,,,,,,,,,,,,,,,,,,,,,,,,,,,,,,,,,,,2.0,1.0,3.0,0.0,0.0,0.0,0.0,0.0,0.0,0.0,0.0,0.0,0.0,0.0,0.0,0.0,0.0,0.0,0.0,0.0,,,,,,,,,,,,,,,,,,,,,,,,,,,,,,,,,,,,,,,,,SEA,FB,2025,0.0,0.0,0.0
4692680,McKinnley Jackson,9.0,0.0,0.0,0.0,,,,,,,,,,,,,,,,,,,,,,,,,,,,,,,,,,,,,0.0,7.0,7.0,0.0,0.0,0.0,0.0,0.0,0.0,0.0,0.0,0.0,0.0,0.0,0.0,0.0,0.0,0.0,0.0,0.0,,,,,,,,,,,,,,,,,,,,,,,,,,,,,,,,,,,,,,,,,CIN,DT,2025,0.0,0.0,0.0
4686308,C.J. West,14.0,0.0,0.0,0.0,,,,,,,,,,,,,,,,,,,,,,,,,,,,,,,,,,,,,12.0,9.0,21.0,1.0,8.0,2.0,0.0,0.0,0.0,0.0,0.0,0.0,0.0,0.0,0.0,0.0,0.0,0.0,0.0,0.0,,,,,,,,,,,,,,,,,,,,,,,,,,,,,,,,,,,,,,,,,SF,DT,2025,0.0,0.0,0.0
4695783,Myles Harden,16.0,0.0,0.0,0.0,,,,,,,,,,,,,,,,,,,,,,,,,,,,,,,,,,,,,28.0,20.0,48.0,0.0,0.0,2.0,4.0,0.0,0.0,0.0,0.0,,,,,,,,,,,,,,,,,,,,,,,,,,,,,,,,,,,,,,,,,,,,,,,,,,CLE,CB,2025,0.0,0.0,0.0
4686334,Yaya Diaby,17.0,1.0,0.0,0.0,,,,,,,,,,,,,,,,,,,,,,,,,,,,,,,,,,,,,29.0,21.0,50.0,7.0,49.0,13.0,1.0,0.0,0.0,0.0,0.0,,,,,,,,,,,,,,,,,,,,,,,,,,,,,,,,,,,,,,,,,,,,,,,,,,TB,LB,2025,0.0,0.0,0.0
4686337,Greedy Vance,6.0,0.0,0.0,0.0,,,,,,,,,,,,,,,,,,,,,,,,,,,,,,,,,,,,,7.0,1.0,8.0,0.0,0.0,0.0,1.0,0.0,0.0,0.0,0.0,0.0,0.0,0.0,0.0,0.0,0.0,0.0,0.0,0.0,,,,,,,,,,,,,,,,,,,,,,,,,,,,,,,,,,,,,,,,,LV,CB,2025,0.0,0.0,0.0
4686273,Quinyon Mitchell,16.0,0.0,1.0,0.0,,,,,,,,,,,,,,,,,,,,,,,,,,,,,,,,,,,,,35.0,10.0,45.0,0.0,0.0,0.0,17.0,0.0,0.0,0.0,0.0,,,,,,,,,,,,,,,,,,,,,,,,,,,,,,,,,,,,,,,,,,,,,,,,,,PHI,CB,2025,0.0,0.0,0.0
4695280,Micah Robinson,9.0,0.0,0.0,0.0,,,,,,,,,,,,,,,,,,,,,,,,,,,,,,,,,,,,,8.0,6.0,14.0,0.0,0.0,1.0,2.0,0.0,0.0,0.0,0.0,0.0,0.0,0.0,0.0,0.0,0.0,0.0,0.0,0.0,,,,,,,,,,,,,,,,,,,,,,,,,,,,,,,,,,,,,,,,,TEN,CB,2025,0.0,0.0,0.0
4686470,Perrion Winfrey,1.0,0.0,0.0,0.0,,,,,,,,,,,,,,,,,,,,,,,,,,,,,,,,,,,,,0.0,2.0,2.0,0.0,0.0,0.0,0.0,0.0,0.0,0.0,0.0,,,,,,,,,,,,,,,,,,,,,,,,,,,,,,,,,,,,,,,,,,,,,,,,,,,,2025,0.0,0.0,0.0
4686027,Donovan McMillon,17.0,0.0,0.0,0.0,,,,,,,,,,,,,,,,,,,,,,,,,,,,,,,,,,,,,6.0,9.0,15.0,1.0,10.0,1.0,0.0,0.0,0.0,0.0,0.0,0.0,0.0,0.0,0.0,0.0,0.0,0.0,0.0,0.0,,,,,,,,,,,,,,,,,,,,,,,,,,,,,,,,,,,,,,,,,CLE,S,2025,0.0,0.0,0.0
4567826,Cooper McDonald,17.0,0.0,0.0,0.0,,,,,,,,,,,,,,,,,,,,,,,,,,,,,,,,,,,,,10.0,15.0,25.0,0.0,0.0,1.0,0.0,0.0,0.0,0.0,0.0,0.0,0.0,0.0,0.0,0.0,0.0,0.0,0.0,0.0,,,,,,,,,,,,,,,,,,,,,,,,,,,,,,,,,,,,,,,,,KC,LB,2025,0.0,0.0,0.0
4695254,Julian Ashby,17.0,0.0,0.0,0.0,,,,,,,,,,,,,,,,,,,,,,,,,,,,,,,,,,,,,2.0,1.0,3.0,0.0,0.0,0.0,0.0,0.0,0.0,0.0,0.0,0.0,0.0,0.0,0.0,0.0,0.0,0.0,0.0,0.0,,,,,,,,,,,,,,,,,,,,,,,,,,,,,,,,,,,,,,,,,NE,LS,2025,0.0,0.0,0.0
4693848,Shaun Dolac,17.0,0.0,0.0,0.0,,,,,,,,,,,,,,,,,,,,,,,,,,,,,,,,,,,,,16.0,9.0,25.0,0.0,0.0,2.0,0.0,0.0,0.0,0.0,0.0,0.0,0.0,0.0,0.0,0.0,0.0,0.0,0.0,0.0,,,,,,,,,,,,,,,,,,,,,,,,,,,,,,,,,,,,,,,,,LAR,LB,2025,0.0,0.0,0.0
4686540,Tyrice Knight,16.0,2.0,0.0,0.0,,,,,,,,,,,,,,,,,,,,,,,,,,,,,,,,,,,,,37.0,20.0,57.0,2.0,28.0,6.0,0.0,0.0,0.0,0.0,0.0,0.0,0.0,0.0,0.0,0.0,0.0,0.0,0.0,0.0,,,,,,,,,,,,,,,,,,,,,,,,,,,,,,,,,,,,,,,,,SEA,LB,2025,0.0,0.0,0.0
4685978,Darrell Luter Jr.,17.0,0.0,1.0,0.0,,,,,,,,,,,,,,,,,,,,,,,,,,,,,,,,,,,,,17.0,11.0,28.0,0.0,0.0,1.0,1.0,0.0,0.0,0.0,0.0,0.0,0.0,0.0,0.0,0.0,0.0,0.0,0.0,0.0,,,,,,,,,,,,,,,,,,,,,,,,,,,,,,,,,,,,,,,,,SF,CB,2025,0.0,0.0,0.0
4695086,Chandler Martin,3.0,0.0,0.0,0.0,,,,,,,,,,,,,,,,,,,,,,,,,,,,,,,,,,,,,1.0,4.0,5.0,0.0,0.0,0.0,0.0,0.0,0.0,0.0,0.0,0.0,0.0,0.0,0.0,0.0,0.0,0.0,0.0,0.0,,,,,,,,,,,,,,,,,,,,,,,,,,,,,,,,,,,,,,,,,,,2025,0.0,0.0,0.0
4694334,Keyon Martin,13.0,0.0,0.0,0.0,,,,,,,,,,,,,,,,,,,,,,,,,,,,,,,,,,,,,21.0,2.0,23.0,1.0,14.0,1.0,1.0,0.0,0.0,0.0,0.0,0.0,0.0,0.0,0.0,0.0,0.0,0.0,0.0,0.0,,,,,,,,,,,,,,,,,,,,,,,,,,,,,,,,,,,,,,,,,BAL,CB,2025,0.0,0.0,0.0
4685841,Zion Childress,3.0,0.0,0.0,0.0,,,,,,,,,,,,,,,,,,,,,,,,,,,,,,,,,,,,,0.0,2.0,2.0,0.0,0.0,0.0,0.0,0.0,0.0,0.0,0.0,0.0,0.0,0.0,0.0,0.0,0.0,0.0,0.0,0.0,,,,,,,,,,,,,,,,,,,,,,,,,,,,,,,,,,,,,,,,,DAL,CB,2025,0.0,0.0,0.0
4685759,Jalen Carter,12.0,0.0,0.0,0.0,,,,,,,,,,,,,,,,,,,,,,,,,,,,,,,,,,,,,21.0,12.0,33.0,3.0,27.0,5.0,7.0,0.0,0.0,0.0,0.0,0.0,0.0,0.0,0.0,0.0,0.0,0.0,0.0,0.0,,,,,,,,,,,,,,,,,,,,,,,,,,,,,,,,,,,,,,,,,PHI,DT,2025,0.0,0.0,0.0
4685736,Emery Jones Jr.,5.0,0.0,0.0,0.0,,,,,,,,,,,,,,,,,,,,,,,,,,,,,,,,,,,,,1.0,0.0,1.0,0.0,0.0,0.0,0.0,0.0,0.0,0.0,0.0,0.0,0.0,0.0,0.0,0.0,0.0,0.0,0.0,0.0,,,,,,,,,,,,,,,,,,,,,,,,,,,,,,,,,,,,,,,,,BAL,OT,2025,0.0,0.0,0.0
4685724,Will Anderson Jr.,17.0,3.0,2.0,1.0,,,,,,,,,,,,,,,,,,,,,,,,,,,,,,,,,,,,,35.0,19.0,54.0,12.0,101.0,20.0,3.0,0.0,0.0,0.0,0.0,,,,,,,,,,,,,,,,,,,,,,,,,,,,,,,,,,,,,,,,,,,,,,,,,,HOU,DE,2025,0.0,0.0,0.0
4685637,Jackson Woodard,4.0,0.0,0.0,0.0,,,,,,,,,,,,,,,,,,,,,,,,,,,,,,,,,,,,,1.0,1.0,2.0,0.0,0.0,0.0,0.0,0.0,0.0,0.0,0.0,0.0,0.0,0.0,0.0,0.0,0.0,0.0,0.0,0.0,,,,,,,,,,,,,,,,,,,,,,,,,,,,,,,,,,,,,,,,,MIA,LB,2025,0.0,0.0,0.0
4685623,Mykel Williams,9.0,0.0,0.0,0.0,,,,,,,,,,,,,,,,,,,,,,,,,,,,,,,,,,,,,11.0,9.0,20.0,1.0,8.0,4.0,0.0,0.0,0.0,0.0,0.0,0.0,0.0,0.0,0.0,0.0,0.0,0.0,0.0,0.0,,,,,,,,,,,,,,,,,,,,,,,,,,,,,,,,,,,,,,,,,SF,DE,2025,0.0,0.0,0.0
4685984,Jamie Sheriff,1.0,0.0,0.0,0.0,,,,,,,,,,,,,,,,,,,,,,,,,,,,,,,,,,,,,1.0,0.0,1.0,0.0,0.0,0.0,0.0,0.0,0.0,0.0,0.0,,,,,,,,,,,,,,,,,,,,,,,,,,,,,,,,,,,,,,,,,,,,,,,,,,SEA,LB,2025,0.0,0.0,0.0
4683059,Collin Oliver,1.0,0.0,0.0,0.0,,,,,,,,,,,,,,,,,,,,,,,,,,,,,,,,,,,,,1.0,0.0,1.0,0.0,0.0,1.0,0.0,0.0,0.0,0.0,0.0,,,,,,,,,,,,,,,,,,,,,,,,,,,,,,,,,,,,,,,,,,,,,,,,,,GB,DE,2025,0.0,0.0,0.0
4682983,Josaiah Stewart,17.0,1.0,0.0,0.0,,,,,,,,,,,,,,,,,,,,,,,,,,,,,,,,,,,,,13.0,9.0,22.0,3.0,16.0,3.0,2.0,0.0,0.0,0.0,0.0,0.0,0.0,0.0,0.0,0.0,0.0,0.0,0.0,0.0,,,,,,,,,,,,,,,,,,,,,,,,,,,,,,,,,,,,,,,,,LAR,LB,2025,0.0,0.0,0.0
4682980,Derrick Harmon,12.0,0.0,1.0,0.0,,,,,,,,,,,,,,,,,,,,,,,,,,,,,,,,,,,,,11.0,16.0,27.0,3.0,9.0,1.0,1.0,0.0,0.0,0.0,0.0,,,,,,,,,,,,,,,,,,,,,,,,,,,,,,,,,,,,,,,,,,,,,,,,,,PIT,DT,2025,0.0,0.0,0.0
4682618,Cooper DeJean,16.0,1.0,0.0,0.0,,,,,,,,,,,,,,,,,,,,,,,,,,,,,,,,,,,,,64.0,29.0,93.0,0.0,0.0,4.0,16.0,21.0,2.0,32.0,0.0,,,,,,,,,,,,,,,,,,,,,,,,,,,,,,,,,,,,,,,,,,,,,,,,,,PHI,CB,2025,0.0,0.0,0.0
4676004,Cole Bishop,17.0,0.0,0.0,0.0,,,,,,,,,,,,,,,,,,,,,,,,,,,,,,,,,,,,,53.0,32.0,85.0,2.0,10.0,4.0,7.0,12.0,3.0,16.0,0.0,0.0,0.0,0.0,0.0,0.0,0.0,0.0,0.0,0.0,,,,,,,,,,,,,,,,,,,,,,,,,,,,,,,,,,,,,,,,,BUF,S,2025,0.0,0.0,0.0
4646773,Dylan Fairchild,15.0,0.0,0.0,0.0,,,,,,,,,,,,,,,,,,,,,,,,,,,,,,,,,,,,,0.0,0.0,0.0,0.0,0.0,0.0,0.0,0.0,0.0,0.0,0.0,0.0,0.0,0.0,0.0,0.0,0.0,0.0,0.0,0.0,,,,,,,,,,,,,,,,,,,,,,,,,,,,,,,,,,,,,,,,,CIN,G,2025,0.0,0.0,0.0
4629149,Tyrion Ingram-Dawkins,14.0,0.0,0.0,0.0,,,,,,,,,,,,,,,,,,,,,,,,,,,,,,,,,,,,,6.0,6.0,12.0,1.0,6.0,2.0,1.0,0.0,0.0,0.0,0.0,0.0,0.0,0.0,0.0,0.0,0.0,0.0,0.0,0.0,,,,,,,,,,,,,,,,,,,,,,,,,,,,,,,,,,,,,,,,,MIN,DE,2025,0.0,0.0,0.0
4611993,Joshua Farmer,13.0,0.0,1.0,0.0,,,,,,,,,,,,,,,,,,,,,,,,,,,,,,,,,,,,,7.0,8.0,15.0,0.0,0.0,1.0,1.0,0.0,0.0,0.0,0.0,0.0,0.0,0.0,0.0,0.0,0.0,0.0,0.0,0.0,,,,,,,,,,,,,,,,,,,,,,,,,,,,,,,,,,,,,,,,,NE,DT,2025,0.0,0.0,0.0
4610705,Nohl Williams,17.0,0.0,0.0,0.0,,,,,,,,,,,,,,,,,,,,,,,,,,,,,,,,,,,,,30.0,18.0,48.0,1.0,8.0,4.0,7.0,0.0,0.0,0.0,0.0,0.0,0.0,0.0,0.0,0.0,0.0,0.0,0.0,0.0,,,,,,,,,,,,,,,,,,,,,,,,,,,,,,,,,,,,,,,,,KC,CB,2025,0.0,0.0,0.0
4608794,Tyler Batty,12.0,0.0,0.0,0.0,,,,,,,,,,,,,,,,,,,,,,,,,,,,,,,,,,,,,9.0,3.0,12.0,0.0,0.0,2.0,0.0,0.0,0.0,0.0,0.0,0.0,0.0,0.0,0.0,0.0,0.0,0.0,0.0,0.0,,,,,,,,,,,,,,,,,,,,,,,,,,,,,,,,,,,,,,,,,MIN,LB,2025,0.0,0.0,0.0
4685596,Azareye'h Thomas,12.0,0.0,0.0,0.0,,,,,,,,,,,,,,,,,,,,,,,,,,,,,,,,,,,,,13.0,9.0,22.0,0.0,0.0,2.0,7.0,0.0,0.0,0.0,0.0,0.0,0.0,0.0,0.0,0.0,0.0,0.0,0.0,0.0,,,,,,,,,,,,,,,,,,,,,,,,,,,,,,,,,,,,,,,,,NYJ,CB,2025,0.0,0.0,0.0
4608138,Quinn Meinerz,17.0,0.0,0.0,0.0,,,,,,,,,,,,,,,,,,,,,,,,,,,,,,,,,,,,,0.0,1.0,1.0,0.0,0.0,0.0,0.0,0.0,0.0,0.0,0.0,0.0,0.0,0.0,0.0,0.0,0.0,0.0,0.0,0.0,,,,,,,,,,,,,,,,,,,,,,,,,,,,,,,,,,,,,,,,,DEN,G,2025,0.0,0.0,0.0
4606711,Taliese Fuaga,13.0,0.0,0.0,0.0,,,,,,,,,,,,,,,,,,,,,,,,,,,,,,,,,,,,,1.0,0.0,1.0,0.0,0.0,0.0,0.0,0.0,0.0,0.0,0.0,0.0,0.0,0.0,0.0,0.0,0.0,0.0,0.0,0.0,,,,,,,,,,,,,,,,,,,,,,,,,,,,,,,,,,,,,,,,,NO,OT,2025,0.0,0.0,0.0
4605792,Adin Huntington,13.0,0.0,0.0,0.0,,,,,,,,,,,,,,,,,,,,,,,,,,,,,,,,,,,,,7.0,8.0,15.0,0.5,4.0,0.0,0.0,0.0,0.0,0.0,0.0,0.0,0.0,0.0,0.0,0.0,0.0,0.0,0.0,0.0,,,,,,,,,,,,,,,,,,,,,,,,,,,,,,,,,,,,,,,,,CLE,DE,2025,0.0,0.0,0.0
4605498,Decamerion Richardson,15.0,0.0,0.0,0.0,,,,,,,,,,,,,,,,,,,,,,,,,,,,,,,,,,,,,9.0,2.0,11.0,0.0,0.0,0.0,0.0,0.0,0.0,0.0,0.0,0.0,0.0,0.0,0.0,0.0,0.0,0.0,0.0,0.0,,,,,,,,,,,,,,,,,,,,,,,,,,,,,,,,,,,,,,,,,LV,CB,2025,0.0,0.0,0.0
4605491,Connor O'Toole,8.0,0.0,1.0,0.0,,,,,,,,,,,,,,,,,,,,,,,,,,,,,,,,,,,,,3.0,2.0,5.0,0.0,0.0,0.0,0.0,0.0,0.0,0.0,0.0,0.0,0.0,0.0,0.0,0.0,0.0,0.0,0.0,0.0,,,,,,,,,,,,,,,,,,,,,,,,,,,,,,,,,,,,,,,,,SEA,LB,2025,0.0,0.0,0.0
4603189,Sai'vion Jones,3.0,0.0,1.0,0.0,,,,,,,,,,,,,,,,,,,,,,,,,,,,,,,,,,,,,0.0,0.0,0.0,0.0,0.0,0.0,0.0,0.0,0.0,0.0,0.0,0.0,0.0,0.0,0.0,0.0,0.0,0.0,0.0,0.0,,,,,,,,,,,,,,,,,,,,,,,,,,,,,,,,,,,,,,,,,DEN,DE,2025,0.0,0.0,0.0
4602699,Kamari Lassiter,16.0,0.0,0.0,0.0,,,,,,,,,,,,,,,,,,,,,,,,,,,,,,,,,,,,,62.0,29.0,91.0,0.0,0.0,7.0,17.0,0.0,4.0,0.0,0.0,,,,,,,,,,,,,,,,,,,,,,,,,,,,,,,,,,,,,,,,,,,,,,,,,,HOU,CB,2025,0.0,0.0,0.0
4602648,Kevin Knowles,13.0,0.0,0.0,0.0,,,,,,,,,,,,,,,,,,,,,,,,,,,,,,,,,,,,,10.0,5.0,15.0,0.0,0.0,0.0,2.0,0.0,0.0,0.0,0.0,0.0,0.0,0.0,0.0,0.0,0.0,0.0,0.0,0.0,,,,,,,,,,,,,,,,,,,,,,,,,,,,,,,,,,,,,,,,,KC,CB,2025,0.0,0.0,0.0
4690999,Austin Brinkman,17.0,0.0,0.0,0.0,,,,,,,,,,,,,,,,,,,,,,,,,,,,,,,,,,,,,0.0,1.0,1.0,0.0,0.0,0.0,0.0,0.0,0.0,0.0,0.0,0.0,0.0,0.0,0.0,0.0,0.0,0.0,0.0,0.0,,,,,,,,,,,,,,,,,,,,,,,,,,,,,,,,,,,,,,,,,HOU,LS,2025,0.0,0.0,0.0
4602389,Jeffrey Bassa,17.0,1.0,0.0,0.0,,,,,,,,,,,,,,,,,,,,,,,,,,,,,,,,,,,,,6.0,9.0,15.0,0.0,0.0,0.0,0.0,0.0,0.0,0.0,0.0,0.0,0.0,0.0,0.0,0.0,0.0,0.0,0.0,0.0,,,,,,,,,,,,,,,,,,,,,,,,,,,,,,,,,,,,,,,,,KC,LB,2025,0.0,0.0,0.0
4608386,D'Anthony Bell,14.0,0.0,0.0,0.0,,,,,,,,,,,,,,,,,,,,,,,,,,,,,,,,,,,,,6.0,9.0,15.0,0.5,4.5,1.0,0.0,0.0,0.0,0.0,0.0,0.0,0.0,0.0,0.0,0.0,0.0,0.0,0.0,0.0,,,,,,,,,,,,,,,,,,,,,,,,,,,,,,,,,,,,,,,,,SEA,S,2025,0.0,0.0,0.0
4685562,Shemar Stewart,8.0,0.0,0.0,0.0,,,,,,,,,,,,,,,,,,,,,,,,,,,,,,,,,,,,,5.0,6.0,11.0,1.0,6.0,2.0,1.0,0.0,0.0,0.0,0.0,0.0,0.0,0.0,0.0,0.0,0.0,0.0,0.0,0.0,,,,,,,,,,,,,,,,,,,,,,,,,,,,,,,,,,,,,,,,,CIN,DE,2025,0.0,0.0,0.0
4685530,Malaki Starks,17.0,0.0,0.0,0.0,,,,,,,,,,,,,,,,,,,,,,,,,,,,,,,,,,,,,49.0,35.0,84.0,0.0,0.0,1.0,4.0,9.0,2.0,9.0,0.0,,,,,,,,,,,,,,,,,,,,,,,,,,,,,,,,,,,,,,,,,,,,,,,,,,BAL,S,2025,0.0,0.0,0.0
4685503,Walter Nolen III,6.0,0.0,1.0,1.0,,,,,,,,,,,,,,,,,,,,,,,,,,,,,,,,,,,,,8.0,3.0,11.0,2.0,10.0,5.0,2.0,0.0,0.0,0.0,0.0,,,,,,,,,,,,,,,,,,,,,,,,,,,,,,,,,,,,,,,,,,,,,,,,,,ARI,DT,2025,0.0,0.0,0.0
4691043,Nikko Reed,5.0,0.0,0.0,0.0,,,,,,,,,,,,,,,,,,,,,,,,,,,,,,,,,,,,,1.0,1.0,2.0,0.0,0.0,0.0,1.0,0.0,0.0,0.0,0.0,0.0,0.0,0.0,0.0,0.0,0.0,0.0,0.0,0.0,,,,,,,,,,,,,,,,,,,,,,,,,,,,,,,,,,,,,,,,,LAC,CB,2025,0.0,0.0,0.0
4685408,Will Johnson,12.0,1.0,0.0,0.0,,,,,,,,,,,,,,,,,,,,,,,,,,,,,,,,,,,,,27.0,10.0,37.0,0.0,0.0,2.0,10.0,0.0,0.0,0.0,0.0,0.0,0.0,0.0,0.0,0.0,0.0,0.0,0.0,0.0,,,,,,,,,,,,,,,,,,,,,,,,,,,,,,,,,,,,,,,,,ARI,CB,2025,0.0,0.0,0.0
4688930,Javon Bullard,17.0,0.0,1.0,0.0,,,,,,,,,,,,,,,,,,,,,,,,,,,,,,,,,,,,,49.0,34.0,83.0,0.0,0.0,2.0,3.0,0.0,0.0,0.0,0.0,,,,,,,,,,,,,,,,,,,,,,,,,,,,,,,,,,,,,,,,,,,,,,,,,,GB,S,2025,0.0,0.0,0.0
4685400,Shemar James,14.0,1.0,0.0,0.0,,,,,,,,,,,,,,,,,,,,,,,,,,,,,,,,,,,,,40.0,51.0,91.0,1.5,5.0,2.0,0.0,0.0,0.0,0.0,0.0,,,,,,,,,,,,,,,,,,,,,,,,,,,,,,,,,,,,,,,,,,,,,,,,,,DAL,LB,2025,0.0,0.0,0.0
4685326,Josh Conerly Jr.,17.0,0.0,0.0,0.0,,,,,,,,,,,,,,,,,,,,,,,,,,,,,,,,,,,,,0.0,0.0,0.0,0.0,0.0,0.0,0.0,0.0,0.0,0.0,0.0,0.0,0.0,0.0,0.0,0.0,0.0,0.0,0.0,0.0,,,,,,,,,,,,,,,,,,,,,,,,,,,,,,,,,,,,,,,,,WSH,OT,2025,0.0,0.0,0.0
4685298,Will Campbell,13.0,0.0,0.0,0.0,,,,,,,,,,,,,,,,,,,,,,,,,,,,,,,,,,,,,2.0,0.0,2.0,0.0,0.0,0.0,0.0,0.0,0.0,0.0,0.0,0.0,0.0,0.0,0.0,0.0,0.0,0.0,0.0,0.0,,,,,,,,,,,,,,,,,,,,,,,,,,,,,,,,,,,,,,,,,NE,OT,2025,0.0,0.0,0.0
4685287,Jihaad Campbell,17.0,1.0,1.0,0.0,,,,,,,,,,,,,,,,,,,,,,,,,,,,,,,,,,,,,44.0,36.0,80.0,0.0,0.0,2.0,3.0,0.0,1.0,0.0,0.0,0.0,0.0,0.0,0.0,0.0,0.0,0.0,0.0,0.0,,,,,,,,,,,,,,,,,,,,,,,,,,,,,,,,,,,,,,,,,PHI,LB,2025,0.0,0.0,0.0
4683188,Mike Green,17.0,0.0,1.0,0.0,,,,,,,,,,,,,,,,,,,,,,,,,,,,,,,,,,,,,17.0,24.0,41.0,3.5,23.0,7.0,0.0,0.0,0.0,0.0,0.0,,,,,,,,,,,,,,,,,,,,,,,,,,,,,,,,,,,,,,,,,,,,,,,,,,BAL,LB,2025,0.0,0.0,0.0
4685145,Jaylon Jones,10.0,0.0,0.0,0.0,,,,,,,,,,,,,,,,,,,,,,,,,,,,,,,,,,,,,13.0,5.0,18.0,0.0,0.0,1.0,4.0,0.0,0.0,0.0,0.0,0.0,0.0,0.0,0.0,0.0,0.0,0.0,0.0,0.0,,,,,,,,,,,,,,,,,,,,,,,,,,,,,,,,,,,,,,,,,IND,CB,2025,0.0,0.0,0.0
4685126,Cody Lindenberg,17.0,0.0,0.0,0.0,,,,,,,,,,,,,,,,,,,,,,,,,,,,,,,,,,,,,4.0,3.0,7.0,0.0,0.0,0.0,0.0,0.0,0.0,0.0,0.0,0.0,0.0,0.0,0.0,0.0,0.0,0.0,0.0,0.0,,,,,,,,,,,,,,,,,,,,,,,,,,,,,,,,,,,,,,,,,LV,LB,2025,0.0,0.0,0.0
4684527,T.J. Sanders,12.0,0.0,0.0,0.0,,,,,,,,,,,,,,,,,,,,,,,,,,,,,,,,,,,,,7.0,9.0,16.0,1.0,7.0,1.0,1.0,0.0,0.0,0.0,0.0,0.0,0.0,0.0,0.0,0.0,0.0,0.0,0.0,0.0,,,,,,,,,,,,,,,,,,,,,,,,,,,,,,,,,,,,,,,,,BUF,DT,2025,0.0,0.0,0.0
4684432,Ashton Gillotte,17.0,0.0,0.0,0.0,,,,,,,,,,,,,,,,,,,,,,,,,,,,,,,,,,,,,14.0,24.0,38.0,1.5,2.0,3.0,1.0,14.0,1.0,14.0,0.0,0.0,0.0,0.0,0.0,0.0,0.0,0.0,0.0,0.0,,,,,,,,,,,,,,,,,,,,,,,,,,,,,,,,,,,,,,,,,KC,DE,2025,0.0,0.0,0.0
4683848,Donovan Ezeiruaku,17.0,1.0,0.0,0.0,,,,,,,,,,,,,,,,,,,,,,,,,,,,,,,,,,,,,20.0,20.0,40.0,2.0,15.0,7.0,0.0,0.0,0.0,0.0,0.0,,,,,,,,,,,,,,,,,,,,,,,,,,,,,,,,,,,,,,,,,,,,,,,,,,DAL,LB,2025,0.0,0.0,0.0
4683815,Trevin Wallace,12.0,0.0,0.0,0.0,,,,,,,,,,,,,,,,,,,,,,,,,,,,,,,,,,,,,36.0,25.0,61.0,2.0,12.0,5.0,4.0,0.0,0.0,0.0,0.0,,,,,,,,,,,,,,,,,,,,,,,,,,,,,,,,,,,,,,,,,,,,,,,,,,CAR,LB,2025,0.0,0.0,0.0
4683813,Jonas Sanker,17.0,0.0,1.0,0.0,,,,,,,,,,,,,,,,,,,,,,,,,,,,,,,,,,,,,46.0,34.0,80.0,0.0,0.0,3.0,6.0,29.0,2.0,29.0,0.0,0.0,0.0,0.0,0.0,0.0,0.0,0.0,0.0,0.0,,,,,,,,,,,,,,,,,,,,,,,,,,,,,,,,,,,,,,,,,NO,S,2025,0.0,0.0,0.0
4683643,Barryn Sorrell,14.0,0.0,1.0,0.0,,,,,,,,,,,,,,,,,,,,,,,,,,,,,,,,,,,,,7.0,8.0,15.0,1.5,1.0,1.0,0.0,0.0,0.0,0.0,0.0,0.0,0.0,0.0,0.0,0.0,0.0,0.0,0.0,0.0,,,,,,,,,,,,,,,,,,,,,,,,,,,,,,,,,,,,,,,,,GB,DE,2025,0.0,0.0,0.0
4683553,Austin Booker,10.0,1.0,0.0,0.0,,,,,,,,,,,,,,,,,,,,,,,,,,,,,,,,,,,,,19.0,16.0,35.0,4.5,31.0,5.0,3.0,0.0,0.0,0.0,0.0,,,,,,,,,,,,,,,,,,,,,,,,,,,,,,,,,,,,,,,,,,,,,,,,,,CHI,DE,2025,0.0,0.0,0.0
4683276,Zeek Biggers,9.0,0.0,0.0,0.0,,,,,,,,,,,,,,,,,,,,,,,,,,,,,,,,,,,,,6.0,14.0,20.0,1.5,9.5,1.0,0.0,0.0,0.0,0.0,0.0,0.0,0.0,0.0,0.0,0.0,0.0,0.0,0.0,0.0,,,,,,,,,,,,,,,,,,,,,,,,,,,,,,,,,,,,,,,,,MIA,DT,2025,0.0,0.0,0.0
4683215,Danny Stutsman,17.0,0.0,0.0,0.0,,,,,,,,,,,,,,,,,,,,,,,,,,,,,,,,,,,,,25.0,28.0,53.0,0.0,0.0,0.0,0.0,0.0,0.0,0.0,0.0,0.0,0.0,0.0,0.0,0.0,0.0,0.0,0.0,0.0,,,,,,,,,,,,,,,,,,,,,,,,,,,,,,,,,,,,,,,,,NO,LB,2025,0.0,0.0,0.0
4685232,Jaden Hicks,17.0,0.0,0.0,0.0,,,,,,,,,,,,,,,,,,,,,,,,,,,,,,,,,,,,,29.0,13.0,42.0,0.5,0.5,0.0,4.0,0.0,0.0,0.0,0.0,0.0,0.0,0.0,0.0,0.0,0.0,0.0,0.0,0.0,,,,,,,,,,,,,,,,,,,,,,,,,,,,,,,,,,,,,,,,,KC,S,2025,0.0,0.0,0.0
4428659,Drake Thomas,17.0,0.0,1.0,0.0,,,,,,,,,,,,,,,,,,,,,,,,,,,,,,,,,,,,,47.0,49.0,96.0,3.5,20.5,10.0,8.0,0.0,1.0,0.0,0.0,0.0,0.0,0.0,0.0,0.0,0.0,0.0,0.0,0.0,,,,,,,,,,,,,,,,,,,,,,,,,,,,,,,,,,,,,,,,,SEA,LB,2025,0.0,0.0,0.0
4428617,T'Vondre Sweat,12.0,0.0,0.0,0.0,,,,,,,,,,,,,,,,,,,,,,,,,,,,,,,,,,,,,16.0,18.0,34.0,2.0,10.0,4.0,1.0,0.0,0.0,0.0,0.0,,,,,,,,,,,,,,,,,,,,,,,,,,,,,,,,,,,,,,,,,,,,,,,,,,NYJ,DT,2025,0.0,0.0,0.0
4428584,Reddy Steward,17.0,1.0,0.0,0.0,,,,,,,,,,,,,,,,,,,,,,,,,,,,,,,,,,,,,40.0,23.0,63.0,1.5,7.0,5.0,3.0,0.0,0.0,0.0,0.0,0.0,0.0,0.0,0.0,0.0,0.0,0.0,0.0,0.0,,,,,,,,,,,,,,,,,,,,,,,,,,,,,,,,,,,,,,,,,DAL,CB,2025,0.0,0.0,0.0
4428550,Omar Speights,16.0,0.0,0.0,0.0,,,,,,,,,,,,,,,,,,,,,,,,,,,,,,,,,,,,,45.0,40.0,85.0,0.0,0.0,0.0,1.0,0.0,0.0,0.0,0.0,,,,,,,,,,,,,,,,,,,,,,,,,,,,,,,,,,,,,,,,,,,,,,,,,,LAR,LB,2025,0.0,0.0,0.0
4428548,Javon Solomon,17.0,0.0,0.0,0.0,,,,,,,,,,,,,,,,,,,,,,,,,,,,,,,,,,,,,11.0,6.0,17.0,1.0,4.0,1.0,0.0,0.0,0.0,0.0,0.0,0.0,0.0,0.0,0.0,0.0,0.0,0.0,0.0,0.0,,,,,,,,,,,,,,,,,,,,,,,,,,,,,,,,,,,,,,,,,BUF,LB,2025,0.0,0.0,0.0
4428522,Tykee Smith,16.0,0.0,2.0,0.0,,,,,,,,,,,,,,,,,,,,,,,,,,,,,,,,,,,,,61.0,39.0,100.0,2.0,18.0,6.0,13.0,0.0,1.0,0.0,0.0,,,,,,,,,,,,,,,,,,,,,,,,,,,,,,,,,,,,,,,,,,,,,,,,,,TB,S,2025,0.0,0.0,0.0
4428503,JL Skinner,17.0,0.0,1.0,0.0,,,,,,,,,,,,,,,,,,,,,,,,,,,,,,,,,,,,,8.0,4.0,12.0,0.0,0.0,0.0,0.0,0.0,0.0,0.0,0.0,0.0,0.0,0.0,0.0,0.0,0.0,0.0,0.0,0.0,,,,,,,,,,,,,,,,,,,,,,,,,,,,,,,,,,,,,,,,,DEN,S,2025,0.0,0.0,0.0
4428396,Hayden Rucci,4.0,0.0,0.0,0.0,,,,,,,,,,,,,,,,,,,,,,,,,,,,,,,,,,,,,0.0,1.0,1.0,0.0,0.0,0.0,0.0,0.0,0.0,0.0,0.0,0.0,0.0,0.0,0.0,0.0,0.0,0.0,0.0,0.0,,,,,,,,,,,,,,,,,,,,,,,,,,,,,,,,,,,,,,,,,SF,TE,2025,0.0,0.0,0.0
4428383,Chris Roland-Wallace,11.0,0.0,0.0,0.0,,,,,,,,,,,,,,,,,,,,,,,,,,,,,,,,,,,,,19.0,15.0,34.0,0.0,0.0,0.0,3.0,23.0,1.0,23.0,0.0,0.0,0.0,0.0,0.0,0.0,0.0,0.0,0.0,0.0,,,,,,,,,,,,,,,,,,,,,,,,,,,,,,,,,,,,,,,,,KC,CB,2025,0.0,0.0,0.0
4428350,Quincy Riley,17.0,1.0,0.0,0.0,,,,,,,,,,,,,,,,,,,,,,,,,,,,,,,,,,,,,29.0,6.0,35.0,0.0,0.0,0.0,10.0,0.0,1.0,0.0,0.0,0.0,0.0,0.0,0.0,0.0,0.0,0.0,0.0,0.0,,,,,,,,,,,,,,,,,,,,,,,,,,,,,,,,,,,,,,,,,NO,CB,2025,0.0,0.0,0.0
4428343,Ricky Barber,2.0,0.0,0.0,0.0,,,,,,,,,,,,,,,,,,,,,,,,,,,,,,,,,,,,,2.0,3.0,5.0,1.0,6.0,1.0,0.0,0.0,0.0,0.0,0.0,0.0,0.0,0.0,0.0,0.0,0.0,0.0,0.0,0.0,,,,,,,,,,,,,,,,,,,,,,,,,,,,,,,,,,,,,,,,,WSH,DT,2025,0.0,0.0,0.0
4696211,Malik Mustapha,12.0,0.0,0.0,0.0,,,,,,,,,,,,,,,,,,,,,,,,,,,,,,,,,,,,,44.0,32.0,76.0,0.0,0.0,3.0,3.0,0.0,1.0,0.0,0.0,,,,,,,,,,,,,,,,,,,,,,,,,,,,,,,,,,,,,,,,,,,,,,,,,,SF,S,2025,0.0,0.0,0.0
4428232,Dell Pettus,17.0,1.0,0.0,0.0,,,,,,,,,,,,,,,,,,,,,,,,,,,,,,,,,,,,,11.0,9.0,20.0,1.0,12.0,1.0,2.0,0.0,0.0,0.0,0.0,0.0,0.0,0.0,0.0,0.0,0.0,0.0,0.0,0.0,,,,,,,,,,,,,,,,,,,,,,,,,,,,,,,,,,,,,,,,,NE,S,2025,0.0,0.0,0.0
4428125,Maema Njongmeta,15.0,1.0,0.0,0.0,,,,,,,,,,,,,,,,,,,,,,,,,,,,,,,,,,,,,4.0,6.0,10.0,0.0,0.0,0.0,0.0,0.0,0.0,0.0,0.0,0.0,0.0,0.0,0.0,0.0,0.0,0.0,0.0,0.0,,,,,,,,,,,,,,,,,,,,,,,,,,,,,,,,,,,,,,,,,CAR,LB,2025,0.0,0.0,0.0
4428119,Lew Nichols,1.0,0.0,0.0,0.0,,,,,,,,,,,,,,,,,,,,,,,,,,,,,,,,,,,,,0.0,1.0,1.0,0.0,0.0,0.0,0.0,0.0,0.0,0.0,0.0,,,,,,,,,,,,,,,,,,,,,,,,,,,,,,,,,,,,,,,,,,,,,,,,,,PIT,RB,2025,0.0,0.0,0.0
4428072,Darius Muasau,12.0,0.0,0.0,0.0,,,,,,,,,,,,,,,,,,,,,,,,,,,,,,,,,,,,,24.0,27.0,51.0,1.0,0.0,2.0,1.0,0.0,0.0,0.0,0.0,,,,,,,,,,,,,,,,,,,,,,,,,,,,,,,,,,,,,,,,,,,,,,,,,,NYG,LB,2025,0.0,0.0,0.0
4427984,Kain Medrano,9.0,0.0,1.0,0.0,,,,,,,,,,,,,,,,,,,,,,,,,,,,,,,,,,,,,3.0,2.0,5.0,0.0,0.0,0.0,0.0,0.0,0.0,0.0,0.0,0.0,0.0,0.0,0.0,0.0,0.0,0.0,0.0,0.0,,,,,,,,,,,,,,,,,,,,,,,,,,,,,,,,,,,,,,,,,WSH,LB,2025,0.0,0.0,0.0
4427963,Isaiah McGuire,17.0,1.0,0.0,0.0,,,,,,,,,,,,,,,,,,,,,,,,,,,,,,,,,,,,,17.0,13.0,30.0,2.0,15.0,8.0,0.0,0.0,0.0,0.0,0.0,0.0,0.0,0.0,0.0,0.0,0.0,0.0,0.0,0.0,,,,,,,,,,,,,,,,,,,,,,,,,,,,,,,,,,,,,,,,,CLE,DE,2025,0.0,0.0,0.0
4427826,Zion Logue,3.0,0.0,0.0,0.0,,,,,,,,,,,,,,,,,,,,,,,,,,,,,,,,,,,,,1.0,1.0,2.0,0.5,5.0,0.0,1.0,0.0,0.0,0.0,0.0,0.0,0.0,0.0,0.0,0.0,0.0,0.0,0.0,0.0,,,,,,,,,,,,,,,,,,,,,,,,,,,,,,,,,,,,,,,,,BUF,DT,2025,0.0,0.0,0.0
4427816,Marist Liufau,17.0,1.0,0.0,0.0,,,,,,,,,,,,,,,,,,,,,,,,,,,,,,,,,,,,,17.0,13.0,30.0,1.0,5.0,1.0,0.0,0.0,0.0,0.0,0.0,0.0,0.0,0.0,0.0,0.0,0.0,0.0,0.0,0.0,,,,,,,,,,,,,,,,,,,,,,,,,,,,,,,,,,,,,,,,,DAL,LB,2025,0.0,0.0,0.0
4427729,Demetrius Knight Jr.,17.0,1.0,0.0,0.0,,,,,,,,,,,,,,,,,,,,,,,,,,,,,,,,,,,,,58.0,48.0,106.0,3.0,14.0,4.0,7.0,39.0,2.0,39.0,0.0,,,,,,,,,,,,,,,,,,,,,,,,,,,,,,,,,,,,,,,,,,,,,,,,,,CIN,LB,2025,0.0,0.0,0.0
4427716,Jack Kiser,14.0,0.0,0.0,0.0,,,,,,,,,,,,,,,,,,,,,,,,,,,,,,,,,,,,,5.0,9.0,14.0,0.0,0.0,0.0,0.0,0.0,0.0,0.0,0.0,0.0,0.0,0.0,0.0,0.0,0.0,0.0,0.0,0.0,,,,,,,,,,,,,,,,,,,,,,,,,,,,,,,,,,,,,,,,,JAX,LB,2025,0.0,0.0,0.0
4427695,Kyu Blu Kelly,13.0,0.0,1.0,0.0,,,,,,,,,,,,,,,,,,,,,,,,,,,,,,,,,,,,,31.0,9.0,40.0,0.0,0.0,1.0,6.0,26.0,3.0,26.0,0.0,0.0,0.0,0.0,0.0,0.0,0.0,0.0,0.0,0.0,,,,,,,,,,,,,,,,,,,,,,,,,,,,,,,,,,,,,,,,,,,2025,0.0,0.0,0.0
4427673,Calijah Kancey,3.0,0.0,0.0,0.0,,,,,,,,,,,,,,,,,,,,,,,,,,,,,,,,,,,,,1.0,0.0,1.0,0.0,0.0,1.0,0.0,0.0,0.0,0.0,0.0,0.0,0.0,0.0,0.0,0.0,0.0,0.0,0.0,0.0,,,,,,,,,,,,,,,,,,,,,,,,,,,,,,,,,,,,,,,,,TB,DT,2025,0.0,0.0,0.0
4428328,Deonte Banks,16.0,0.0,0.0,0.0,,,,,,,,,,,,,,,,,,,,,,,,,,,,,,,,,,,,,24.0,7.0,31.0,0.0,0.0,2.0,5.0,0.0,0.0,0.0,0.0,0.0,0.0,0.0,0.0,0.0,0.0,0.0,0.0,0.0,19.0,622.0,32.73684310913086,95.0,1.0,0.0,0.0,0.0,0.0,0.0,0.0,,,,,,,,,,,,,,,,,,,,,,,,,,,,,,NYG,CB,2025,0.0,0.0,0.0
4429142,Nazir Stackhouse,13.0,0.0,0.0,0.0,,,,,,,,,,,,,,,,,,,,,,,,,,,,,,,,,,,,,2.0,10.0,12.0,0.0,0.0,0.0,0.0,0.0,0.0,0.0,0.0,0.0,0.0,0.0,0.0,0.0,0.0,0.0,0.0,0.0,,,,,,,,,,,,,,,,,,,,,,,,,,,,,,,,,,,,,,,,,GB,DT,2025,0.0,0.0,0.0
4429136,Warren Brinson,11.0,0.0,0.0,0.0,,,,,,,,,,,,,,,,,,,,,,,,,,,,,,,,,,,,,6.0,7.0,13.0,0.5,3.5,0.0,0.0,0.0,0.0,0.0,0.0,0.0,0.0,0.0,0.0,0.0,0.0,0.0,0.0,0.0,,,,,,,,,,,,,,,,,,,,,,,,,,,,,,,,,,,,,,,,,GB,DT,2025,0.0,0.0,0.0
4429111,BJ Ojulari,8.0,0.0,0.0,0.0,,,,,,,,,,,,,,,,,,,,,,,,,,,,,,,,,,,,,6.0,3.0,9.0,1.0,7.0,1.0,0.0,0.0,0.0,0.0,0.0,0.0,0.0,0.0,0.0,0.0,0.0,0.0,0.0,0.0,,,,,,,,,,,,,,,,,,,,,,,,,,,,,,,,,,,,,,,,,ARI,LB,2025,0.0,0.0,0.0
4429110,Lathan Ransom,16.0,1.0,0.0,0.0,,,,,,,,,,,,,,,,,,,,,,,,,,,,,,,,,,,,,21.0,30.0,51.0,1.0,8.0,2.0,2.0,5.0,1.0,5.0,0.0,0.0,0.0,0.0,0.0,0.0,0.0,0.0,0.0,0.0,,,,,,,,,,,,,,,,,,,,,,,,,,,,,,,,,,,,,,,,,CAR,S,2025,0.0,0.0,0.0
4429109,Tonka Hemingway,9.0,0.0,1.0,0.0,,,,,,,,,,,,,,,,,,,,,,,,,,,,,,,,,,,,,8.0,1.0,9.0,4.0,30.0,5.0,1.0,0.0,0.0,0.0,0.0,0.0,0.0,0.0,0.0,0.0,0.0,0.0,0.0,0.0,,,,,,,,,,,,,,,,,,,,,,,,,,,,,,,,,,,,,,,,,LV,DT,2025,0.0,0.0,0.0
4429100,Peter Skoronski,17.0,0.0,0.0,0.0,,,,,,,,,,,,,,,,,,,,,,,,,,,,,,,,,,,,,0.0,0.0,0.0,0.0,0.0,0.0,0.0,0.0,0.0,0.0,0.0,0.0,0.0,0.0,0.0,0.0,0.0,0.0,0.0,0.0,,,,,,,,,,,,,,,,,,,,,,,,,,,,,,,,,,,,,,,,,TEN,G,2025,0.0,0.0,0.0
4429071,Cody Simon,16.0,1.0,0.0,0.0,,,,,,,,,,,,,,,,,,,,,,,,,,,,,,,,,,,,,30.0,46.0,76.0,0.5,4.0,2.0,2.0,0.0,0.0,0.0,0.0,0.0,0.0,0.0,0.0,0.0,0.0,0.0,0.0,0.0,,,,,,,,,,,,,,,,,,,,,,,,,,,,,,,,,,,,,,,,,ARI,LB,2025,0.0,0.0,0.0
4429067,Clark Phillips III,1.0,0.0,0.0,0.0,,,,,,,,,,,,,,,,,,,,,,,,,,,,,,,,,,,,,1.0,0.0,1.0,0.0,0.0,0.0,0.0,0.0,0.0,0.0,0.0,,,,,,,,,,,,,,,,,,,,,,,,,,,,,,,,,,,,,,,,,,,,,,,,,,ATL,CB,2025,0.0,0.0,0.0
4429058,Jaylen Harrell,17.0,1.0,0.0,0.0,,,,,,,,,,,,,,,,,,,,,,,,,,,,,,,,,,,,,14.0,11.0,25.0,4.5,30.0,5.0,0.0,0.0,0.0,0.0,0.0,0.0,0.0,0.0,0.0,0.0,0.0,0.0,0.0,0.0,,,,,,,,,,,,,,,,,,,,,,,,,,,,,,,,,,,,,,,,,TEN,LB,2025,0.0,0.0,0.0
4429040,Vernon Broughton,1.0,0.0,0.0,0.0,,,,,,,,,,,,,,,,,,,,,,,,,,,,,,,,,,,,,0.0,3.0,3.0,0.0,0.0,0.0,0.0,0.0,0.0,0.0,0.0,,,,,,,,,,,,,,,,,,,,,,,,,,,,,,,,,,,,,,,,,,,,,,,,,,NO,DT,2025,0.0,0.0,0.0
4429018,RJ Mickens,12.0,0.0,0.0,0.0,,,,,,,,,,,,,,,,,,,,,,,,,,,,,,,,,,,,,18.0,11.0,29.0,0.0,0.0,0.0,2.0,15.0,2.0,25.0,0.0,0.0,0.0,0.0,0.0,0.0,0.0,0.0,0.0,0.0,,,,,,,,,,,,,,,,,,,,,,,,,,,,,,,,,,,,,,,,,LAC,S,2025,0.0,0.0,0.0
4428863,Evan Williams,16.0,0.0,1.0,0.0,,,,,,,,,,,,,,,,,,,,,,,,,,,,,,,,,,,,,48.0,52.0,100.0,0.0,0.0,4.0,5.0,0.0,3.0,0.0,0.0,,,,,,,,,,,,,,,,,,,,,,,,,,,,,,,,,,,,,,,,,,,,,,,,,,GB,S,2025,0.0,0.0,0.0
4429010,Jalen Rivers,16.0,0.0,0.0,0.0,,,,,,,,,,,,,,,,,,,,,,,,,,,,,,,,,,,,,0.0,1.0,1.0,0.0,0.0,0.0,0.0,0.0,0.0,0.0,0.0,0.0,0.0,0.0,0.0,0.0,0.0,0.0,0.0,0.0,,,,,,,,,,,,,,,,,,,,,,,,,,,,,,,,,,,,,,,,,CIN,G,2025,0.0,0.0,0.0
4429005,Braiden McGregor,12.0,0.0,0.0,0.0,,,,,,,,,,,,,,,,,,,,,,,,,,,,,,,,,,,,,7.0,8.0,15.0,1.0,1.0,1.0,1.0,0.0,0.0,0.0,0.0,0.0,0.0,0.0,0.0,0.0,0.0,0.0,0.0,0.0,,,,,,,,,,,,,,,,,,,,,,,,,,,,,,,,,,,,,,,,,NYJ,DE,2025,0.0,0.0,0.0
4428996,Jordan Burch,17.0,0.0,0.0,0.0,,,,,,,,,,,,,,,,,,,,,,,,,,,,,,,,,,,,,5.0,18.0,23.0,1.0,8.0,1.0,3.0,0.0,0.0,0.0,0.0,0.0,0.0,0.0,0.0,0.0,0.0,0.0,0.0,0.0,,,,,,,,,,,,,,,,,,,,,,,,,,,,,,,,,,,,,,,,,ARI,LB,2025,0.0,0.0,0.0
4428992,Kelee Ringo,17.0,1.0,1.0,0.0,,,,,,,,,,,,,,,,,,,,,,,,,,,,,,,,,,,,,29.0,8.0,37.0,0.0,0.0,1.0,2.0,0.0,0.0,0.0,0.0,0.0,0.0,0.0,0.0,0.0,0.0,0.0,0.0,0.0,,,,,,,,,,,,,,,,,,,,,,,,,,,,,,,,,,,,,,,,,PHI,CB,2025,0.0,0.0,0.0
4428990,Broderick Jones,11.0,0.0,0.0,0.0,,,,,,,,,,,,,,,,,,,,,,,,,,,,,,,,,,,,,0.0,0.0,0.0,0.0,0.0,0.0,0.0,0.0,0.0,0.0,0.0,0.0,0.0,0.0,0.0,0.0,0.0,0.0,0.0,0.0,,,,,,,,,,,,,,,,,,,,,,,,,,,,,,,,,,,,,,,,,PIT,OT,2025,0.0,0.0,0.0
4428989,Chris Braswell,17.0,0.0,0.0,0.0,,,,,,,,,,,,,,,,,,,,,,,,,,,,,,,,,,,,,21.0,9.0,30.0,1.0,13.0,4.0,0.0,0.0,0.0,0.0,0.0,0.0,0.0,0.0,0.0,0.0,0.0,0.0,0.0,0.0,,,,,,,,,,,,,,,,,,,,,,,,,,,,,,,,,,,,,,,,,TB,LB,2025,0.0,0.0,0.0
4428988,Bryan Bresee,15.0,1.0,0.0,0.0,,,,,,,,,,,,,,,,,,,,,,,,,,,,,,,,,,,,,15.0,22.0,37.0,2.5,13.0,5.0,3.0,0.0,0.0,0.0,0.0,,,,,,,,,,,,,,,,,,,,,,,,,,,,,,,,,,,,,,,,,,,,,,,,,,NO,DT,2025,0.0,0.0,0.0
4428985,Myles Murphy,17.0,0.0,1.0,0.0,,,,,,,,,,,,,,,,,,,,,,,,,,,,,,,,,,,,,28.0,24.0,52.0,5.5,28.0,6.0,3.0,0.0,0.0,0.0,0.0,0.0,0.0,0.0,0.0,0.0,0.0,0.0,0.0,0.0,,,,,,,,,,,,,,,,,,,,,,,,,,,,,,,,,,,,,,,,,CIN,DE,2025,0.0,0.0,0.0
4428930,Craig Woodson,17.0,0.0,2.0,0.0,,,,,,,,,,,,,,,,,,,,,,,,,,,,,,,,,,,,,42.0,37.0,79.0,0.0,0.0,4.0,3.0,0.0,0.0,0.0,0.0,,,,,,,,,,,,,,,,,,,,,,,,,,,,,,,,,,,,,,,,,,,,,,,,,,NE,S,2025,0.0,0.0,0.0
4428917,Rashad Wisdom,3.0,0.0,0.0,0.0,,,,,,,,,,,,,,,,,,,,,,,,,,,,,,,,,,,,,1.0,2.0,3.0,0.0,0.0,0.0,0.0,0.0,0.0,0.0,0.0,,,,,,,,,,,,,,,,,,,,,,,,,,,,,,,,,,,,,,,,,,,,,,,,,,TB,S,2025,0.0,0.0,0.0
4428914,Dee Winters,17.0,0.0,0.0,0.0,,,,,,,,,,,,,,,,,,,,,,,,,,,,,,,,,,,,,67.0,34.0,101.0,0.0,0.0,8.0,5.0,74.0,1.0,74.0,1.0,,,,,,,,,,,,,,,,,,,,,,,,,,,,,,,,,,,,,,,,,,,,,,,,,,DAL,LB,2025,0.0,0.0,0.0
4428872,JD Bertrand,15.0,0.0,0.0,0.0,,,,,,,,,,,,,,,,,,,,,,,,,,,,,,,,,,,,,13.0,22.0,35.0,0.0,0.0,1.0,2.0,0.0,0.0,0.0,0.0,0.0,0.0,0.0,0.0,0.0,0.0,0.0,0.0,0.0,,,,,,,,,,,,,,,,,,,,,,,,,,,,,,,,,,,,,,,,,ATL,LB,2025,0.0,0.0,0.0
4429014,Gervon Dexter Sr.,17.0,0.0,2.0,0.0,,,,,,,,,,,,,,,,,,,,,,,,,,,,,,,,,,,,,21.0,23.0,44.0,6.0,30.0,6.0,0.0,0.0,0.0,0.0,0.0,0.0,0.0,0.0,0.0,0.0,0.0,0.0,0.0,0.0,,,,,,,,,,,,,,,,,,,,,,,,,,,,,,,,,,,,,,,,,CHI,DT,2025,0.0,0.0,0.0
4426513,Trikweze Bridges,16.0,0.0,0.0,0.0,,,,,,,,,,,,,,,,,,,,,,,,,,,,,,,,,,,,,17.0,6.0,23.0,0.0,0.0,0.0,3.0,7.0,1.0,7.0,0.0,0.0,0.0,0.0,0.0,0.0,0.0,0.0,0.0,0.0,,,,,,,,,,,,,,,,,,,,,,,,,,,,,,,,,,,,,,,,,DAL,CB,2025,0.0,0.0,0.0
4426507,David Ojabo,14.0,0.0,0.0,0.0,,,,,,,,,,,,,,,,,,,,,,,,,,,,,,,,,,,,,7.0,9.0,16.0,0.5,5.0,0.0,0.0,0.0,0.0,0.0,0.0,0.0,0.0,0.0,0.0,0.0,0.0,0.0,0.0,0.0,,,,,,,,,,,,,,,,,,,,,,,,,,,,,,,,,,,,,,,,,MIA,LB,2025,0.0,0.0,0.0
4426506,Joey Porter Jr.,14.0,0.0,0.0,0.0,,,,,,,,,,,,,,,,,,,,,,,,,,,,,,,,,,,,,35.0,17.0,52.0,1.0,0.0,0.0,14.0,0.0,1.0,0.0,0.0,,,,,,,,,,,,,,,,,,,,,,,,,,,,,,,,,,,,,,,,,,,,,,,,,,PIT,CB,2025,0.0,0.0,0.0
4426473,Laiatu Latu,16.0,1.0,0.0,0.0,,,,,,,,,,,,,,,,,,,,,,,,,,,,,,,,,,,,,27.0,18.0,45.0,8.5,41.0,12.0,5.0,6.0,3.0,9.0,0.0,,,,,,,,,,,,,,,,,,,,,,,,,,,,,,,,,,,,,,,,,,,,,,,,,,IND,DE,2025,0.0,0.0,0.0
4426457,Isaiah Foskey,8.0,0.0,0.0,0.0,,,,,,,,,,,,,,,,,,,,,,,,,,,,,,,,,,,,,2.0,2.0,4.0,0.0,0.0,0.0,0.0,0.0,0.0,0.0,0.0,0.0,0.0,0.0,0.0,0.0,0.0,0.0,0.0,0.0,,,,,,,,,,,,,,,,,,,,,,,,,,,,,,,,,,,,,,,,,CIN,DE,2025,0.0,0.0,0.0
4426448,Jarrian Jones,17.0,0.0,1.0,0.0,,,,,,,,,,,,,,,,,,,,,,,,,,,,,,,,,,,,,35.0,14.0,49.0,0.0,0.0,6.0,8.0,13.0,3.0,13.0,0.0,0.0,0.0,0.0,0.0,0.0,0.0,0.0,0.0,0.0,,,,,,,,,,,,,,,,,,,,,,,,,,,,,,,,,,,,,,,,,JAX,CB,2025,0.0,0.0,0.0
4426435,Jaden Davis,3.0,0.0,0.0,0.0,,,,,,,,,,,,,,,,,,,,,,,,,,,,,,,,,,,,,2.0,1.0,3.0,0.0,0.0,0.0,0.0,0.0,0.0,0.0,0.0,0.0,0.0,0.0,0.0,0.0,0.0,0.0,0.0,0.0,,,,,,,,,,,,,,,,,,,,,,,,,,,,,,,,,,,,,,,,,ARI,CB,2025,0.0,0.0,0.0
4426434,Derek Stingley Jr.,17.0,1.0,0.0,0.0,,,,,,,,,,,,,,,,,,,,,,,,,,,,,,,,,,,,,26.0,10.0,36.0,0.0,0.0,1.0,15.0,31.0,4.0,68.0,1.0,0.0,0.0,0.0,0.0,0.0,0.0,0.0,0.0,0.0,,,,,,,,,,,,,,,,,,,,,,,,,,,,,,,,,,,,,,,,,HOU,CB,2025,0.0,0.0,0.0
4426422,Dax Hill,17.0,0.0,0.0,0.0,,,,,,,,,,,,,,,,,,,,,,,,,,,,,,,,,,,,,57.0,31.0,88.0,0.0,0.0,2.0,11.0,0.0,1.0,0.0,0.0,0.0,0.0,0.0,0.0,0.0,0.0,0.0,0.0,0.0,,,,,,,,,,,,,,,,,,,,,,,,,,,,,,,,,,,,,,,,,CIN,CB,2025,0.0,0.0,0.0
4426412,Zach Harrison,7.0,2.0,0.0,0.0,,,,,,,,,,,,,,,,,,,,,,,,,,,,,,,,,,,,,9.0,13.0,22.0,4.5,16.5,5.0,1.0,0.0,0.0,0.0,0.0,,,,,,,,,,,,,,,,,,,,,,,,,,,,,,,,,,,,,,,,,,,,,,,,,,ATL,DE,2025,0.0,0.0,0.0
4426405,Trent McDuffie,13.0,1.0,0.0,0.0,,,,,,,,,,,,,,,,,,,,,,,,,,,,,,,,,,,,,45.0,18.0,63.0,1.0,3.0,2.0,7.0,2.0,1.0,2.0,0.0,,,,,,,,,,,,,,,,,,,,,,,,,,,,,,,,,,,,,,,,,,,,,,,,,,LAR,CB,2025,0.0,0.0,0.0
4427636,Nic Jones,13.0,0.0,0.0,0.0,,,,,,,,,,,,,,,,,,,,,,,,,,,,,,,,,,,,,3.0,5.0,8.0,0.0,0.0,0.0,1.0,0.0,0.0,0.0,0.0,0.0,0.0,0.0,0.0,0.0,0.0,0.0,0.0,0.0,,,,,,,,,,,,,,,,,,,,,,,,,,,,,,,,,,,,,,,,,NYG,CB,2025,0.0,0.0,0.0
4426374,Tyrique Stevenson,13.0,2.0,2.0,0.0,,,,,,,,,,,,,,,,,,,,,,,,,,,,,,,,,,,,,36.0,13.0,49.0,0.0,0.0,1.0,10.0,3.0,1.0,3.0,0.0,0.0,0.0,0.0,0.0,0.0,0.0,0.0,0.0,0.0,,,,,,,,,,,,,,,,,,,,,,,,,,,,,,,,,,,,,,,,,CHI,CB,2025,0.0,0.0,0.0
4426359,DeMarvin Leal,4.0,0.0,0.0,0.0,,,,,,,,,,,,,,,,,,,,,,,,,,,,,,,,,,,,,1.0,1.0,2.0,0.0,0.0,0.0,0.0,0.0,0.0,0.0,0.0,0.0,0.0,0.0,0.0,0.0,0.0,0.0,0.0,0.0,,,,,,,,,,,,,,,,,,,,,,,,,,,,,,,,,,,,,,,,,,,2025,0.0,0.0,0.0
4426350,Henry To'oTo'o,17.0,0.0,1.0,0.0,,,,,,,,,,,,,,,,,,,,,,,,,,,,,,,,,,,,,42.0,53.0,95.0,2.5,19.5,9.0,4.0,0.0,0.0,0.0,0.0,,,,,,,,,,,,,,,,,,,,,,,,,,,,,,,,,,,,,,,,,,,,,,,,,,HOU,LB,2025,0.0,0.0,0.0
4426349,Travon Walker,14.0,0.0,0.0,0.0,,,,,,,,,,,,,,,,,,,,,,,,,,,,,,,,,,,,,19.0,19.0,38.0,3.5,27.0,8.0,2.0,0.0,0.0,0.0,0.0,,,,,,,,,,,,,,,,,,,,,,,,,,,,,,,,,,,,,,,,,,,,,,,,,,JAX,DE,2025,0.0,0.0,0.0
4426347,Mazi Smith,8.0,0.0,0.0,0.0,,,,,,,,,,,,,,,,,,,,,,,,,,,,,,,,,,,,,0.0,3.0,3.0,0.0,0.0,0.0,0.0,0.0,0.0,0.0,0.0,0.0,0.0,0.0,0.0,0.0,0.0,0.0,0.0,0.0,,,,,,,,,,,,,,,,,,,,,,,,,,,,,,,,,,,,,,,,,NYJ,DT,2025,0.0,0.0,0.0
4426340,Nakobe Dean,10.0,2.0,0.0,0.0,,,,,,,,,,,,,,,,,,,,,,,,,,,,,,,,,,,,,30.0,25.0,55.0,4.0,33.0,7.0,1.0,0.0,0.0,0.0,0.0,0.0,0.0,0.0,0.0,0.0,0.0,0.0,0.0,0.0,,,,,,,,,,,,,,,,,,,,,,,,,,,,,,,,,,,,,,,,,LV,LB,2025,0.0,0.0,0.0
4426332,Zacch Pickens,3.0,0.0,0.0,0.0,,,,,,,,,,,,,,,,,,,,,,,,,,,,,,,,,,,,,3.0,2.0,5.0,0.0,0.0,0.0,0.0,0.0,0.0,0.0,0.0,0.0,0.0,0.0,0.0,0.0,0.0,0.0,0.0,0.0,,,,,,,,,,,,,,,,,,,,,,,,,,,,,,,,,,,,,,,,,NYG,DT,2025,0.0,0.0,0.0
4426331,Nolan Smith Jr.,12.0,1.0,0.0,0.0,,,,,,,,,,,,,,,,,,,,,,,,,,,,,,,,,,,,,15.0,16.0,31.0,3.0,10.0,1.0,0.0,0.0,0.0,0.0,0.0,,,,,,,,,,,,,,,,,,,,,,,,,,,,,,,,,,,,,,,,,,,,,,,,,,PHI,LB,2025,0.0,0.0,0.0
4426326,Kayvon Thibodeaux,10.0,0.0,0.0,0.0,,,,,,,,,,,,,,,,,,,,,,,,,,,,,,,,,,,,,13.0,12.0,25.0,2.5,14.5,5.0,2.0,0.0,0.0,0.0,0.0,,,,,,,,,,,,,,,,,,,,,,,,,,,,,,,,,,,,,,,,,,,,,,,,,,NYG,LB,2025,0.0,0.0,0.0
4423367,Anthony Pittman,1.0,0.0,0.0,0.0,,,,,,,,,,,,,,,,,,,,,,,,,,,,,,,,,,,,,1.0,0.0,1.0,0.0,0.0,0.0,0.0,0.0,0.0,0.0,0.0,,,,,,,,,,,,,,,,,,,,,,,,,,,,,,,,,,,,,,,,,,,,,,,,,,,,2025,0.0,0.0,0.0
4422336,Matt Orzech,17.0,0.0,0.0,0.0,,,,,,,,,,,,,,,,,,,,,,,,,,,,,,,,,,,,,2.0,1.0,3.0,0.0,0.0,0.0,0.0,0.0,0.0,0.0,0.0,0.0,0.0,0.0,0.0,0.0,0.0,0.0,0.0,0.0,,,,,,,,,,,,,,,,,,,,,,,,,,,,,,,,,,,,,,,,,GB,LS,2025,0.0,0.0,0.0
4401823,Dee Alford,16.0,1.0,1.0,0.0,,,,,,,,,,,,,,,,,,,,,,,,,,,,,,,,,,,,,55.0,12.0,67.0,2.0,23.0,6.0,13.0,59.0,3.0,59.0,0.0,0.0,0.0,0.0,0.0,0.0,0.0,0.0,0.0,0.0,1.0,21.0,21.0,21.0,0.0,0.0,0.0,0.0,0.0,0.0,1.0,,,,,,,,,,,,,,,,,,,,,,,,,,,,,,BUF,CB,2025,0.0,0.0,0.0
4426403,Nick Cross,17.0,1.0,0.0,0.0,,,,,,,,,,,,,,,,,,,,,,,,,,,,,,,,,,,,,72.0,48.0,120.0,2.5,11.5,5.0,5.0,0.0,1.0,0.0,0.0,,,,,,,,,,,,,,,,,,,,,,,,,,,,,,,,,,,,,,,,,,,,,,,,,,WSH,S,2025,0.0,0.0,0.0
4427635,Adetomiwa Adebawore,17.0,0.0,1.0,0.0,,,,,,,,,,,,,,,,,,,,,,,,,,,,,,,,,,,,,14.0,22.0,36.0,4.0,34.5,5.0,0.0,0.0,0.0,0.0,0.0,0.0,0.0,0.0,0.0,0.0,0.0,0.0,0.0,0.0,,,,,,,,,,,,,,,,,,,,,,,,,,,,,,,,,,,,,,,,,IND,DT,2025,0.0,0.0,0.0
4427479,Jamal Hill,12.0,1.0,0.0,0.0,,,,,,,,,,,,,,,,,,,,,,,,,,,,,,,,,,,,,5.0,1.0,6.0,0.0,0.0,0.0,0.0,0.0,0.0,0.0,0.0,0.0,0.0,0.0,0.0,0.0,0.0,0.0,0.0,0.0,,,,,,,,,,,,,,,,,,,,,,,,,,,,,,,,,,,,,,,,,HOU,LB,2025,0.0,0.0,0.0
4427408,Jahfari Harvey,2.0,0.0,0.0,0.0,,,,,,,,,,,,,,,,,,,,,,,,,,,,,,,,,,,,,0.0,1.0,1.0,0.0,0.0,0.0,1.0,0.0,0.0,0.0,0.0,0.0,0.0,0.0,0.0,0.0,0.0,0.0,0.0,0.0,,,,,,,,,,,,,,,,,,,,,,,,,,,,,,,,,,,,,,,,,LV,DE,2025,0.0,0.0,0.0
4427404,Cam Hart,16.0,0.0,0.0,0.0,,,,,,,,,,,,,,,,,,,,,,,,,,,,,,,,,,,,,37.0,11.0,48.0,0.0,0.0,0.0,11.0,27.0,1.0,27.0,0.0,,,,,,,,,,0.0,0.0,0.0,0.0,0.0,1.0,0.0,0.0,0.0,0.0,0.0,,,,,,,,,,,,,,,,,,,,,,,,,,,,,,LAC,CB,2025,0.0,0.0,0.0
4427356,Kamal Hadden,10.0,0.0,0.0,0.0,,,,,,,,,,,,,,,,,,,,,,,,,,,,,,,,,,,,,1.0,4.0,5.0,0.0,0.0,0.0,0.0,0.0,0.0,0.0,0.0,0.0,0.0,0.0,0.0,0.0,0.0,0.0,0.0,0.0,,,,,,,,,,,,,,,,,,,,,,,,,,,,,,,,,,,,,,,,,GB,CB,2025,0.0,0.0,0.0
4427325,Renardo Green,14.0,0.0,0.0,0.0,,,,,,,,,,,,,,,,,,,,,,,,,,,,,,,,,,,,,36.0,24.0,60.0,0.0,0.0,0.0,10.0,0.0,0.0,0.0,0.0,,,,,,,,,,,,,,,,,,,,,,,,,,,,,,,,,,,,,,,,,,,,,,,,,,SF,CB,2025,0.0,0.0,0.0
4427250,Sauce Gardner,11.0,0.0,0.0,0.0,,,,,,,,,,,,,,,,,,,,,,,,,,,,,,,,,,,,,28.0,8.0,36.0,0.0,0.0,0.0,9.0,0.0,0.0,0.0,0.0,0.0,0.0,0.0,0.0,0.0,0.0,0.0,0.0,0.0,,,,,,,,,,,,,,,,,,,,,,,,,,,,,,,,,,,,,,,,,IND,CB,2025,0.0,0.0,0.0
4427132,Ikem Ekwonu,15.0,0.0,0.0,0.0,,,,,,,,,,,,,,,,,,,,,,,,,,,,,,,,,,,,,1.0,0.0,1.0,0.0,0.0,0.0,0.0,0.0,0.0,0.0,0.0,0.0,0.0,0.0,0.0,0.0,0.0,0.0,0.0,0.0,,,,,,,,,,,,,,,,,,,,,,,,,,,,,,,,,,,,,,,,,CAR,OT,2025,0.0,0.0,0.0
4427120,Jaylen McCollough,17.0,0.0,0.0,0.0,,,,,,,,,,,,,,,,,,,,,,,,,,,,,,,,,,,,,36.0,15.0,51.0,2.0,22.0,2.0,4.0,0.0,0.0,0.0,0.0,,,,,,,,,,,,,,,,,,,,,,,,,,,,,,,,,,,,,,,,,,,,,,,,,,LAR,S,2025,0.0,0.0,0.0
4427103,Storm Duck,2.0,0.0,0.0,0.0,,,,,,,,,,,,,,,,,,,,,,,,,,,,,,,,,,,,,1.0,1.0,2.0,0.0,0.0,0.0,1.0,0.0,0.0,0.0,0.0,0.0,0.0,0.0,0.0,0.0,0.0,0.0,0.0,0.0,,,,,,,,,,,,,,,,,,,,,,,,,,,,,,,,,,,,,,,,,MIA,CB,2025,0.0,0.0,0.0
4427090,Brandon Dorlus,15.0,0.0,0.0,0.0,,,,,,,,,,,,,,,,,,,,,,,,,,,,,,,,,,,,,15.0,12.0,27.0,8.5,43.5,11.0,0.0,0.0,0.0,0.0,0.0,0.0,0.0,0.0,0.0,0.0,0.0,0.0,0.0,0.0,,,,,,,,,,,,,,,,,,,,,,,,,,,,,,,,,,,,,,,,,ATL,DT,2025,0.0,0.0,0.0
4426542,Darius Alexander,16.0,0.0,0.0,0.0,,,,,,,,,,,,,,,,,,,,,,,,,,,,,,,,,,,,,9.0,11.0,20.0,3.5,26.5,4.0,1.0,0.0,0.0,0.0,0.0,0.0,0.0,0.0,0.0,0.0,0.0,0.0,0.0,0.0,,,,,,,,,,,,,,,,,,,,,,,,,,,,,,,,,,,,,,,,,NYG,DT,2025,0.0,0.0,0.0
4426926,Demani Richardson,13.0,0.0,1.0,0.0,,,,,,,,,,,,,,,,,,,,,,,,,,,,,,,,,,,,,3.0,4.0,7.0,0.0,0.0,0.0,0.0,0.0,0.0,0.0,0.0,0.0,0.0,0.0,0.0,0.0,0.0,0.0,0.0,0.0,,,,,,,,,,,,,,,,,,,,,,,,,,,,,,,,,,,,,,,,,CAR,S,2025,0.0,0.0,0.0
4426923,Kei'Trel Clark,14.0,1.0,0.0,0.0,,,,,,,,,,,,,,,,,,,,,,,,,,,,,,,,,,,,,17.0,8.0,25.0,0.0,0.0,1.0,2.0,0.0,0.0,0.0,0.0,0.0,0.0,0.0,0.0,0.0,0.0,0.0,0.0,0.0,,,,,,,,,,,,,,,,,,,,,,,,,,,,,,,,,,,,,,,,,ARI,CB,2025,0.0,0.0,0.0
4426921,Dean Clark,12.0,0.0,0.0,0.0,,,,,,,,,,,,,,,,,,,,,,,,,,,,,,,,,,,,,10.0,4.0,14.0,0.0,0.0,0.0,0.0,0.0,0.0,0.0,0.0,0.0,0.0,0.0,0.0,0.0,0.0,0.0,0.0,0.0,,,,,,,,,,,,,,,,,,,,,,,,,,,,,,,,,,,,,,,,,NYJ,S,2025,0.0,0.0,0.0
4426901,Leo Chenal,14.0,0.0,0.0,0.0,,,,,,,,,,,,,,,,,,,,,,,,,,,,,,,,,,,,,25.0,33.0,58.0,2.0,6.5,2.0,2.0,0.0,1.0,0.0,0.0,,,,,,,,,,,,,,,,,,,,,,,,,,,,,,,,,,,,,,,,,,,,,,,,,,WSH,LB,2025,0.0,0.0,0.0
4426882,Sebastian Castro,9.0,0.0,0.0,0.0,,,,,,,,,,,,,,,,,,,,,,,,,,,,,,,,,,,,,2.0,1.0,3.0,0.0,0.0,0.0,0.0,0.0,0.0,0.0,0.0,0.0,0.0,0.0,0.0,0.0,0.0,0.0,0.0,0.0,,,,,,,,,,,,,,,,,,,,,,,,,,,,,,,,,,,,,,,,,PIT,S,2025,0.0,0.0,0.0
4426817,Jarvis Brownlee Jr.,9.0,1.0,0.0,0.0,,,,,,,,,,,,,,,,,,,,,,,,,,,,,,,,,,,,,35.0,18.0,53.0,0.0,0.0,3.0,3.0,0.0,0.0,0.0,0.0,0.0,0.0,0.0,0.0,0.0,0.0,0.0,0.0,0.0,,,,,,,,,,,,,,,,,,,,,,,,,,,,,,,,,,,,,,,,,NYJ,CB,2025,0.0,0.0,0.0
4426698,Tatum Bethune,14.0,0.0,0.0,0.0,,,,,,,,,,,,,,,,,,,,,,,,,,,,,,,,,,,,,39.0,55.0,94.0,1.0,11.0,4.0,4.0,0.0,0.0,0.0,0.0,0.0,0.0,0.0,0.0,0.0,0.0,0.0,0.0,0.0,,,,,,,,,,,,,,,,,,,,,,,,,,,,,,,,,,,,,,,,,SF,LB,2025,0.0,0.0,0.0
4426694,Keeanu Benton,17.0,1.0,0.0,0.0,,,,,,,,,,,,,,,,,,,,,,,,,,,,,,,,,,,,,25.0,26.0,51.0,5.5,41.0,6.0,1.0,0.0,0.0,0.0,0.0,,,,,,,,,,,,,,,,,,,,,,,,,,,,,,,,,,,,,,,,,,,,,,,,,,PIT,DT,2025,0.0,0.0,0.0
4426686,Dane Belton,17.0,3.0,0.0,0.0,,,,,,,,,,,,,,,,,,,,,,,,,,,,,,,,,,,,,60.0,60.0,120.0,2.0,11.0,3.0,5.0,8.0,1.0,8.0,0.0,,,,,,,,,,,,,,,,,,,,,,,,,,,,,,,,,,,,,,,,,,,,,,,,,,NYJ,S,2025,0.0,0.0,0.0
4426676,Jowon Briggs,17.0,1.0,0.0,0.0,,,,,,,,,,,,,,,,,,,,,,,,,,,,,,,,,,,,,19.0,19.0,38.0,4.0,31.0,8.0,0.0,0.0,0.0,0.0,0.0,0.0,0.0,0.0,0.0,0.0,0.0,0.0,0.0,0.0,,,,,,,,,,,,,,,,,,,,,,,,,,,,,,,,,,,,,,,,,NYJ,DT,2025,0.0,0.0,0.0
4426659,George Karlaftis,16.0,0.0,1.0,0.0,,,,,,,,,,,,,,,,,,,,,,,,,,,,,,,,,,,,,25.0,23.0,48.0,6.0,23.5,10.0,2.0,0.0,0.0,0.0,0.0,,,,,,,,,,,,,,,,,,,,,,,,,,,,,,,,,,,,,,,,,,,,,,,,,,KC,DE,2025,0.0,0.0,0.0
4426599,Alex Austin,12.0,0.0,0.0,0.0,,,,,,,,,,,,,,,,,,,,,,,,,,,,,,,,,,,,,10.0,3.0,13.0,0.0,0.0,1.0,1.0,0.0,0.0,0.0,0.0,0.0,0.0,0.0,0.0,0.0,0.0,0.0,0.0,0.0,,,,,,,,,,,,,,,,,,,,,,,,,,,,,,,,,,,,,,,,,MIA,CB,2025,0.0,0.0,0.0
4426992,Howard Cross III,4.0,0.0,1.0,0.0,,,,,,,,,,,,,,,,,,,,,,,,,,,,,,,,,,,,,2.0,2.0,4.0,0.0,0.0,0.0,0.0,0.0,0.0,0.0,0.0,0.0,0.0,0.0,0.0,0.0,0.0,0.0,0.0,0.0,,,,,,,,,,,,,,,,,,,,,,,,,,,,,,,,,,,,,,,,,CIN,DT,2025,0.0,0.0,0.0
4432804,Shemar Turner,5.0,0.0,0.0,0.0,,,,,,,,,,,,,,,,,,,,,,,,,,,,,,,,,,,,,6.0,0.0,6.0,0.0,0.0,2.0,0.0,0.0,0.0,0.0,0.0,0.0,0.0,0.0,0.0,0.0,0.0,0.0,0.0,0.0,,,,,,,,,,,,,,,,,,,,,,,,,,,,,,,,,,,,,,,,,CHI,DT,2025,0.0,0.0,0.0
4432777,Jeremiah Trotter Jr.,17.0,0.0,0.0,0.0,,,,,,,,,,,,,,,,,,,,,,,,,,,,,,,,,,,,,15.0,17.0,32.0,0.0,0.0,1.0,0.0,0.0,0.0,0.0,0.0,0.0,0.0,0.0,0.0,0.0,0.0,0.0,0.0,0.0,,,,,,,,,,,,,,,,,,,,,,,,,,,,,,,,,,,,,,,,,PHI,LB,2025,0.0,0.0,0.0
4432758,Jaylen Reed,7.0,0.0,1.0,0.0,,,,,,,,,,,,,,,,,,,,,,,,,,,,,,,,,,,,,9.0,5.0,14.0,0.0,0.0,0.0,0.0,0.0,0.0,0.0,0.0,0.0,0.0,0.0,0.0,0.0,0.0,0.0,0.0,0.0,,,,,,,,,,,,,,,,,,,,,,,,,,,,,,,,,,,,,,,,,HOU,S,2025,0.0,0.0,0.0
4432730,Jason Marshall Jr.,12.0,0.0,0.0,0.0,,,,,,,,,,,,,,,,,,,,,,,,,,,,,,,,,,,,,14.0,9.0,23.0,0.0,0.0,1.0,4.0,24.0,1.0,24.0,0.0,0.0,0.0,0.0,0.0,0.0,0.0,0.0,0.0,0.0,,,,,,,,,,,,,,,,,,,,,,,,,,,,,,,,,,,,,,,,,MIA,CB,2025,0.0,0.0,0.0
4432668,Denzel Burke,17.0,0.0,0.0,0.0,,,,,,,,,,,,,,,,,,,,,,,,,,,,,,,,,,,,,34.0,15.0,49.0,0.0,0.0,2.0,11.0,16.0,3.0,20.0,0.0,0.0,0.0,0.0,0.0,0.0,0.0,0.0,0.0,0.0,,,,,,,,,,,,,,,,,,,,,,,,,,,,,,,,,,,,,,,,,ARI,CB,2025,0.0,0.0,0.0
4432571,Tarheeb Still,15.0,0.0,0.0,0.0,,,,,,,,,,,,,,,,,,,,,,,,,,,,,,,,,,,,,37.0,16.0,53.0,0.0,0.0,5.0,7.0,0.0,0.0,0.0,0.0,,,,,,,,,,0.0,0.0,0.0,0.0,0.0,5.0,36.0,7.199999809265137,11.0,0.0,0.0,,,,,,,,,,,,,,,,,,,,,,,,,,,,,,LAC,CB,2025,0.0,0.0,0.0
4432333,Kyle Kennard,5.0,0.0,0.0,0.0,,,,,,,,,,,,,,,,,,,,,,,,,,,,,,,,,,,,,1.0,1.0,2.0,0.0,0.0,0.0,0.0,0.0,0.0,0.0,0.0,0.0,0.0,0.0,0.0,0.0,0.0,0.0,0.0,0.0,,,,,,,,,,,,,,,,,,,,,,,,,,,,,,,,,,,,,,,,,LAC,LB,2025,0.0,0.0,0.0
4432301,Kris Jenkins Jr.,14.0,0.0,0.0,0.0,,,,,,,,,,,,,,,,,,,,,,,,,,,,,,,,,,,,,18.0,18.0,36.0,1.5,9.0,2.0,1.0,0.0,0.0,0.0,0.0,0.0,0.0,0.0,0.0,0.0,0.0,0.0,0.0,0.0,,,,,,,,,,,,,,,,,,,,,,,,,,,,,,,,,,,,,,,,,CIN,DT,2025,0.0,0.0,0.0
4431664,Dante Trader Jr.,17.0,1.0,1.0,0.0,,,,,,,,,,,,,,,,,,,,,,,,,,,,,,,,,,,,,29.0,26.0,55.0,0.0,0.0,0.0,1.0,0.0,0.0,0.0,0.0,0.0,0.0,0.0,0.0,0.0,0.0,0.0,0.0,0.0,,,,,,,,,,,,,,,,,,,,,,,,,,,,,,,,,,,,,,,,,MIA,S,2025,0.0,0.0,0.0
4431615,Tyleik Williams,17.0,0.0,0.0,0.0,,,,,,,,,,,,,,,,,,,,,,,,,,,,,,,,,,,,,8.0,10.0,18.0,1.0,0.0,2.0,4.0,0.0,0.0,0.0,0.0,0.0,0.0,0.0,0.0,0.0,0.0,0.0,0.0,0.0,,,,,,,,,,,,,,,,,,,,,,,,,,,,,,,,,,,,,,,,,DET,DT,2025,0.0,0.0,0.0
4431613,James Williams Sr.,16.0,0.0,0.0,0.0,,,,,,,,,,,,,,,,,,,,,,,,,,,,,,,,,,,,,22.0,4.0,26.0,1.0,11.0,3.0,0.0,0.0,0.0,0.0,0.0,0.0,0.0,0.0,0.0,0.0,0.0,0.0,0.0,0.0,,,,,,,,,,,,,,,,,,,,,,,,,,,,,,,,,,,,,,,,,TEN,LB,2025,0.0,0.0,0.0
4429164,Nick Herbig,15.0,3.0,1.0,1.0,,,,,,,,,,,,,,,,,,,,,,,,,,,,,,,,,,,,,21.0,9.0,30.0,7.5,59.0,13.0,3.0,41.0,1.0,41.0,0.0,,,,,,,,,,,,,,,,,,,,,,,,,,,,,,,,,,,,,,,,,,,,,,,,,,PIT,LB,2025,0.0,0.0,0.0
4431598,Leonard Taylor III,5.0,0.0,0.0,0.0,,,,,,,,,,,,,,,,,,,,,,,,,,,,,,,,,,,,,5.0,6.0,11.0,0.0,0.0,1.0,1.0,0.0,0.0,0.0,0.0,,,,,,,,,,,,,,,,,,,,,,,,,,,,,,,,,,,,,,,,,,,,,,,,,,NE,DT,2025,0.0,0.0,0.0
4431590,Jack Sawyer,17.0,0.0,0.0,0.0,,,,,,,,,,,,,,,,,,,,,,,,,,,,,,,,,,,,,16.0,18.0,34.0,1.0,9.0,3.0,4.0,27.0,2.0,31.0,0.0,0.0,0.0,0.0,0.0,0.0,0.0,0.0,0.0,0.0,,,,,,,,,,,,,,,,,,,,,,,,,,,,,,,,,,,,,,,,,PIT,LB,2025,0.0,0.0,0.0
4431586,Chop Robinson,15.0,1.0,0.0,0.0,,,,,,,,,,,,,,,,,,,,,,,,,,,,,,,,,,,,,10.0,11.0,21.0,4.0,15.5,4.0,1.0,0.0,0.0,0.0,0.0,0.0,0.0,0.0,0.0,0.0,0.0,0.0,0.0,0.0,,,,,,,,,,,,,,,,,,,,,,,,,,,,,,,,,,,,,,,,,MIA,LB,2025,0.0,0.0,0.0
4431582,Payton Page,4.0,0.0,0.0,0.0,,,,,,,,,,,,,,,,,,,,,,,,,,,,,,,,,,,,,5.0,1.0,6.0,0.0,0.0,1.0,0.0,0.0,0.0,0.0,0.0,0.0,0.0,0.0,0.0,0.0,0.0,0.0,0.0,0.0,,,,,,,,,,,,,,,,,,,,,,,,,,,,,,,,,,,,,,,,,NYJ,DT,2025,0.0,0.0,0.0
4431573,Smael Mondon Jr.,17.0,0.0,0.0,0.0,,,,,,,,,,,,,,,,,,,,,,,,,,,,,,,,,,,,,4.0,7.0,11.0,0.0,0.0,0.0,0.0,0.0,0.0,0.0,0.0,0.0,0.0,0.0,0.0,0.0,0.0,0.0,0.0,0.0,,,,,,,,,,,,,,,,,,,,,,,,,,,,,,,,,,,,,,,,,PHI,LB,2025,0.0,0.0,0.0
4431571,Amarius Mims,17.0,0.0,0.0,0.0,,,,,,,,,,,,,,,,,,,,,,,,,,,,,,,,,,,,,1.0,1.0,2.0,0.0,0.0,0.0,0.0,0.0,0.0,0.0,0.0,0.0,0.0,0.0,0.0,0.0,0.0,0.0,0.0,0.0,,,,,,,,,,,,,,,,,,,,,,,,,,,,,,,,,,,,,,,,,CIN,OT,2025,0.0,0.0,0.0
4431567,Maason Smith,13.0,0.0,0.0,0.0,,,,,,,,,,,,,,,,,,,,,,,,,,,,,,,,,,,,,4.0,11.0,15.0,0.0,0.0,0.0,1.0,0.0,0.0,0.0,0.0,0.0,0.0,0.0,0.0,0.0,0.0,0.0,0.0,0.0,,,,,,,,,,,,,,,,,,,,,,,,,,,,,,,,,,,,,,,,,ATL,DT,2025,0.0,0.0,0.0
4431553,Donovan Jackson,14.0,0.0,0.0,0.0,,,,,,,,,,,,,,,,,,,,,,,,,,,,,,,,,,,,,1.0,1.0,2.0,0.0,0.0,0.0,0.0,0.0,0.0,0.0,0.0,0.0,0.0,0.0,0.0,0.0,0.0,0.0,0.0,0.0,,,,,,,,,,,,,,,,,,,,,,,,,,,,,,,,,,,,,,,,,MIN,G,2025,0.0,0.0,0.0
4431534,Ethan Downs,1.0,1.0,0.0,0.0,,,,,,,,,,,,,,,,,,,,,,,,,,,,,,,,,,,,,1.0,4.0,5.0,0.0,0.0,0.0,0.0,0.0,0.0,0.0,0.0,,,,,,,,,,,,,,,,,,,,,,,,,,,,,,,,,,,,,,,,,,,,,,,,,,KC,LB,2025,0.0,0.0,0.0
4431520,Chaz Chambliss,12.0,0.0,0.0,0.0,,,,,,,,,,,,,,,,,,,,,,,,,,,,,,,,,,,,,6.0,2.0,8.0,1.0,2.0,1.0,0.0,0.0,0.0,0.0,0.0,0.0,0.0,0.0,0.0,0.0,0.0,0.0,0.0,0.0,,,,,,,,,,,,,,,,,,,,,,,,,,,,,,,,,,,,,,,,,MIN,LB,2025,0.0,0.0,0.0
4431519,Barrett Carter,17.0,0.0,0.0,0.0,,,,,,,,,,,,,,,,,,,,,,,,,,,,,,,,,,,,,53.0,53.0,106.0,0.0,0.0,1.0,4.0,16.0,1.0,16.0,0.0,0.0,0.0,0.0,0.0,0.0,0.0,0.0,0.0,0.0,,,,,,,,,,,,,,,,,,,,,,,,,,,,,,,,,,,,,,,,,CIN,LB,2025,0.0,0.0,0.0
4431517,Calen Bullock,17.0,1.0,0.0,0.0,,,,,,,,,,,,,,,,,,,,,,,,,,,,,,,,,,,,,44.0,20.0,64.0,0.0,0.0,0.0,10.0,29.0,4.0,40.0,0.0,0.0,0.0,0.0,0.0,0.0,0.0,0.0,0.0,0.0,,,,,,,,,,,,,,,,,,,,,,,,,,,,,,,,,,,,,,,,,HOU,S,2025,0.0,0.0,0.0
4431603,Jay Toia,5.0,0.0,0.0,0.0,,,,,,,,,,,,,,,,,,,,,,,,,,,,,,,,,,,,,1.0,2.0,3.0,0.0,0.0,0.0,0.0,0.0,0.0,0.0,0.0,0.0,0.0,0.0,0.0,0.0,0.0,0.0,0.0,0.0,,,,,,,,,,,,,,,,,,,,,,,,,,,,,,,,,,,,,,,,,DAL,DT,2025,0.0,0.0,0.0
4567493,Patrick Paul,17.0,0.0,0.0,0.0,,,,,,,,,,,,,,,,,,,,,,,,,,,,,,,,,,,,,0.0,0.0,0.0,0.0,0.0,0.0,0.0,0.0,0.0,0.0,0.0,0.0,0.0,0.0,0.0,0.0,0.0,0.0,0.0,0.0,,,,,,,,,,,,,,,,,,,,,,,,,,,,,,,,,,,,,,,,,MIA,OT,2025,0.0,0.0,0.0
4567416,Ja'Markis Weston,3.0,0.0,0.0,0.0,,,,,,,,,,,,,,,,,,,,,,,,,,,,,,,,,,,,,0.0,2.0,2.0,0.0,0.0,0.0,0.0,0.0,0.0,0.0,0.0,0.0,0.0,0.0,0.0,0.0,0.0,0.0,0.0,0.0,,,,,,,,,,,,,,,,,,,,,,,,,,,,,,,,,,,,,,,,,SEA,LB,2025,0.0,0.0,0.0
4567406,Ty'Ron Hopper,17.0,1.0,0.0,0.0,,,,,,,,,,,,,,,,,,,,,,,,,,,,,,,,,,,,,10.0,14.0,24.0,0.0,0.0,1.0,0.0,0.0,0.0,0.0,0.0,0.0,0.0,0.0,0.0,0.0,0.0,0.0,0.0,0.0,,,,,,,,,,,,,,,,,,,,,,,,,,,,,,,,,,,,,,,,,GB,LB,2025,0.0,0.0,0.0
4567403,Mohamoud Diabate,17.0,1.0,1.0,0.0,,,,,,,,,,,,,,,,,,,,,,,,,,,,,,,,,,,,,22.0,27.0,49.0,0.0,0.0,3.0,0.0,0.0,0.0,0.0,0.0,0.0,0.0,0.0,0.0,0.0,0.0,0.0,0.0,0.0,,,,,,,,,,,,,,,,,,,,,,,,,,,,,,,,,,,,,,,,,TEN,LB,2025,0.0,0.0,0.0
4567399,Kaiir Elam,14.0,0.0,2.0,0.0,,,,,,,,,,,,,,,,,,,,,,,,,,,,,,,,,,,,,22.0,11.0,33.0,0.0,0.0,1.0,2.0,0.0,0.0,0.0,0.0,0.0,0.0,0.0,0.0,0.0,0.0,0.0,0.0,0.0,,,,,,,,,,,,,,,,,,,,,,,,,,,,,,,,,,,,,,,,,KC,CB,2025,0.0,0.0,0.0
4567242,Sam Williams,17.0,1.0,1.0,0.0,,,,,,,,,,,,,,,,,,,,,,,,,,,,,,,,,,,,,23.0,14.0,37.0,1.0,9.0,7.0,2.0,0.0,0.0,0.0,0.0,0.0,0.0,0.0,0.0,0.0,0.0,0.0,0.0,0.0,,,,,,,,,,,,,,,,,,,,,,,,,,,,,,,,,,,,,,,,,DAL,LB,2025,0.0,0.0,0.0
4567226,Derick Hall,14.0,0.0,0.0,0.0,,,,,,,,,,,,,,,,,,,,,,,,,,,,,,,,,,,,,11.0,19.0,30.0,2.0,5.0,3.0,2.0,0.0,0.0,0.0,0.0,,,,,,,,,,,,,,,,,,,,,,,,,,,,,,,,,,,,,,,,,,,,,,,,,,SEA,LB,2025,0.0,0.0,0.0
4567225,Jaylin Simpson,1.0,0.0,0.0,0.0,,,,,,,,,,,,,,,,,,,,,,,,,,,,,,,,,,,,,5.0,3.0,8.0,0.0,0.0,0.0,0.0,0.0,0.0,0.0,0.0,,,,,,,,,,,,,,,,,,,,,,,,,,,,,,,,,,,,,,,,,,,,,,,,,,GB,DB,2025,0.0,0.0,0.0
4567224,Colby Wooden,17.0,0.0,0.0,0.0,,,,,,,,,,,,,,,,,,,,,,,,,,,,,,,,,,,,,26.0,24.0,50.0,0.0,0.0,6.0,1.0,0.0,0.0,0.0,0.0,0.0,0.0,0.0,0.0,0.0,0.0,0.0,0.0,0.0,,,,,,,,,,,,,,,,,,,,,,,,,,,,,,,,,,,,,,,,,IND,DT,2025,0.0,0.0,0.0
4567222,Nehemiah Pritchett,17.0,0.0,0.0,0.0,,,,,,,,,,,,,,,,,,,,,,,,,,,,,,,,,,,,,11.0,3.0,14.0,0.0,0.0,0.0,2.0,0.0,0.0,0.0,0.0,0.0,0.0,0.0,0.0,0.0,0.0,0.0,0.0,0.0,,,,,,,,,,,,,,,,,,,,,,,,,,,,,,,,,,,,,,,,,SEA,CB,2025,0.0,0.0,0.0
4567219,Owen Pappoe,17.0,0.0,0.0,0.0,,,,,,,,,,,,,,,,,,,,,,,,,,,,,,,,,,,,,12.0,15.0,27.0,0.0,0.0,0.0,2.0,0.0,0.0,0.0,0.0,0.0,0.0,0.0,0.0,0.0,0.0,0.0,0.0,0.0,,,,,,,,,,,,,,,,,,,,,,,,,,,,,,,,,,,,,,,,,ARI,LB,2025,0.0,0.0,0.0
4433975,Kool-Aid McKinstry,17.0,0.0,0.0,0.0,,,,,,,,,,,,,,,,,,,,,,,,,,,,,,,,,,,,,59.0,17.0,76.0,0.0,0.0,3.0,17.0,0.0,3.0,0.0,0.0,,,,,,,,,,,,,,,,,,,,,,,,,,,,,,,,,,,,,,,,,,,,,,,,,,NO,CB,2025,0.0,0.0,0.0
4567138,Justin Eboigbe,17.0,0.0,0.0,0.0,,,,,,,,,,,,,,,,,,,,,,,,,,,,,,,,,,,,,27.0,12.0,39.0,6.0,33.0,7.0,0.0,0.0,0.0,0.0,0.0,0.0,0.0,0.0,0.0,0.0,0.0,0.0,0.0,0.0,,,,,,,,,,,,,,,,,,,,,,,,,,,,,,,,,,,,,,,,,LAC,DT,2025,0.0,0.0,0.0
4567123,Byron Young,17.0,0.0,1.0,0.0,,,,,,,,,,,,,,,,,,,,,,,,,,,,,,,,,,,,,13.0,24.0,37.0,2.5,9.0,3.0,0.0,0.0,0.0,0.0,0.0,0.0,0.0,0.0,0.0,0.0,0.0,0.0,0.0,0.0,,,,,,,,,,,,,,,,,,,,,,,,,,,,,,,,,,,,,,,,,PHI,DT,2025,0.0,0.0,0.0
4567111,DeMarcco Hellams,11.0,0.0,1.0,0.0,,,,,,,,,,,,,,,,,,,,,,,,,,,,,,,,,,,,,4.0,6.0,10.0,0.0,0.0,0.0,0.0,0.0,0.0,0.0,0.0,0.0,0.0,0.0,0.0,0.0,0.0,0.0,0.0,0.0,,,,,,,,,,,,,,,,,,,,,,,,,,,,,,,,,,,,,,,,,ATL,S,2025,0.0,0.0,0.0
4567099,Christian Harris,15.0,0.0,0.0,0.0,,,,,,,,,,,,,,,,,,,,,,,,,,,,,,,,,,,,,5.0,6.0,11.0,0.0,0.0,0.0,1.0,0.0,0.0,0.0,0.0,0.0,0.0,0.0,0.0,0.0,0.0,0.0,0.0,0.0,,,,,,,,,,,,,,,,,,,,,,,,,,,,,,,,,,,,,,,,,ATL,LB,2025,0.0,0.0,0.0
4567098,Jordan Battle,17.0,2.0,0.0,0.0,,,,,,,,,,,,,,,,,,,,,,,,,,,,,,,,,,,,,62.0,63.0,125.0,0.0,0.0,2.0,6.0,4.0,4.0,6.0,0.0,,,,,,,,,,,,,,,,,,,,,,,,,,,,,,,,,,,,,,,,,,,,,,,,,,CIN,S,2025,0.0,0.0,0.0
4566154,Jaylahn Tuimoloau,13.0,0.0,0.0,0.0,,,,,,,,,,,,,,,,,,,,,,,,,,,,,,,,,,,,,6.0,11.0,17.0,0.0,0.0,1.0,0.0,0.0,0.0,0.0,0.0,0.0,0.0,0.0,0.0,0.0,0.0,0.0,0.0,0.0,,,,,,,,,,,,,,,,,,,,,,,,,,,,,,,,,,,,,,,,,IND,DE,2025,0.0,0.0,0.0
4566100,Kobee Minor,4.0,0.0,0.0,0.0,,,,,,,,,,,,,,,,,,,,,,,,,,,,,,,,,,,,,1.0,0.0,1.0,0.0,0.0,0.0,0.0,0.0,0.0,0.0,0.0,0.0,0.0,0.0,0.0,0.0,0.0,0.0,0.0,0.0,,,,,,,,,,,,,,,,,,,,,,,,,,,,,,,,,,,,,,,,,NE,CB,2025,0.0,0.0,0.0
4566088,Jaylan Ford,17.0,0.0,0.0,0.0,,,,,,,,,,,,,,,,,,,,,,,,,,,,,,,,,,,,,5.0,6.0,11.0,0.0,0.0,0.0,0.0,0.0,0.0,0.0,0.0,0.0,0.0,0.0,0.0,0.0,0.0,0.0,0.0,0.0,,,,,,,,,,,,,,,,,,,,,,,,,,,,,,,,,,,,,,,,,NO,LB,2025,0.0,0.0,0.0
4565350,Jay Higgins IV,11.0,1.0,0.0,0.0,,,,,,,,,,,,,,,,,,,,,,,,,,,,,,,,,,,,,3.0,7.0,10.0,0.0,0.0,0.0,0.0,0.0,0.0,0.0,0.0,0.0,0.0,0.0,0.0,0.0,0.0,0.0,0.0,0.0,,,,,,,,,,,,,,,,,,,,,,,,,,,,,,,,,,,,,,,,,BAL,LB,2025,0.0,0.0,0.0
4565311,Aeneas Peebles,6.0,0.0,0.0,0.0,,,,,,,,,,,,,,,,,,,,,,,,,,,,,,,,,,,,,2.0,1.0,3.0,0.0,0.0,0.0,1.0,0.0,0.0,0.0,0.0,0.0,0.0,0.0,0.0,0.0,0.0,0.0,0.0,0.0,,,,,,,,,,,,,,,,,,,,,,,,,,,,,,,,,,,,,,,,,BAL,DT,2025,0.0,0.0,0.0
4565200,Upton Stout,16.0,1.0,0.0,0.0,,,,,,,,,,,,,,,,,,,,,,,,,,,,,,,,,,,,,43.0,39.0,82.0,1.0,7.0,4.0,5.0,0.0,0.0,0.0,0.0,,,,,,,,,,,,,,,,,,,,,,,,,,,,,,,,,,,,,,,,,,,,,,,,,,SF,CB,2025,0.0,0.0,0.0
4565190,Dallas Turner,17.0,4.0,0.0,0.0,,,,,,,,,,,,,,,,,,,,,,,,,,,,,,,,,,,,,29.0,37.0,66.0,8.0,56.0,11.0,3.0,0.0,0.0,0.0,0.0,,,,,,,,,,,,,,,,,,,,,,,,,,,,,,,,,,,,,,,,,,,,,,,,,,MIN,LB,2025,0.0,0.0,0.0
4567171,Eric Gregory,6.0,0.0,0.0,0.0,,,,,,,,,,,,,,,,,,,,,,,,,,,,,,,,,,,,,1.0,7.0,8.0,0.0,0.0,0.0,0.0,0.0,0.0,0.0,0.0,0.0,0.0,0.0,0.0,0.0,0.0,0.0,0.0,0.0,,,,,,,,,,,,,,,,,,,,,,,,,,,,,,,,,,,,,,,,,NE,DT,2025,0.0,0.0,0.0
4430261,Tyler Nubin,13.0,0.0,1.0,1.0,,,,,,,,,,,,,,,,,,,,,,,,,,,,,,,,,,,,,49.0,29.0,78.0,0.0,0.0,7.0,2.0,0.0,0.0,0.0,0.0,,,,,,,,,,,,,,,,,,,,,,,,,,,,,,,,,,,,,,,,,,,,,,,,,,NYG,S,2025,0.0,0.0,0.0
4430182,Jarius Monroe,4.0,0.0,0.0,0.0,,,,,,,,,,,,,,,,,,,,,,,,,,,,,,,,,,,,,1.0,1.0,2.0,0.0,0.0,0.0,0.0,0.0,0.0,0.0,0.0,0.0,0.0,0.0,0.0,0.0,0.0,0.0,0.0,0.0,,,,,,,,,,,,,,,,,,,,,,,,,,,,,,,,,,,,,,,,,NYJ,S,2025,0.0,0.0,0.0
4430118,Sanoussi Kane,9.0,0.0,0.0,0.0,,,,,,,,,,,,,,,,,,,,,,,,,,,,,,,,,,,,,3.0,5.0,8.0,0.0,0.0,0.0,0.0,0.0,0.0,0.0,0.0,0.0,0.0,0.0,0.0,0.0,0.0,0.0,0.0,0.0,,,,,,,,,,,,,,,,,,,,,,,,,,,,,,,,,,,,,,,,,TEN,S,2025,0.0,0.0,0.0
4430065,Cedric Johnson,9.0,0.0,2.0,0.0,,,,,,,,,,,,,,,,,,,,,,,,,,,,,,,,,,,,,11.0,9.0,20.0,2.0,12.0,2.0,0.0,0.0,0.0,0.0,0.0,0.0,0.0,0.0,0.0,0.0,0.0,0.0,0.0,0.0,,,,,,,,,,,,,,,,,,,,,,,,,,,,,,,,,,,,,,,,,CIN,DE,2025,0.0,0.0,0.0
4429996,Marshawn Kneeland,7.0,0.0,0.0,0.0,,,,,,,,,,,,,,,,,,,,,,,,,,,,,,,,,,,,,6.0,6.0,12.0,1.0,8.0,3.0,0.0,0.0,0.0,0.0,0.0,,,,,,,,,,,,,,,,,,,,,,,,,,,,,,,,,,,,,,,,,,,,,,,,,,,,2025,0.0,0.0,0.0
4429970,Ruben Hyppolite II,7.0,0.0,0.0,0.0,,,,,,,,,,,,,,,,,,,,,,,,,,,,,,,,,,,,,3.0,3.0,6.0,0.0,0.0,0.0,0.0,0.0,0.0,0.0,0.0,0.0,0.0,0.0,0.0,0.0,0.0,0.0,0.0,0.0,,,,,,,,,,,,,,,,,,,,,,,,,,,,,,,,,,,,,,,,,CHI,LB,2025,0.0,0.0,0.0
4429946,PJ Jules,14.0,0.0,0.0,0.0,,,,,,,,,,,,,,,,,,,,,,,,,,,,,,,,,,,,,10.0,8.0,18.0,0.0,0.0,1.0,0.0,0.0,0.0,0.0,0.0,0.0,0.0,0.0,0.0,0.0,0.0,0.0,0.0,0.0,,,,,,,,,,,,,,,,,,,,,,,,,,,,,,,,,,,,,,,,,CIN,S,2025,0.0,0.0,0.0
4429891,DJ James,1.0,0.0,0.0,0.0,,,,,,,,,,,,,,,,,,,,,,,,,,,,,,,,,,,,,1.0,0.0,1.0,0.0,0.0,0.0,0.0,0.0,0.0,0.0,0.0,,,,,,,,,,,,,,,,,,,,,,,,,,,,,,,,,,,,,,,,,,,,,,,,,,,,2025,0.0,0.0,0.0
4429834,Cedric Gray,16.0,0.0,1.0,0.0,,,,,,,,,,,,,,,,,,,,,,,,,,,,,,,,,,,,,97.0,67.0,164.0,1.0,7.0,7.0,4.0,0.0,0.0,0.0,0.0,,,,,,,,,,,,,,,,,,,,,,,,,,,,,,,,,,,,,,,,,,,,,,,,,,TEN,LB,2025,0.0,0.0,0.0
4429767,Emmanuel Forbes Jr.,17.0,1.0,0.0,0.0,,,,,,,,,,,,,,,,,,,,,,,,,,,,,,,,,,,,,32.0,13.0,45.0,0.0,0.0,0.0,18.0,31.0,3.0,43.0,0.0,,,,,,,,,,,,,,,,,,,,,,,,,,,,,,,,,,,,,,,,,,,,,,,,,,LAR,CB,2025,0.0,0.0,0.0
4429607,Cor'Dale Flott,14.0,1.0,0.0,0.0,,,,,,,,,,,,,,,,,,,,,,,,,,,,,,,,,,,,,27.0,11.0,38.0,0.0,0.0,3.0,11.0,68.0,1.0,68.0,0.0,,,,,,,,,,,,,,,,,,,,,,,,,,,,,,,,,,,,,,,,,,,,,,,,,,TEN,CB,2025,0.0,0.0,0.0
4431467,Marlowe Wax,17.0,0.0,0.0,0.0,,,,,,,,,,,,,,,,,,,,,,,,,,,,,,,,,,,,,11.0,10.0,21.0,0.0,0.0,1.0,0.0,0.0,0.0,0.0,0.0,0.0,0.0,0.0,0.0,0.0,0.0,0.0,0.0,0.0,,,,,,,,,,,,,,,,,,,,,,,,,,,,,,,,,,,,,,,,,LAC,LB,2025,0.0,0.0,0.0
4429511,SirVocea Dennis,16.0,0.0,0.0,0.0,,,,,,,,,,,,,,,,,,,,,,,,,,,,,,,,,,,,,66.0,35.0,101.0,3.0,30.0,10.0,5.0,0.0,1.0,0.0,0.0,,,,,,,,,,,,,,,,,,,,,,,,,,,,,,,,,,,,,,,,,,,,,,,,,,TB,LB,2025,0.0,0.0,0.0
4429490,Carson Bruener,17.0,0.0,0.0,0.0,,,,,,,,,,,,,,,,,,,,,,,,,,,,,,,,,,,,,7.0,12.0,19.0,0.0,0.0,0.0,0.0,0.0,0.0,0.0,0.0,0.0,0.0,0.0,0.0,0.0,0.0,0.0,0.0,0.0,,,,,,,,,,,,,,,,,,,,,,,,,,,,,,,,,,,,,,,,,PIT,LB,2025,0.0,0.0,0.0
4429411,Jordan Clark,6.0,0.0,0.0,0.0,,,,,,,,,,,,,,,,,,,,,,,,,,,,,,,,,,,,,7.0,2.0,9.0,0.0,0.0,0.0,0.0,0.0,0.0,0.0,0.0,0.0,0.0,0.0,0.0,0.0,0.0,0.0,0.0,0.0,,,,,,,,,,,,,,,,,,,,,,,,,,,,,,,,,,,,,,,,,NYJ,CB,2025,0.0,0.0,0.0
4429392,Elijah Chatman,5.0,0.0,0.0,0.0,,,,,,,,,,,,,,,,,,,,,,,,,,,,,,,,,,,,,1.0,2.0,3.0,0.0,0.0,0.0,0.0,0.0,0.0,0.0,0.0,0.0,0.0,0.0,0.0,0.0,0.0,0.0,0.0,0.0,,,,,,,,,,,,,,,,,,,,,,,,,,,,,,,,,,,,,,,,,CLE,DT,2025,0.0,0.0,0.0
4429324,Cobee Bryant,7.0,0.0,0.0,0.0,,,,,,,,,,,,,,,,,,,,,,,,,,,,,,,,,,,,,8.0,2.0,10.0,0.0,0.0,1.0,1.0,0.0,0.0,0.0,0.0,0.0,0.0,0.0,0.0,0.0,0.0,0.0,0.0,0.0,,,,,,,,,,,,,,,,,,,,,,,,,,,,,,,,,,,,,,,,,ATL,CB,2025,0.0,0.0,0.0
4429291,Beau Brade,15.0,0.0,0.0,0.0,,,,,,,,,,,,,,,,,,,,,,,,,,,,,,,,,,,,,1.0,1.0,2.0,0.0,0.0,0.0,0.0,0.0,0.0,0.0,0.0,0.0,0.0,0.0,0.0,0.0,0.0,0.0,0.0,0.0,,,,,,,,,,,,,,,,,,,,,,,,,,,,,,,,,,,,,,,,,NYG,S,2025,0.0,0.0,0.0
4429281,Korie Black,11.0,0.0,0.0,0.0,,,,,,,,,,,,,,,,,,,,,,,,,,,,,,,,,,,,,7.0,11.0,18.0,0.0,0.0,1.0,1.0,0.0,0.0,0.0,0.0,0.0,0.0,0.0,0.0,0.0,0.0,0.0,0.0,0.0,,,,,,,,,,,,,,,,,,,,,,,,,,,,,,,,,,,,,,,,,NYG,CB,2025,0.0,0.0,0.0
4429211,Anthony Bradford,17.0,0.0,0.0,0.0,,,,,,,,,,,,,,,,,,,,,,,,,,,,,,,,,,,,,0.0,1.0,1.0,0.0,0.0,0.0,0.0,0.0,0.0,0.0,0.0,0.0,0.0,0.0,0.0,0.0,0.0,0.0,0.0,0.0,,,,,,,,,,,,,,,,,,,,,,,,,,,,,,,,,,,,,,,,,SEA,G,2025,0.0,0.0,0.0
4429193,Kris Abrams-Draine,17.0,0.0,0.0,0.0,,,,,,,,,,,,,,,,,,,,,,,,,,,,,,,,,,,,,21.0,9.0,30.0,0.0,0.0,1.0,1.0,0.0,0.0,0.0,0.0,0.0,0.0,0.0,0.0,0.0,0.0,0.0,0.0,0.0,,,,,,,,,,,,,,,,,,,,,,,,,,,,,,,,,,,,,,,,,DEN,CB,2025,0.0,0.0,0.0
4429185,Austin Keys,11.0,0.0,0.0,0.0,,,,,,,,,,,,,,,,,,,,,,,,,,,,,,,,,,,,,4.0,3.0,7.0,1.0,11.0,1.0,0.0,0.0,0.0,0.0,0.0,0.0,0.0,0.0,0.0,0.0,0.0,0.0,0.0,0.0,,,,,,,,,,,,,,,,,,,,,,,,,,,,,,,,,,,,,,,,,ARI,LB,2025,0.0,0.0,0.0
4429168,Antonio Johnson,17.0,0.0,0.0,0.0,,,,,,,,,,,,,,,,,,,,,,,,,,,,,,,,,,,,,37.0,21.0,58.0,2.0,8.0,2.0,9.0,58.0,5.0,107.0,1.0,0.0,0.0,0.0,0.0,0.0,0.0,0.0,0.0,0.0,,,,,,,,,,,,,,,,,,,,,,,,,,,,,,,,,,,,,,,,,JAX,S,2025,0.0,0.0,0.0
4429166,Princely Umanmielen,16.0,1.0,1.0,0.0,,,,,,,,,,,,,,,,,,,,,,,,,,,,,,,,,,,,,13.0,11.0,24.0,1.5,12.5,2.0,0.0,0.0,0.0,0.0,0.0,0.0,0.0,0.0,0.0,0.0,0.0,0.0,0.0,0.0,,,,,,,,,,,,,,,,,,,,,,,,,,,,,,,,,,,,,,,,,CAR,LB,2025,0.0,0.0,0.0
4429560,Tommy Eichenberg,17.0,0.0,0.0,0.0,,,,,,,,,,,,,,,,,,,,,,,,,,,,,,,,,,,,,21.0,15.0,36.0,0.0,0.0,1.0,1.0,0.0,0.0,0.0,0.0,0.0,0.0,0.0,0.0,0.0,0.0,0.0,0.0,0.0,,,,,,,,,,,,,,,,,,,,,,,,,,,,,,,,,,,,,,,,,LV,LB,2025,0.0,0.0,0.0
4431442,Tuli Tuipulotu,16.0,2.0,1.0,0.0,,,,,,,,,,,,,,,,,,,,,,,,,,,,,,,,,,,,,35.0,14.0,49.0,13.0,71.0,20.0,3.0,0.0,0.0,0.0,0.0,0.0,0.0,0.0,0.0,0.0,0.0,0.0,0.0,0.0,,,,,,,,,,,,,,,,,,,,,,,,,,,,,,,,,,,,,,,,,LAC,LB,2025,0.0,0.0,0.0
4431437,JC Latham,13.0,0.0,0.0,0.0,,,,,,,,,,,,,,,,,,,,,,,,,,,,,,,,,,,,,0.0,0.0,0.0,0.0,0.0,0.0,0.0,0.0,0.0,0.0,0.0,0.0,0.0,0.0,0.0,0.0,0.0,0.0,0.0,0.0,,,,,,,,,,,,,,,,,,,,,,,,,,,,,,,,,,,,,,,,,TEN,OT,2025,0.0,0.0,0.0
4431426,Corey Thornton,12.0,1.0,0.0,0.0,,,,,,,,,,,,,,,,,,,,,,,,,,,,,,,,,,,,,8.0,6.0,14.0,0.0,0.0,0.0,3.0,0.0,0.0,0.0,0.0,0.0,0.0,0.0,0.0,0.0,0.0,0.0,0.0,0.0,,,,,,,,,,,,,,,,,,,,,,,,,,,,,,,,,,,,,,,,,CAR,CB,2025,0.0,0.0,0.0
4431424,Bradyn Swinson,3.0,0.0,0.0,0.0,,,,,,,,,,,,,,,,,,,,,,,,,,,,,,,,,,,,,1.0,0.0,1.0,0.0,0.0,0.0,0.0,0.0,0.0,0.0,0.0,0.0,0.0,0.0,0.0,0.0,0.0,0.0,0.0,0.0,,,,,,,,,,,,,,,,,,,,,,,,,,,,,,,,,,,,,,,,,NE,LB,2025,0.0,0.0,0.0
4431321,Dru Phillips,17.0,0.0,1.0,0.0,,,,,,,,,,,,,,,,,,,,,,,,,,,,,,,,,,,,,49.0,17.0,66.0,0.0,0.0,9.0,12.0,56.0,2.0,56.0,0.0,,,,,,,,,,,,,,,,,,,,,,,,,,,,,,,,,,,,,,,,,,,,,,,,,,NYG,CB,2025,0.0,0.0,0.0
4431194,Billy Bowman Jr.,6.0,1.0,0.0,0.0,,,,,,,,,,,,,,,,,,,,,,,,,,,,,,,,,,,,,15.0,11.0,26.0,1.5,12.0,1.0,2.0,0.0,1.0,0.0,0.0,,,,,,,,,,,,,,,,,,,,,,,,,,,,,,,,,,,,,,,,,,,,,,,,,,ATL,CB,2025,0.0,0.0,0.0
4431118,Ty Hamilton,14.0,0.0,0.0,0.0,,,,,,,,,,,,,,,,,,,,,,,,,,,,,,,,,,,,,1.0,10.0,11.0,0.0,0.0,0.0,0.0,0.0,0.0,0.0,0.0,0.0,0.0,0.0,0.0,0.0,0.0,0.0,0.0,0.0,,,,,,,,,,,,,,,,,,,,,,,,,,,,,,,,,,,,,,,,,LAR,DT,2025,0.0,0.0,0.0
4431006,Caelen Carson,8.0,0.0,0.0,0.0,,,,,,,,,,,,,,,,,,,,,,,,,,,,,,,,,,,,,12.0,5.0,17.0,0.0,0.0,1.0,2.0,0.0,0.0,0.0,0.0,0.0,0.0,0.0,0.0,0.0,0.0,0.0,0.0,0.0,,,,,,,,,,,,,,,,,,,,,,,,,,,,,,,,,,,,,,,,,DAL,CB,2025,0.0,0.0,0.0
4431005,Xavier Watts,17.0,0.0,1.0,0.0,,,,,,,,,,,,,,,,,,,,,,,,,,,,,,,,,,,,,59.0,37.0,96.0,0.0,0.0,0.0,11.0,32.0,5.0,32.0,0.0,,,,,,,,,,,,,,,,,,,,,,,,,,,,,,,,,,,,,,,,,,,,,,,,,,ATL,S,2025,0.0,0.0,0.0
4430965,Carrington Valentine,17.0,0.0,0.0,0.0,,,,,,,,,,,,,,,,,,,,,,,,,,,,,,,,,,,,,25.0,6.0,31.0,0.0,0.0,0.0,4.0,0.0,0.0,0.0,0.0,0.0,0.0,0.0,0.0,0.0,0.0,0.0,0.0,0.0,,,,,,,,,,,,,,,,,,,,,,,,,,,,,,,,,,,,,,,,,GB,CB,2025,0.0,0.0,0.0
4430947,Yahya Black,17.0,2.0,1.0,0.0,,,,,,,,,,,,,,,,,,,,,,,,,,,,,,,,,,,,,10.0,18.0,28.0,0.0,0.0,0.0,1.0,0.0,0.0,0.0,0.0,0.0,0.0,0.0,0.0,0.0,0.0,0.0,0.0,0.0,,,,,,,,,,,,,,,,,,,,,,,,,,,,,,,,,,,,,,,,,PIT,DE,2025,0.0,0.0,0.0
4430271,Ruke Orhorhoro,17.0,0.0,0.0,0.0,,,,,,,,,,,,,,,,,,,,,,,,,,,,,,,,,,,,,12.0,13.0,25.0,3.5,16.5,4.0,1.0,0.0,0.0,0.0,0.0,0.0,0.0,0.0,0.0,0.0,0.0,0.0,0.0,0.0,,,,,,,,,,,,,,,,,,,,,,,,,,,,,,,,,,,,,,,,,JAX,DT,2025,0.0,0.0,0.0
4430896,JJ Pegues,9.0,0.0,1.0,0.0,,,,,,,,,,,,,,,,,,,,,,,,,,,,,,,,,,,,,4.0,7.0,11.0,0.0,0.0,1.0,0.0,0.0,0.0,0.0,0.0,0.0,0.0,0.0,0.0,0.0,0.0,0.0,0.0,0.0,,,,,,,,,,,,,,,,,,,,,,,,,,,,,,,,,,,,,,,,,LV,DT,2025,0.0,0.0,0.0
4430838,Rylie Mills,4.0,0.0,0.0,0.0,,,,,,,,,,,,,,,,,,,,,,,,,,,,,,,,,,,,,1.0,2.0,3.0,0.0,0.0,0.0,0.0,0.0,0.0,0.0,0.0,0.0,0.0,0.0,0.0,0.0,0.0,0.0,0.0,0.0,,,,,,,,,,,,,,,,,,,,,,,,,,,,,,,,,,,,,,,,,SEA,DT,2025,0.0,0.0,0.0
4430835,Alfred Collins,16.0,2.0,2.0,0.0,,,,,,,,,,,,,,,,,,,,,,,,,,,,,,,,,,,,,4.0,13.0,17.0,1.0,15.0,1.0,2.0,0.0,0.0,0.0,0.0,0.0,0.0,0.0,0.0,0.0,0.0,0.0,0.0,0.0,,,,,,,,,,,,,,,,,,,,,,,,,,,,,,,,,,,,,,,,,SF,DT,2025,0.0,0.0,0.0
4430831,Trenton Simpson,17.0,0.0,0.0,0.0,,,,,,,,,,,,,,,,,,,,,,,,,,,,,,,,,,,,,34.0,32.0,66.0,2.5,12.5,4.0,1.0,0.0,0.0,0.0,0.0,0.0,0.0,0.0,0.0,0.0,0.0,0.0,0.0,0.0,,,,,,,,,,,,,,,,,,,,,,,,,,,,,,,,,,,,,,,,,BAL,LB,2025,0.0,0.0,0.0
4430822,Noah Sewell,13.0,1.0,0.0,0.0,,,,,,,,,,,,,,,,,,,,,,,,,,,,,,,,,,,,,33.0,26.0,59.0,0.0,0.0,3.0,0.0,0.0,0.0,0.0,0.0,,,,,,,,,,,,,,,,,,,,,,,,,,,,,,,,,,,,,,,,,,,,,,,,,,CHI,LB,2025,0.0,0.0,0.0
4430821,Kitan Crawford,15.0,0.0,0.0,0.0,,,,,,,,,,,,,,,,,,,,,,,,,,,,,,,,,,,,,11.0,9.0,20.0,0.0,0.0,0.0,1.0,0.0,0.0,0.0,0.0,0.0,0.0,0.0,0.0,0.0,0.0,0.0,0.0,0.0,,,,,,,,,,,,,,,,,,,,,,,,,,,,,,,,,,,,,,,,,ARI,S,2025,0.0,0.0,0.0
4430560,Jer'Zhan Newton,17.0,1.0,0.0,0.0,,,,,,,,,,,,,,,,,,,,,,,,,,,,,,,,,,,,,21.0,17.0,38.0,5.0,38.0,4.0,1.0,0.0,0.0,0.0,0.0,0.0,0.0,0.0,0.0,0.0,0.0,0.0,0.0,0.0,,,,,,,,,,,,,,,,,,,,,,,,,,,,,,,,,,,,,,,,,WSH,DT,2025,0.0,0.0,0.0
4430478,Elijah Simmons,9.0,0.0,0.0,0.0,,,,,,,,,,,,,,,,,,,,,,,,,,,,,,,,,,,,,3.0,3.0,6.0,0.0,0.0,1.0,0.0,0.0,0.0,0.0,0.0,0.0,0.0,0.0,0.0,0.0,0.0,0.0,0.0,0.0,,,,,,,,,,,,,,,,,,,,,,,,,,,,,,,,,,,,,,,,,TB,DT,2025,0.0,0.0,0.0
4430438,Edgerrin Cooper,16.0,2.0,1.0,0.0,,,,,,,,,,,,,,,,,,,,,,,,,,,,,,,,,,,,,63.0,55.0,118.0,0.5,5.0,4.0,4.0,0.0,0.0,0.0,0.0,,,,,,,,,,,,,,,,,,,,,,,,,,,,,,,,,,,,,,,,,,,,,,,,,,GB,LB,2025,0.0,0.0,0.0
4430411,Jammie Robinson,6.0,0.0,0.0,0.0,,,,,,,,,,,,,,,,,,,,,,,,,,,,,,,,,,,,,1.0,0.0,1.0,0.0,0.0,0.0,0.0,0.0,0.0,0.0,0.0,0.0,0.0,0.0,0.0,0.0,0.0,0.0,0.0,0.0,,,,,,,,,,,,,,,,,,,,,,,,,,,,,,,,,,,,,,,,,ATL,S,2025,0.0,0.0,0.0
4430330,Darien Porter,17.0,0.0,1.0,0.0,,,,,,,,,,,,,,,,,,,,,,,,,,,,,,,,,,,,,29.0,13.0,42.0,0.0,0.0,0.0,3.0,0.0,0.0,0.0,0.0,0.0,0.0,0.0,0.0,0.0,0.0,0.0,0.0,0.0,,,,,,,,,,,,,,,,,,,,,,,,,,,,,,,,,,,,,,,,,LV,CB,2025,0.0,0.0,0.0
4430280,Ivan Pace Jr.,17.0,0.0,0.0,0.0,,,,,,,,,,,,,,,,,,,,,,,,,,,,,,,,,,,,,34.0,28.0,62.0,1.0,2.0,2.0,0.0,0.0,0.0,0.0,0.0,0.0,0.0,0.0,0.0,0.0,0.0,0.0,0.0,0.0,,,,,,,,,,,,,,,,,,,,,,,,,,,,,,,,,,,,,,,,,MIN,LB,2025,0.0,0.0,0.0
4430925,Jahdae Barron,17.0,0.0,1.0,0.0,,,,,,,,,,,,,,,,,,,,,,,,,,,,,,,,,,,,,24.0,11.0,35.0,0.0,0.0,0.0,5.0,0.0,1.0,0.0,0.0,0.0,0.0,0.0,0.0,0.0,0.0,0.0,0.0,0.0,,,,,,,,,,,,,,,,,,,,,,,,,,,,,,,,,,,,,,,,,DEN,CB,2025,0.0,0.0,0.0
4367995,Henry Byrd,2.0,,,0.0,,,,,,,,,,,,,,,,,,,,,,,,,,,,,,,,,,,,,,,,,,,,,,,,0.0,0.0,0.0,0.0,0.0,0.0,0.0,0.0,0.0,,,,,,,,,,,,,,,,,,,,,,,,,,,,,,,,,,,,,,,,,MIN,G,2025,0.0,0.0,0.0
4367645,Hunter Nourzad,11.0,,,0.0,,,,,,,,,,,,,,,,,,,,,,,,,,,,,,,,,,,,,,,,,,,,,,,,0.0,0.0,0.0,0.0,0.0,0.0,0.0,0.0,0.0,,,,,,,,,,,,,,,,,,,,,,,,,,,,,,,,,,,,,,,,,KC,C,2025,0.0,0.0,0.0
4367203,Alec Anderson,17.0,,,0.0,,,,,,,,,,,,,,,,,,,,,,,,,,,,,,,,,,,,,,,,,,,,,,,,0.0,0.0,0.0,0.0,0.0,0.0,0.0,0.0,0.0,,,,,,,,,,,,,,,,,,,,,,,,,,,,,,,,,,,,,,,,,BUF,OT,2025,0.0,0.0,0.0
4367202,Atonio Mafi,3.0,,,0.0,,,,,,,,,,,,,,,,,,,,,,,,,,,,,,,,,,,,,,,,,,,,,,,,0.0,0.0,0.0,0.0,0.0,0.0,0.0,0.0,0.0,,,,,,,,,,,,,,,,,,,,,,,,,,,,,,,,,,,,,,,,,LV,G,2025,0.0,0.0,0.0
4365457,Brodric Martin-Rhodes,1.0,,,0.0,,,,,,,,,,,,,,,,,,,,,,,,,,,,,,,,,,,,,,,,,,,,,,,,0.0,0.0,0.0,0.0,0.0,0.0,0.0,0.0,0.0,,,,,,,,,,,,,,,,,,,,,,,,,,,,,,,,,,,,,,,,,,,2025,0.0,0.0,0.0
4362890,Ben Brown,17.0,,,0.0,,,,,,,,,,,,,,,,,,,,,,,,,,,,,,,,,,,,,,,,,,,,,,,,0.0,0.0,0.0,0.0,0.0,0.0,0.0,0.0,0.0,,,,,,,,,,,,,,,,,,,,,,,,,,,,,,,,,,,,,,,,,NE,C,2025,0.0,0.0,0.0
4362858,Darius Rush,1.0,,,0.0,,,,,,,,,,,,,,,,,,,,,,,,,,,,,,,,,,,,,,,,,,,,,,,,0.0,0.0,0.0,0.0,0.0,0.0,0.0,0.0,0.0,,,,,,,,,,,,,,,,,,,,,,,,,,,,,,,,,,,,,,,,,WSH,CB,2025,0.0,0.0,0.0
4362855,Israel Mukuamu,1.0,,,0.0,,,,,,,,,,,,,,,,,,,,,,,,,,,,,,,,,,,,,,,,,,,,,,,,0.0,0.0,0.0,0.0,0.0,0.0,0.0,0.0,0.0,,,,,,,,,,,,,,,,,,,,,,,,,,,,,,,,,,,,,,,,,,,2025,0.0,0.0,0.0
4362845,Jovaughn Gwyn,17.0,,,0.0,,,,,,,,,,,,,,,,,,,,,,,,,,,,,,,,,,,,,,,,,,,,,,,,0.0,0.0,0.0,0.0,0.0,0.0,0.0,0.0,0.0,,,,,,,,,,,,,,,,,,,,,,,,,,,,,,,,,,,,,,,,,BAL,G,2025,0.0,0.0,0.0
4362805,Tyler Steen,17.0,,,0.0,,,,,,,,,,,,,,,,,,,,,,,,,,,,,,,,,,,,,,,,,,,,,,,,0.0,0.0,0.0,0.0,0.0,0.0,0.0,0.0,0.0,,,,,,,,,,,,,,,,,,,,,,,,,,,,,,,,,,,,,,,,,PHI,G,2025,0.0,0.0,0.0
4411769,Corey Ballentine,6.0,0.0,0.0,0.0,,,,,,,,,,,,,,,,,,,,,,,,,,,,,,,,,,,,,0.0,3.0,3.0,0.0,0.0,0.0,0.0,0.0,0.0,0.0,0.0,0.0,0.0,0.0,0.0,0.0,0.0,0.0,0.0,0.0,,,,,,,,,,,,,,,,,,,,,,,,,,,,,,,,,,,,,,,,,,,2025,0.0,0.0,0.0
4362135,Christian Haynes,8.0,,,0.0,,,,,,,,,,,,,,,,,,,,,,,,,,,,,,,,,,,,,,,,,,,,,,,,0.0,0.0,0.0,0.0,0.0,0.0,0.0,0.0,0.0,,,,,,,,,,,,,,,,,,,,,,,,,,,,,,,,,,,,,,,,,SEA,G,2025,0.0,0.0,0.0
4362103,Christian Jones,2.0,,,0.0,,,,,,,,,,,,,,,,,,,,,,,,,,,,,,,,,,,,,,,,,,,,,,,,0.0,0.0,0.0,0.0,0.0,0.0,0.0,0.0,0.0,,,,,,,,,,,,,,,,,,,,,,,,,,,,,,,,,,,,,,,,,ARI,OT,2025,0.0,0.0,0.0
4362082,D'Shawn Jamison,3.0,,,0.0,,,,,,,,,,,,,,,,,,,,,,,,,,,,,,,,,,,,,,,,,,,,,,,,0.0,0.0,0.0,0.0,0.0,0.0,0.0,0.0,0.0,1.0,20.0,20.0,20.0,0.0,0.0,0.0,0.0,0.0,0.0,0.0,,,,,,,,,,,,,,,,,,,,,,,,,,,,,,PIT,CB,2025,0.0,0.0,0.0
4362066,Elijah Klein,10.0,,,0.0,,,,,,,,,,,,,,,,,,,,,,,,,,,,,,,,,,,,,,,,,,,,,,,,0.0,0.0,0.0,0.0,0.0,0.0,0.0,0.0,0.0,,,,,,,,,,,,,,,,,,,,,,,,,,,,,,,,,,,,,,,,,TB,G,2025,0.0,0.0,0.0
4362064,Andrew Meyer,1.0,,,0.0,,,,,,,,,,,,,,,,,,,,,,,,,,,,,,,,,,,,,,,,,,,,,,,,0.0,0.0,0.0,0.0,0.0,0.0,0.0,0.0,0.0,,,,,,,,,,,,,,,,,,,,,,,,,,,,,,,,,,,,,,,,,MIA,C,2025,0.0,0.0,0.0
4362010,Michael Jurgens,15.0,,,0.0,,,,,,,,,,,,,,,,,,,,,,,,,,,,,,,,,,,,,,,,,,,,,,,,0.0,0.0,0.0,0.0,0.0,0.0,0.0,0.0,0.0,,,,,,,,,,,,,,,,,,,,,,,,,,,,,,,,,,,,,,,,,MIN,G,2025,0.0,0.0,0.0
4361985,Christian Darrisaw,10.0,,,0.0,,,,,,,,,,,,,,,,,,,,,,,,,,,,,,,,,,,,,,,,,,,,,,,,0.0,0.0,0.0,0.0,0.0,0.0,0.0,0.0,0.0,,,,,,,,,,,,,,,,,,,,,,,,,,,,,,,,,,,,,,,,,MIN,OT,2025,0.0,0.0,0.0
4361979,Luke Tenuta,4.0,,,0.0,,,,,,,,,,,,,,,,,,,,,,,,,,,,,,,,,,,,,,,,,,,,,,,,0.0,0.0,0.0,0.0,0.0,0.0,0.0,0.0,0.0,,,,,,,,,,,,,,,,,,,,,,,,,,,,,,,,,,,,,,,,,IND,OT,2025,0.0,0.0,0.0
4361788,Cade Mays,14.0,,,0.0,,,,,,,,,,,,,,,,,,,,,,,,,,,,,,,,,,,,,,,,,,,,,,,,0.0,0.0,0.0,0.0,0.0,0.0,0.0,0.0,0.0,,,,,,,,,,,,,,,,,,,,,,,,,,,,,,,,,,,,,,,,,DET,C,2025,0.0,0.0,0.0
4361425,Juice Scruggs,17.0,,,0.0,,,,,,,,,,,,,,,,,,,,,,,,,,,,,,,,,,,,,,,,,,,,,,,,0.0,0.0,0.0,0.0,0.0,0.0,0.0,0.0,0.0,,,,,,,,,,,,,,,,,,,,,,,,,,,,,,,,,,,,,,,,,DET,G,2025,0.0,0.0,0.0
4361189,Casey Rogers,1.0,,,0.0,,,,,,,,,,,,,,,,,,,,,,,,,,,,,,,,,,,,,,,,,,,,,,,,0.0,0.0,0.0,0.0,0.0,0.0,0.0,0.0,0.0,,,,,,,,,,,,,,,,,,,,,,,,,,,,,,,,,,,,,,,,,,,2025,0.0,0.0,0.0
4362611,Darian Kinnard,17.0,,,0.0,,,,,,,,,,,,,,,,,,,,,,,,,,,,,,,,,,,,,,,,,,,,,,,,0.0,0.0,0.0,0.0,0.0,0.0,0.0,0.0,0.0,,,,,,,,,,,,,,,,,,,,,,,,,,,,,,,,,,,,,,,,,GB,OT,2025,0.0,0.0,0.0
4426512,Warren McClendon Jr.,17.0,,,0.0,,,,,,,,,,,,,,,,,,,,,,,,,,,,,,,,,,,,,,,,,,,,,,,,0.0,0.0,0.0,0.0,0.0,0.0,0.0,0.0,0.0,,,,,,,,,,,,,,,,,,,,,,,,,,,,,,,,,,,,,,,,,LAR,OT,2025,0.0,0.0,0.0
4426489,Bryan Hudson,2.0,,,0.0,,,,,,,,,,,,,,,,,,,,,,,,,,,,,,,,,,,,,,,,,,,,,,,,0.0,0.0,0.0,0.0,0.0,0.0,0.0,0.0,0.0,,,,,,,,,,,,,,,,,,,,,,,,,,,,,,,,,,,,,,,,,NYG,C,2025,0.0,0.0,0.0
4426446,Caedan Wallace,4.0,,,0.0,,,,,,,,,,,,,,,,,,,,,,,,,,,,,,,,,,,,,,,,,,,,,,,,0.0,0.0,0.0,0.0,0.0,0.0,0.0,0.0,0.0,,,,,,,,,,,,,,,,,,,,,,,,,,,,,,,,,,,,,,,,,NE,OT,2025,0.0,0.0,0.0
4426393,Will Putnam,15.0,,,0.0,,,,,,,,,,,,,,,,,,,,,,,,,,,,,,,,,,,,,,,,,,,,,,,,0.0,0.0,0.0,0.0,0.0,0.0,0.0,0.0,0.0,,,,,,,,,,,,,,,,,,,,,,,,,,,,,,,,,,,,,,,,,LV,C,2025,0.0,0.0,0.0
4426376,Charles Cross,14.0,,,0.0,,,,,,,,,,,,,,,,,,,,,,,,,,,,,,,,,,,,,,,,,,,,,,,,0.0,0.0,0.0,0.0,0.0,0.0,0.0,0.0,0.0,,,,,,,,,,,,,,,,,,,,,,,,,,,,,,,,,,,,,,,,,SEA,OT,2025,0.0,0.0,0.0
4426358,Darnell Wright,16.0,,,0.0,,,,,,,,,,,,,,,,,,,,,,,,,,,,,,,,,,,,,,,,,,,,,,,,0.0,0.0,0.0,0.0,0.0,0.0,0.0,0.0,0.0,,,,,,,,,,,,,,,,,,,,,,,,,,,,,,,,,,,,,,,,,CHI,OT,2025,0.0,0.0,0.0
4411189,Trey Pipkins III,13.0,,,0.0,,,,,,,,,,,,,,,,,,,,,,,,,,,,,,,,,,,,,,,,,,,,,,,,0.0,0.0,0.0,0.0,0.0,0.0,0.0,0.0,0.0,,,,,,,,,,,,,,,,,,,,,,,,,,,,,,,,,,,,,,,,,LAC,OT,2025,0.0,0.0,0.0
4391845,Cody Schrader,1.0,,,0.0,,,,,,,,,,,,,,,,,,,,,,,,,,,,,,,,,,,,,,,,,,,,,,,,0.0,0.0,0.0,0.0,0.0,0.0,0.0,0.0,0.0,,,,,,,,,,,,,,,,,,,,,,,,,,,,,,,,,,,,,,,,,DEN,RB,2025,0.0,0.0,0.0
4383409,Jalen Sundell,13.0,,,0.0,,,,,,,,,,,,,,,,,,,,,,,,,,,,,,,,,,,,,,,,,,,,,,,,0.0,0.0,0.0,0.0,0.0,0.0,0.0,0.0,0.0,,,,,,,,,,,,,,,,,,,,,,,,,,,,,,,,,,,,,,,,,SEA,C,2025,0.0,0.0,0.0
4380507,Luke Goedeke,11.0,,,0.0,,,,,,,,,,,,,,,,,,,,,,,,,,,,,,,,,,,,,,,,,,,,,,,,0.0,0.0,0.0,0.0,0.0,0.0,0.0,0.0,0.0,,,,,,,,,,,,,,,,,,,,,,,,,,,,,,,,,,,,,,,,,TB,OT,2025,0.0,0.0,0.0
4379412,Jamaree Salyer,13.0,,,0.0,,,,,,,,,,,,,,,,,,,,,,,,,,,,,,,,,,,,,,,,,,,,,,,,0.0,0.0,0.0,0.0,0.0,0.0,0.0,0.0,0.0,,,,,,,,,,,,,,,,,,,,,,,,,,,,,,,,,,,,,,,,,MIA,G,2025,0.0,0.0,0.0
4368304,Mason McCormick,17.0,,,0.0,,,,,,,,,,,,,,,,,,,,,,,,,,,,,,,,,,,,,,,,,,,,,,,,0.0,0.0,0.0,0.0,0.0,0.0,0.0,0.0,0.0,,,,,,,,,,,,,,,,,,,,,,,,,,,,,,,,,,,,,,,,,PIT,G,2025,0.0,0.0,0.0
4374033,Jermar Jefferson,2.0,,,0.0,,,,,,,,,,,,,,,,,,,,,,,,,,,,,,,,,,,,,,,,,,,,,,,,0.0,0.0,0.0,0.0,0.0,0.0,0.0,0.0,0.0,,,,,,,,,,,,,,,,,,,,,,,,,,,,,,,,,,,,,,,,,,,2025,0.0,0.0,0.0
4373825,Penei Sewell,16.0,,,0.0,,,,,,,,,,,,,,,,,,,,,,,,,,,,,,,,,,,,,,,,,,,,,,,,0.0,0.0,0.0,0.0,0.0,0.0,0.0,0.0,0.0,,,,,,,,,,,,,,,,,,,,,,,,,,,,,,,,,,,,,,,,,DET,OT,2025,0.0,0.0,0.0
4373656,Max Mitchell,15.0,,,0.0,,,,,,,,,,,,,,,,,,,,,,,,,,,,,,,,,,,,,,,,,,,,,,,,0.0,0.0,0.0,0.0,0.0,0.0,0.0,0.0,0.0,,,,,,,,,,,,,,,,,,,,,,,,,,,,,,,,,,,,,,,,,NYJ,OT,2025,0.0,0.0,0.0
4373474,Jarrett Kingston,2.0,,,0.0,,,,,,,,,,,,,,,,,,,,,,,,,,,,,,,,,,,,,,,,,,,,,,,,0.0,0.0,0.0,0.0,0.0,0.0,0.0,0.0,0.0,,,,,,,,,,,,,,,,,,,,,,,,,,,,,,,,,,,,,,,,,HOU,OT,2025,0.0,0.0,0.0
4372774,Jarrett Patterson,17.0,,,0.0,,,,,,,,,,,,,,,,,,,,,,,,,,,,,,,,,,,,,,,,,,,,,,,,0.0,0.0,0.0,0.0,0.0,0.0,0.0,0.0,0.0,,,,,,,,,,,,,,,,,,,,,,,,,,,,,,,,,,,,,,,,,HOU,G,2025,0.0,0.0,0.0
4372070,Ben VanSumeren,1.0,,,0.0,,,,,,,,,,,,,,,,,,,,,,,,,,,,,,,,,,,,,,,,,,,,,,,,0.0,0.0,0.0,0.0,0.0,0.0,0.0,0.0,0.0,,,,,,,,,,,,,,,,,,,,,,,,,,,,,,,,,,,,,,,,,BUF,FB,2025,0.0,0.0,0.0
4370807,Olu Oluwatimi,8.0,,,0.0,,,,,,,,,,,,,,,,,,,,,,,,,,,,,,,,,,,,,,,,,,,,,,,,0.0,0.0,0.0,0.0,0.0,0.0,0.0,0.0,0.0,,,,,,,,,,,,,,,,,,,,,,,,,,,,,,,,,,,,,,,,,SEA,C,2025,0.0,0.0,0.0
4370363,Dalton Tucker,16.0,,,0.0,,,,,,,,,,,,,,,,,,,,,,,,,,,,,,,,,,,,,,,,,,,,,,,,0.0,0.0,0.0,0.0,0.0,0.0,0.0,0.0,0.0,,,,,,,,,,,,,,,,,,,,,,,,,,,,,,,,,,,,,,,,,IND,G,2025,0.0,0.0,0.0
4369859,Jerome Carvin,1.0,,,0.0,,,,,,,,,,,,,,,,,,,,,,,,,,,,,,,,,,,,,,,,,,,,,,,,0.0,0.0,0.0,0.0,0.0,0.0,0.0,0.0,0.0,,,,,,,,,,,,,,,,,,,,,,,,,,,,,,,,,,,,,,,,,JAX,C,2025,0.0,0.0,0.0
4369308,Ricky Lee,1.0,,,0.0,,,,,,,,,,,,,,,,,,,,,,,,,,,,,,,,,,,,,,,,,,,,,,,,0.0,0.0,0.0,0.0,0.0,0.0,0.0,0.0,0.0,,,,,,,,,,,,,,,,,,,,,,,,,,,,,,,,,,,,,,,,,JAX,OT,2025,0.0,0.0,0.0
4368828,Tylan Grable,1.0,,,0.0,,,,,,,,,,,,,,,,,,,,,,,,,,,,,,,,,,,,,,,,,,,,,,,,0.0,0.0,0.0,0.0,0.0,0.0,0.0,0.0,0.0,,,,,,,,,,,,,,,,,,,,,,,,,,,,,,,,,,,,,,,,,BUF,OT,2025,0.0,0.0,0.0
4374280,Edefuan Ulofoshio,1.0,,,0.0,,,,,,,,,,,,,,,,,,,,,,,,,,,,,,,,,,,,,,,,,,,,,,,,0.0,0.0,0.0,0.0,0.0,0.0,0.0,0.0,0.0,,,,,,,,,,,,,,,,,,,,,,,,,,,,,,,,,,,,,,,,,CLE,LB,2025,0.0,0.0,0.0
4242554,Walker Little,15.0,,,0.0,,,,,,,,,,,,,,,,,,,,,,,,,,,,,,,,,,,,,,,,,,,,,,,,0.0,0.0,0.0,0.0,0.0,0.0,0.0,0.0,0.0,,,,,,,,,,,,,,,,,,,,,,,,,,,,,,,,,,,,,,,,,JAX,OT,2025,0.0,0.0,0.0
4242503,Alex Forsyth,17.0,,,0.0,,,,,,,,,,,,,,,,,,,,,,,,,,,,,,,,,,,,,,,,,,,,,,,,0.0,0.0,0.0,0.0,0.0,0.0,0.0,0.0,0.0,,,,,,,,,,,,,,,,,,,,,,,,,,,,,,,,,,,,,,,,,DEN,C,2025,0.0,0.0,0.0
4242391,Robert Hainsey,15.0,,,0.0,,,,,,,,,,,,,,,,,,,,,,,,,,,,,,,,,,,,,,,,,,,,,,,,0.0,0.0,0.0,0.0,0.0,0.0,0.0,0.0,0.0,,,,,,,,,,,,,,,,,,,,,,,,,,,,,,,,,,,,,,,,,JAX,C,2025,0.0,0.0,0.0
4242390,Aaron Banks,15.0,,,0.0,,,,,,,,,,,,,,,,,,,,,,,,,,,,,,,,,,,,,,,,,,,,,,,,0.0,0.0,0.0,0.0,0.0,0.0,0.0,0.0,0.0,,,,,,,,,,,,,,,,,,,,,,,,,,,,,,,,,,,,,,,,,GB,G,2025,0.0,0.0,0.0
4242230,Saahdiq Charles,2.0,,,0.0,,,,,,,,,,,,,,,,,,,,,,,,,,,,,,,,,,,,,,,,,,,,,,,,0.0,0.0,0.0,0.0,0.0,0.0,0.0,0.0,0.0,,,,,,,,,,,,,,,,,,,,,,,,,,,,,,,,,,,,,,,,,CAR,G,2025,0.0,0.0,0.0
4242227,Ed Ingram,14.0,,,0.0,,,,,,,,,,,,,,,,,,,,,,,,,,,,,,,,,,,,,,,,,,,,,,,,0.0,0.0,0.0,0.0,0.0,0.0,0.0,0.0,0.0,,,,,,,,,,,,,,,,,,,,,,,,,,,,,,,,,,,,,,,,,HOU,G,2025,0.0,0.0,0.0
4242177,Dalton Wagner,1.0,,,0.0,,,,,,,,,,,,,,,,,,,,,,,,,,,,,,,,,,,,,,,,,,,,,,,,0.0,0.0,0.0,0.0,0.0,0.0,0.0,0.0,0.0,,,,,,,,,,,,,,,,,,,,,,,,,,,,,,,,,,,,,,,,,LV,OT,2025,0.0,0.0,0.0
4242001,Thayer Munford Jr.,5.0,,,0.0,,,,,,,,,,,,,,,,,,,,,,,,,,,,,,,,,,,,,,,,,,,,,,,,0.0,0.0,0.0,0.0,0.0,0.0,0.0,0.0,0.0,,,,,,,,,,,,,,,,,,,,,,,,,,,,,,,,,,,,,,,,,,,2025,0.0,0.0,0.0
4241611,Nephi Sewell,3.0,,,0.0,,,,,,,,,,,,,,,,,,,,,,,,,,,,,,,,,,,,,,,,,,,,,,,,0.0,0.0,0.0,0.0,0.0,0.0,0.0,0.0,0.0,,,,,,,,,,,,,,,,,,,,,,,,,,,,,,,,,,,,,,,,,CHI,LB,2025,0.0,0.0,0.0
4240824,Joey Blount,1.0,,,0.0,,,,,,,,,,,,,,,,,,,,,,,,,,,,,,,,,,,,,,,,,,,,,,,,0.0,0.0,0.0,0.0,0.0,0.0,0.0,0.0,0.0,,,,,,,,,,,,,,,,,,,,,,,,,,,,,,,,,,,,,,,,,ARI,S,2025,0.0,0.0,0.0
4240800,Brenden Jaimes,4.0,,,0.0,,,,,,,,,,,,,,,,,,,,,,,,,,,,,,,,,,,,,,,,,,,,,,,,0.0,0.0,0.0,0.0,0.0,0.0,0.0,0.0,0.0,,,,,,,,,,,,,,,,,,,,,,,,,,,,,,,,,,,,,,,,,,,2025,0.0,0.0,0.0
4360964,Daniel Faalele,17.0,,,0.0,,,,,,,,,,,,,,,,,,,,,,,,,,,,,,,,,,,,,,,,,,,,,,,,0.0,0.0,0.0,0.0,0.0,0.0,0.0,0.0,0.0,,,,,,,,,,,,,,,,,,,,,,,,,,,,,,,,,,,,,,,,,NYG,G,2025,0.0,0.0,0.0
4240577,Brandon Smith,2.0,,,0.0,,,,,,,,,,,,,,,,,,,,,,,,,,,,,,,,,,,,,,,,,,,,,,,,0.0,0.0,0.0,0.0,0.0,0.0,0.0,0.0,0.0,,,,,,,,,,,,,,,,,,,,,,,,,,,,,,,,,,,,,,,,,PIT,WR,2025,0.0,0.0,0.0
4240554,Vederian Lowe,17.0,,,0.0,,,,,,,,,,,,,,,,,,,,,,,,,,,,,,,,,,,,,,,,,,,,,,,,0.0,0.0,0.0,0.0,0.0,0.0,0.0,0.0,0.0,,,,,,,,,,,,,,,,,,,,,,,,,,,,,,,,,,,,,,,,,SF,OT,2025,0.0,0.0,0.0
4240551,Alex Palczewski,17.0,,,0.0,,,,,,,,,,,,,,,,,,,,,,,,,,,,,,,,,,,,,,,,,,,,,,,,0.0,0.0,0.0,0.0,0.0,0.0,0.0,0.0,0.0,,,,,,,,,,,,,,,,,,,,,,,,,,,,,,,,,,,,,,,,,DEN,OT,2025,0.0,0.0,0.0
4240548,Kendrick Green,1.0,,,0.0,,,,,,,,,,,,,,,,,,,,,,,,,,,,,,,,,,,,,,,,,,,,,,,,0.0,0.0,0.0,0.0,0.0,0.0,0.0,0.0,0.0,,,,,,,,,,,,,,,,,,,,,,,,,,,,,,,,,,,,,,,,,CLE,G,2025,0.0,0.0,0.0
4240090,Mekhi Becton,15.0,,,0.0,,,,,,,,,,,,,,,,,,,,,,,,,,,,,,,,,,,,,,,,,,,,,,,,0.0,0.0,0.0,0.0,0.0,0.0,0.0,0.0,0.0,,,,,,,,,,,,,,,,,,,,,,,,,,,,,,,,,,,,,,,,,,,2025,0.0,0.0,0.0
4240015,John Ojukwu,2.0,,,0.0,,,,,,,,,,,,,,,,,,,,,,,,,,,,,,,,,,,,,,,,,,,,,,,,0.0,0.0,0.0,0.0,0.0,0.0,0.0,0.0,0.0,,,,,,,,,,,,,,,,,,,,,,,,,,,,,,,,,,,,,,,,,PHI,OT,2025,0.0,0.0,0.0
4239140,Ryan Van Demark,17.0,,,0.0,,,,,,,,,,,,,,,,,,,,,,,,,,,,,,,,,,,,,,,,,,,,,,,,0.0,0.0,0.0,0.0,0.0,0.0,0.0,0.0,0.0,,,,,,,,,,,,,,,,,,,,,,,,,,,,,,,,,,,,,,,,,MIN,OT,2025,0.0,0.0,0.0
4058521,Kion Smith,14.0,,,0.0,,,,,,,,,,,,,,,,,,,,,,,,,,,,,,,,,,,,,,,,,,,,,,,,0.0,0.0,0.0,0.0,0.0,0.0,0.0,0.0,0.0,,,,,,,,,,,,,,,,,,,,,,,,,,,,,,,,,,,,,,,,,,,2025,0.0,0.0,0.0
4051353,Michael Niese,8.0,,,0.0,,,,,,,,,,,,,,,,,,,,,,,,,,,,,,,,,,,,,,,,,,,,,,,,0.0,0.0,0.0,0.0,0.0,0.0,0.0,0.0,0.0,,,,,,,,,,,,,,,,,,,,,,,,,,,,,,,,,,,,,,,,,DET,G,2025,0.0,0.0,0.0
4048718,Tyler Hall,1.0,,,0.0,,,,,,,,,,,,,,,,,,,,,,,,,,,,,,,,,,,,,,,,,,,,,,,,0.0,0.0,0.0,0.0,0.0,0.0,0.0,0.0,0.0,,,,,,,,,,,,,,,,,,,,,,,,,,,,,,,,,,,,,,,,,,,2025,0.0,0.0,0.0
4046557,Hakeem Adeniji,12.0,,,0.0,,,,,,,,,,,,,,,,,,,,,,,,,,,,,,,,,,,,,,,,,,,,,,,,0.0,0.0,0.0,0.0,0.0,0.0,0.0,0.0,0.0,,,,,,,,,,,,,,,,,,,,,,,,,,,,,,,,,,,,,,,,,,,2025,0.0,0.0,0.0
4240771,John Michael Schmitz Jr.,13.0,,,0.0,,,,,,,,,,,,,,,,,,,,,,,,,,,,,,,,,,,,,,,,,,,,,,,,0.0,0.0,0.0,0.0,0.0,0.0,0.0,0.0,0.0,,,,,,,,,,,,,,,,,,,,,,,,,,,,,,,,,,,,,,,,,NYG,C,2025,0.0,0.0,0.0
4360887,Donovan Jennings,2.0,,,0.0,,,,,,,,,,,,,,,,,,,,,,,,,,,,,,,,,,,,,,,,,,,,,,,,0.0,0.0,0.0,0.0,0.0,0.0,0.0,0.0,0.0,,,,,,,,,,,,,,,,,,,,,,,,,,,,,,,,,,,,,,,,,GB,G,2025,0.0,0.0,0.0
4360859,Justin Dedich,16.0,,,0.0,,,,,,,,,,,,,,,,,,,,,,,,,,,,,,,,,,,,,,,,,,,,,,,,0.0,0.0,0.0,0.0,0.0,0.0,0.0,0.0,0.0,,,,,,,,,,,,,,,,,,,,,,,,,,,,,,,,,,,,,,,,,LAR,G,2025,0.0,0.0,0.0
4360319,Jordan McFadden,7.0,,,0.0,,,,,,,,,,,,,,,,,,,,,,,,,,,,,,,,,,,,,,,,,,,,,,,,0.0,0.0,0.0,0.0,0.0,0.0,0.0,0.0,0.0,,,,,,,,,,,,,,,,,,,,,,,,,,,,,,,,,,,,,,,,,CHI,G,2025,0.0,0.0,0.0
4360308,KJ Henry,1.0,,,0.0,,,,,,,,,,,,,,,,,,,,,,,,,,,,,,,,,,,,,,,,,,,,,,,,0.0,0.0,0.0,0.0,0.0,0.0,0.0,0.0,0.0,,,,,,,,,,,,,,,,,,,,,,,,,,,,,,,,,,,,,,,,,,,2025,0.0,0.0,0.0
4360304,Xavier Thomas,4.0,,,0.0,,,,,,,,,,,,,,,,,,,,,,,,,,,,,,,,,,,,,,,,,,,,,,,,0.0,0.0,0.0,0.0,0.0,0.0,0.0,0.0,0.0,,,,,,,,,,,,,,,,,,,,,,,,,,,,,,,,,,,,,,,,,,,2025,0.0,0.0,0.0
4360255,Brian Asamoah II,4.0,,,0.0,,,,,,,,,,,,,,,,,,,,,,,,,,,,,,,,,,,,,,,,,,,,,,,,0.0,0.0,0.0,0.0,0.0,0.0,0.0,0.0,0.0,,,,,,,,,,,,,,,,,,,,,,,,,,,,,,,,,,,,,,,,,,,2025,0.0,0.0,0.0
4334215,Jordan Mailata,16.0,,,0.0,,,,,,,,,,,,,,,,,,,,,,,,,,,,,,,,,,,,,,,,,,,,,,,,0.0,0.0,0.0,0.0,0.0,0.0,0.0,0.0,0.0,,,,,,,,,,,,,,,,,,,,,,,,,,,,,,,,,,,,,,,,,PHI,OT,2025,0.0,0.0,0.0
4271632,Austin Jackson,6.0,,,0.0,,,,,,,,,,,,,,,,,,,,,,,,,,,,,,,,,,,,,,,,,,,,,,,,0.0,0.0,0.0,0.0,0.0,0.0,0.0,0.0,0.0,,,,,,,,,,,,,,,,,,,,,,,,,,,,,,,,,,,,,,,,,MIA,OT,2025,0.0,0.0,0.0
4259547,Malik Herring,2.0,,,0.0,,,,,,,,,,,,,,,,,,,,,,,,,,,,,,,,,,,,,,,,,,,,,,,,0.0,0.0,0.0,0.0,0.0,0.0,0.0,0.0,0.0,,,,,,,,,,,,,,,,,,,,,,,,,,,,,,,,,,,,,,,,,TEN,DE,2025,0.0,0.0,0.0
4259186,Xavier Newman,5.0,,,0.0,,,,,,,,,,,,,,,,,,,,,,,,,,,,,,,,,,,,,,,,,,,,,,,,0.0,0.0,0.0,0.0,0.0,0.0,0.0,0.0,0.0,,,,,,,,,,,,,,,,,,,,,,,,,,,,,,,,,,,,,,,,,NYJ,G,2025,0.0,0.0,0.0
4258181,James Hudson III,11.0,,,0.0,,,,,,,,,,,,,,,,,,,,,,,,,,,,,,,,,,,,,,,,,,,,,,,,0.0,0.0,0.0,0.0,0.0,0.0,0.0,0.0,0.0,,,,,,,,,,,,,,,,,,,,,,,,,,,,,,,,,,,,,,,,,NE,OT,2025,0.0,0.0,0.0
4242555,Foster Sarell,6.0,,,0.0,,,,,,,,,,,,,,,,,,,,,,,,,,,,,,,,,,,,,,,,,,,,,,,,0.0,0.0,0.0,0.0,0.0,0.0,0.0,0.0,0.0,,,,,,,,,,,,,,,,,,,,,,,,,,,,,,,,,,,,,,,,,WSH,OT,2025,0.0,0.0,0.0
4250935,Demontrey Jacobs,5.0,,,0.0,,,,,,,,,,,,,,,,,,,,,,,,,,,,,,,,,,,,,,,,,,,,,,,,0.0,0.0,0.0,0.0,0.0,0.0,0.0,0.0,0.0,,,,,,,,,,,,,,,,,,,,,,,,,,,,,,,,,,,,,,,,,ARI,OT,2025,0.0,0.0,0.0
4248557,E.J. Jenkins,2.0,,,0.0,,,,,,,,,,,,,,,,,,,,,,,,,,,,,,,,,,,,,,,,,,,,,,,,0.0,0.0,0.0,0.0,0.0,0.0,0.0,0.0,0.0,,,,,,,,,,,,,,,,,,,,,,,,,,,,,,,,,,,,,,,,,PHI,TE,2025,0.0,0.0,0.0
4248545,Cody Mauch,2.0,,,0.0,,,,,,,,,,,,,,,,,,,,,,,,,,,,,,,,,,,,,,,,,,,,,,,,0.0,0.0,0.0,0.0,0.0,0.0,0.0,0.0,0.0,,,,,,,,,,,,,,,,,,,,,,,,,,,,,,,,,,,,,,,,,TB,G,2025,0.0,0.0,0.0
4248425,Carlos Washington Jr.,1.0,,,0.0,,,,,,,,,,,,,,,,,,,,,,,,,,,,,,,,,,,,,,,,,,,,,,,,0.0,0.0,0.0,0.0,0.0,0.0,0.0,0.0,0.0,,,,,,,,,,,,,,,,,,,,,,,,,,,,,,,,,,,,,,,,,MIA,RB,2025,0.0,0.0,0.0
4247590,Nick Zakelj,3.0,,,0.0,,,,,,,,,,,,,,,,,,,,,,,,,,,,,,,,,,,,,,,,,,,,,,,,0.0,0.0,0.0,0.0,0.0,0.0,0.0,0.0,0.0,,,,,,,,,,,,,,,,,,,,,,,,,,,,,,,,,,,,,,,,,SF,OT,2025,0.0,0.0,0.0
4247347,Zion Johnson,17.0,,,0.0,,,,,,,,,,,,,,,,,,,,,,,,,,,,,,,,,,,,,,,,,,,,,,,,0.0,0.0,0.0,0.0,0.0,0.0,0.0,0.0,0.0,,,,,,,,,,,,,,,,,,,,,,,,,,,,,,,,,,,,,,,,,CLE,G,2025,0.0,0.0,0.0
4244826,Sidy Sow,2.0,,,0.0,,,,,,,,,,,,,,,,,,,,,,,,,,,,,,,,,,,,,,,,,,,,,,,,0.0,0.0,0.0,0.0,0.0,0.0,0.0,0.0,0.0,,,,,,,,,,,,,,,,,,,,,,,,,,,,,,,,,,,,,,,,,,,2025,0.0,0.0,0.0
4244615,Chris Paul,17.0,,,0.0,,,,,,,,,,,,,,,,,,,,,,,,,,,,,,,,,,,,,,,,,,,,,,,,0.0,0.0,0.0,0.0,0.0,0.0,0.0,0.0,0.0,,,,,,,,,,,,,,,,,,,,,,,,,,,,,,,,,,,,,,,,,WSH,G,2025,0.0,0.0,0.0
4243375,Dylan Parham,15.0,,,0.0,,,,,,,,,,,,,,,,,,,,,,,,,,,,,,,,,,,,,,,,,,,,,,,,0.0,0.0,0.0,0.0,0.0,0.0,0.0,0.0,0.0,,,,,,,,,,,,,,,,,,,,,,,,,,,,,,,,,,,,,,,,,NYJ,G,2025,0.0,0.0,0.0
4243220,Andrew Vorhees,17.0,,,0.0,,,,,,,,,,,,,,,,,,,,,,,,,,,,,,,,,,,,,,,,,,,,,,,,0.0,0.0,0.0,0.0,0.0,0.0,0.0,0.0,0.0,,,,,,,,,,,,,,,,,,,,,,,,,,,,,,,,,,,,,,,,,BAL,G,2025,0.0,0.0,0.0
4243186,William Sherman,7.0,,,0.0,,,,,,,,,,,,,,,,,,,,,,,,,,,,,,,,,,,,,,,,,,,,,,,,0.0,0.0,0.0,0.0,0.0,0.0,0.0,0.0,0.0,,,,,,,,,,,,,,,,,,,,,,,,,,,,,,,,,,,,,,,,,NO,G,2025,0.0,0.0,0.0
4251007,Braxton Jones,6.0,,,0.0,,,,,,,,,,,,,,,,,,,,,,,,,,,,,,,,,,,,,,,,,,,,,,,,0.0,0.0,0.0,0.0,0.0,0.0,0.0,0.0,0.0,,,,,,,,,,,,,,,,,,,,,,,,,,,,,,,,,,,,,,,,,CHI,OT,2025,0.0,0.0,0.0
4746079,Zach Davidson,1.0,,,0.0,,,,,,,,,,,,,,,,,,,,,,,,,,,,,,,,,,,,,,,,,,,,,,,,0.0,0.0,0.0,0.0,0.0,0.0,0.0,0.0,0.0,,,,,,,,,,,,,,,,,,,,,,,,,,,,,,,,,,,,,,,,,,,2025,0.0,0.0,0.0
4712462,Keith Cooper Jr.,1.0,,,0.0,,,,,,,,,,,,,,,,,,,,,,,,,,,,,,,,,,,,,,,,,,,,,,,,0.0,0.0,0.0,0.0,0.0,0.0,0.0,0.0,0.0,,,,,,,,,,,,,,,,,,,,,,,,,,,,,,,,,,,,,,,,,MIA,DT,2025,0.0,0.0,0.0
4710661,Chandler Zavala,7.0,,,0.0,,,,,,,,,,,,,,,,,,,,,,,,,,,,,,,,,,,,,,,,,,,,,,,,0.0,0.0,0.0,0.0,0.0,0.0,0.0,0.0,0.0,,,,,,,,,,,,,,,,,,,,,,,,,,,,,,,,,,,,,,,,,CAR,G,2025,0.0,0.0,0.0
4710341,Jarquez Hunter,5.0,,,0.0,,,,,,,,,,,,,,,,,,,,,,,,,,,,,,,,,,,,,,,,,,,,,,,,0.0,0.0,0.0,0.0,0.0,0.0,0.0,0.0,0.0,,,,,,,,,,,,,,,,,,,,,,,,,,,,,,,,,,,,,,,,,LAR,RB,2025,0.0,0.0,0.0
4696902,Torricelli Simpkins III,15.0,,,0.0,,,,,,,,,,,,,,,,,,,,,,,,,,,,,,,,,,,,,,,,,,,,,,,,0.0,0.0,0.0,0.0,0.0,0.0,0.0,0.0,0.0,,,,,,,,,,,,,,,,,,,,,,,,,,,,,,,,,,,,,,,,,NO,G,2025,0.0,0.0,0.0
4696043,Rejzohn Wright,4.0,,,0.0,,,,,,,,,,,,,,,,,,,,,,,,,,,,,,,,,,,,,,,,,,,,,,,,0.0,0.0,0.0,0.0,0.0,0.0,0.0,0.0,0.0,,,,,,,,,,,,,,,,,,,,,,,,,,,,,,,,,,,,,,,,,NO,CB,2025,0.0,0.0,0.0
4695895,Luke Newman,9.0,,,0.0,,,,,,,,,,,,,,,,,,,,,,,,,,,,,,,,,,,,,,,,,,,,,,,,0.0,0.0,0.0,0.0,0.0,0.0,0.0,0.0,0.0,,,,,,,,,,,,,,,,,,,,,,,,,,,,,,,,,,,,,,,,,CHI,OT,2025,0.0,0.0,0.0
4695609,Zemaiah Vaughn,1.0,,,0.0,,,,,,,,,,,,,,,,,,,,,,,,,,,,,,,,,,,,,,,,,,,,,,,,0.0,0.0,0.0,0.0,0.0,0.0,0.0,0.0,0.0,,,,,,,,,,,,,,,,,,,,,,,,,,,,,,,,,,,,,,,,,MIN,CB,2025,0.0,0.0,0.0
4694505,Charles Grant,9.0,,,0.0,,,,,,,,,,,,,,,,,,,,,,,,,,,,,,,,,,,,,,,,,,,,,,,,0.0,0.0,0.0,0.0,0.0,0.0,0.0,0.0,0.0,,,,,,,,,,,,,,,,,,,,,,,,,,,,,,,,,,,,,,,,,LV,OT,2025,0.0,0.0,0.0
4693369,Jack Nelson,10.0,,,0.0,,,,,,,,,,,,,,,,,,,,,,,,,,,,,,,,,,,,,,,,,,,,,,,,0.0,0.0,0.0,0.0,0.0,0.0,0.0,0.0,0.0,,,,,,,,,,,,,,,,,,,,,,,,,,,,,,,,,,,,,,,,,ATL,OT,2025,0.0,0.0,0.0
4691005,Daryl Porter Jr.,1.0,,,0.0,,,,,,,,,,,,,,,,,,,,,,,,,,,,,,,,,,,,,,,,,,,,,,,,0.0,0.0,0.0,0.0,0.0,0.0,0.0,0.0,0.0,,,,,,,,,,,,,,,,,,,,,,,,,,,,,,,,,,,,,,,,,PIT,CB,2025,0.0,0.0,0.0
4426623,Brant Banks,2.0,,,0.0,,,,,,,,,,,,,,,,,,,,,,,,,,,,,,,,,,,,,,,,,,,,,,,,0.0,0.0,0.0,0.0,0.0,0.0,0.0,0.0,0.0,,,,,,,,,,,,,,,,,,,,,,,,,,,,,,,,,,,,,,,,,GB,OT,2025,0.0,0.0,0.0
4567175,Beaux Limmer,5.0,,,0.0,,,,,,,,,,,,,,,,,,,,,,,,,,,,,,,,,,,,,,,,,,,,,,,,0.0,0.0,0.0,0.0,0.0,0.0,0.0,0.0,0.0,,,,,,,,,,,,,,,,,,,,,,,,,,,,,,,,,,,,,,,,,LAR,C,2025,0.0,0.0,0.0
4567135,Amari Kight,4.0,,,0.0,,,,,,,,,,,,,,,,,,,,,,,,,,,,,,,,,,,,,,,,,,,,,,,,0.0,0.0,0.0,0.0,0.0,0.0,0.0,0.0,0.0,,,,,,,,,,,,,,,,,,,,,,,,,,,,,,,,,,,,,,,,,SEA,OT,2025,0.0,0.0,0.0
4567109,Marcus Banks,3.0,,,0.0,,,,,,,,,,,,,,,,,,,,,,,,,,,,,,,,,,,,,,,,,,,,,,,,0.0,0.0,0.0,0.0,0.0,0.0,0.0,0.0,0.0,,,,,,,,,,,,,,,,,,,,,,,,,,,,,,,,,,,,,,,,,TB,S,2025,0.0,0.0,0.0
4565293,Marcus Bryant,12.0,,,0.0,,,,,,,,,,,,,,,,,,,,,,,,,,,,,,,,,,,,,,,,,,,,,,,,0.0,0.0,0.0,0.0,0.0,0.0,0.0,0.0,0.0,,,,,,,,,,,,,,,,,,,,,,,,,,,,,,,,,,,,,,,,,NE,OT,2025,0.0,0.0,0.0
4433963,Zak Zinter,5.0,,,0.0,,,,,,,,,,,,,,,,,,,,,,,,,,,,,,,,,,,,,,,,,,,,,,,,0.0,0.0,0.0,0.0,0.0,0.0,0.0,0.0,0.0,,,,,,,,,,,,,,,,,,,,,,,,,,,,,,,,,,,,,,,,,CLE,G,2025,0.0,0.0,0.0
4433914,Branson Taylor,1.0,,,0.0,,,,,,,,,,,,,,,,,,,,,,,,,,,,,,,,,,,,,,,,,,,,,,,,0.0,0.0,0.0,0.0,0.0,0.0,0.0,0.0,0.0,,,,,,,,,,,,,,,,,,,,,,,,,,,,,,,,,,,,,,,,,LAC,G,2025,0.0,0.0,0.0
4433889,Caleb Rogers,6.0,,,0.0,,,,,,,,,,,,,,,,,,,,,,,,,,,,,,,,,,,,,,,,,,,,,,,,0.0,0.0,0.0,0.0,0.0,0.0,0.0,0.0,0.0,,,,,,,,,,,,,,,,,,,,,,,,,,,,,,,,,,,,,,,,,LV,G,2025,0.0,0.0,0.0
4432715,Landon Jackson,3.0,,,0.0,,,,,,,,,,,,,,,,,,,,,,,,,,,,,,,,,,,,,,,,,,,,,,,,0.0,0.0,0.0,0.0,0.0,0.0,0.0,0.0,0.0,,,,,,,,,,,,,,,,,,,,,,,,,,,,,,,,,,,,,,,,,BUF,DE,2025,0.0,0.0,0.0
4432699,Blake Fisher,16.0,,,0.0,,,,,,,,,,,,,,,,,,,,,,,,,,,,,,,,,,,,,,,,,,,,,,,,0.0,0.0,0.0,0.0,0.0,0.0,0.0,0.0,0.0,,,,,,,,,,,,,,,,,,,,,,,,,,,,,,,,,,,,,,,,,HOU,OT,2025,0.0,0.0,0.0
4432595,Ozzy Trapilo,14.0,,,0.0,,,,,,,,,,,,,,,,,,,,,,,,,,,,,,,,,,,,,,,,,,,,,,,,0.0,0.0,0.0,0.0,0.0,0.0,0.0,0.0,0.0,,,,,,,,,,,,,,,,,,,,,,,,,,,,,,,,,,,,,,,,,CHI,OT,2025,0.0,0.0,0.0
4432525,Mason Richman,2.0,,,0.0,,,,,,,,,,,,,,,,,,,,,,,,,,,,,,,,,,,,,,,,,,,,,,,,0.0,0.0,0.0,0.0,0.0,0.0,0.0,0.0,0.0,,,,,,,,,,,,,,,,,,,,,,,,,,,,,,,,,,,,,,,,,SEA,G,2025,0.0,0.0,0.0
4690787,Benjamin Chukwuma,17.0,,,0.0,,,,,,,,,,,,,,,,,,,,,,,,,,,,,,,,,,,,,,,,,,,,,,,,0.0,0.0,0.0,0.0,0.0,0.0,0.0,0.0,0.0,,,,,,,,,,,,,,,,,,,,,,,,,,,,,,,,,,,,,,,,,TB,OT,2025,0.0,0.0,0.0
13971,Cameron Jordan,17.0,2.0,1.0,0.0,0.0,0.0,0.0,0.0,0.0,0.0,0.0,0.0,0.0,0.0,0.0,,39.58300018310547,,0.0,0.0,0.0,0.0,0.0,0.0,0.0,0.0,0.0,0.0,0.0,0.0,0.0,0.0,0.0,0.0,0.0,0.0,0.0,0.0,0.0,0.0,32.0,15.0,47.0,10.5,64.5,15.0,2.0,0.0,0.0,0.0,0.0,,,,,,,,,,,,,,,,,,,,,,,,,,,,,,,,,,,,,,,,,,,,,,,,,,NO,DE,2025,0.0,0.0,0.0
4240255,Grant Stuard,17.0,0.0,0.0,0.0,0.0,0.0,0.0,0.0,0.0,0.0,0.0,0.0,0.0,0.0,0.0,,39.58300018310547,,1.0,0.0,0.0,0.0,0.0,0.0,0.0,0.0,0.0,0.0,0.0,0.0,0.0,0.0,0.0,0.0,0.0,0.0,0.0,0.0,0.0,0.0,6.0,13.0,19.0,0.0,0.0,1.0,0.0,0.0,0.0,0.0,0.0,0.0,0.0,0.0,0.0,0.0,0.0,0.0,0.0,0.0,3.0,72.0,24.0,28.0,0.0,0.0,0.0,0.0,0.0,0.0,0.0,,,,,,,,,,,,,,,,,,,,,,,,,,,,,,LAR,LB,2025,0.0,0.0,0.0
4039396,Corey Bojorquez,17.0,0.0,0.0,0.0,0.0,1.0,0.0,0.0,0.0,0.0,0.0,0.0,0.0,0.0,0.0,0.0,39.58300018310547,0.0,0.0,0.0,0.0,0.0,0.0,0.0,0.0,0.0,0.0,0.0,0.0,0.0,0.0,0.0,0.0,0.0,0.0,0.0,0.0,0.0,0.0,0.0,0.0,0.0,0.0,0.0,0.0,0.0,0.0,0.0,0.0,0.0,0.0,,,,,,,,,,,,,,,,,,,,,0.0,0.0,0.0,0.0,0.0,0.0,0.0,0.0,0.0,0.0,0.0,0.0,0.0,0.0,0.0,0.0,0.0,91.0,4165.0,67.0,45.76900100708008,36.805999755859375,2.0,23.0,11.0,17.0,41.0,522.0,12.732000350952148,CLE,P,2025,0.0,0.0,0.0
3930270,Blake Brandel,17.0,0.0,0.0,-22.0,0.0,0.0,0.0,0.0,0.0,0.0,0.0,0.0,0.0,0.0,0.0,,39.58300018310547,,0.0,0.0,0.0,0.0,0.0,0.0,0.0,1.0,0.0,0.0,0.0,0.0,0.0,0.0,0.0,0.0,0.0,0.0,0.0,0.0,0.0,0.0,0.0,1.0,1.0,0.0,0.0,0.0,0.0,0.0,0.0,0.0,0.0,0.0,0.0,0.0,0.0,0.0,0.0,0.0,0.0,0.0,,,,,,,,,,,,,,,,,,,,,,,,,,,,,,,,,,,,,,,,,MIN,G,2025,0.0,0.0,0.0
4360637,Jeshaun Jones,1.0,,,0.0,,,,,,,,,,,,,,,,,,,,,,,,,,,,,,,,,,,,,,,,,,,,,,,,,,,,,,,,,0.0,0.0,0.0,0.0,0.0,2.0,5.0,2.5,5.0,0.0,4.0,,,,,,,,,,,,,,,,,,,,,,,,,,,,,,MIN,WR,2025,0.0,0.0,0.0
3686689,AJ Cole,17.0,0.0,0.0,0.0,0.0,0.0,0.0,0.0,0.0,0.0,0.0,0.0,0.0,0.0,0.0,,39.58300018310547,,0.0,0.0,0.0,0.0,0.0,0.0,0.0,0.0,0.0,0.0,0.0,0.0,0.0,0.0,0.0,0.0,0.0,0.0,0.0,0.0,0.0,0.0,1.0,0.0,1.0,0.0,0.0,0.0,0.0,0.0,0.0,0.0,0.0,,,,,,,,,,0.0,0.0,0.0,0.0,0.0,0.0,0.0,0.0,0.0,0.0,0.0,0.0,0.0,0.0,0.0,0.0,0.0,0.0,0.0,0.0,0.0,0.0,0.0,0.0,0.0,0.0,0.0,0.0,71.0,3379.0,64.0,47.59199905395508,39.71200180053711,2.0,24.0,4.0,13.0,33.0,400.0,12.121000289916992,LV,P,2025,0.0,0.0,0.0
4245645,Gary Brightwell,2.0,,,0.0,,,,,,,,,,,,,,,,,,,,,,,,,,,,,,,,,,,,,,,,,,,,,,,,,,,,,,,,,4.0,83.0,20.75,26.0,0.0,0.0,0.0,0.0,0.0,0.0,0.0,,,,,,,,,,,,,,,,,,,,,,,,,,,,,,CIN,RB,2025,0.0,0.0,0.0
4048259,Avery Williams,1.0,,,0.0,,,,,,,,,,,,,,,,,,,,,,,,,,,,,,,,,,,,,,,,,,,,,,,,,,,,,,,,,5.0,133.0,26.600000381469727,29.0,0.0,4.0,41.0,10.25,17.0,0.0,0.0,,,,,,,,,,,,,,,,,,,,,,,,,,,,,,,,2025,0.0,0.0,0.0
4036211,DJ Turner,1.0,,,0.0,,,,,,,,,,,,,,,,,,,,,,,,,,,,,,,,,,,,,,,,,,,,,,,,,,,,,,,,,0.0,0.0,0.0,0.0,0.0,0.0,0.0,0.0,0.0,0.0,1.0,,,,,,,,,,,,,,,,,,,,,,,,,,,,,,,,2025,0.0,0.0,0.0
3119195,Chase Edmonds,3.0,,,0.0,,,,,,,,,,,,,,,,,,,,,,,,,,,,,,,,,,,,,,,,,,,,,,,,,,,,,,,,,11.0,242.0,22.0,29.0,0.0,0.0,0.0,0.0,0.0,0.0,0.0,,,,,,,,,,,,,,,,,,,,,,,,,,,,,,,,2025,0.0,0.0,0.0
3052056,River Cracraft,2.0,,,0.0,,,,,,,,,,,,,,,,,,,,,,,,,,,,,,,,,,,,,,,,,,,,,,,,,,,,,,,,,0.0,0.0,0.0,0.0,0.0,2.0,1.0,0.5,1.0,0.0,0.0,,,,,,,,,,,,,,,,,,,,,,,,,,,,,,,,2025,0.0,0.0,0.0
4769895,Carson Vinson,7.0,,,0.0,,,,,,,,,,,,,,,,,,,,,,,,,,,,,,,,,,,,,,,,,,,,,,,,0.0,0.0,0.0,0.0,0.0,0.0,0.0,0.0,0.0,,,,,,,,,,,,,,,,,,,,,,,,,,,,,,,,,,,,,,,,,BAL,OT,2025,0.0,0.0,0.0
5209093,Michael Jerrell,1.0,,,0.0,,,,,,,,,,,,,,,,,,,,,,,,,,,,,,,,,,,,,,,,,,,,,,,,0.0,0.0,0.0,0.0,0.0,0.0,0.0,0.0,0.0,,,,,,,,,,,,,,,,,,,,,,,,,,,,,,,,,,,,,,,,,ATL,OT,2025,0.0,0.0,0.0
5153070,Esa Pole,5.0,,,0.0,,,,,,,,,,,,,,,,,,,,,,,,,,,,,,,,,,,,,,,,,,,,,,,,0.0,0.0,0.0,0.0,0.0,0.0,0.0,0.0,0.0,,,,,,,,,,,,,,,,,,,,,,,,,,,,,,,,,,,,,,,,,KC,OT,2025,0.0,0.0,0.0
5144457,Chukwuebuka Godrick,4.0,,,0.0,,,,,,,,,,,,,,,,,,,,,,,,,,,,,,,,,,,,,,,,,,,,,,,,0.0,0.0,0.0,0.0,0.0,0.0,0.0,0.0,0.0,,,,,,,,,,,,,,,,,,,,,,,,,,,,,,,,,,,,,,,,,KC,OT,2025,0.0,0.0,0.0
5125873,Theo Benedet,16.0,,,0.0,,,,,,,,,,,,,,,,,,,,,,,,,,,,,,,,,,,,,,,,,,,,,,,,0.0,0.0,0.0,0.0,0.0,0.0,0.0,0.0,0.0,,,,,,,,,,,,,,,,,,,,,,,,,,,,,,,,,,,,,,,,,CHI,OT,2025,0.0,0.0,0.0
4892240,Jalen Travis,17.0,,,0.0,,,,,,,,,,,,,,,,,,,,,,,,,,,,,,,,,,,,,,,,,,,,,,,,0.0,0.0,0.0,0.0,0.0,0.0,0.0,0.0,0.0,,,,,,,,,,,,,,,,,,,,,,,,,,,,,,,,,,,,,,,,,IND,OT,2025,0.0,0.0,0.0
4879480,Drew Moss,5.0,,,0.0,,,,,,,,,,,,,,,,,,,,,,,,,,,,,,,,,,,,,,,,,,,,,,,,0.0,0.0,0.0,0.0,0.0,0.0,0.0,0.0,0.0,,,,,,,,,,,,,,,,,,,,,,,,,,,,,,,,,,,,,,,,,TEN,G,2025,0.0,0.0,0.0
4877824,Zach Horton,2.0,,,0.0,,,,,,,,,,,,,,,,,,,,,,,,,,,,,,,,,,,,,,,,,,,,,,,,0.0,0.0,0.0,0.0,0.0,0.0,0.0,0.0,0.0,,,,,,,,,,,,,,,,,,,,,,,,,,,,,,,,,,,,,,,,,DET,TE,2025,0.0,0.0,0.0
4876614,Ethan Robinson,2.0,,,0.0,,,,,,,,,,,,,,,,,,,,,,,,,,,,,,,,,,,,,,,,,,,,,,,,0.0,0.0,0.0,0.0,0.0,0.0,0.0,0.0,0.0,,,,,,,,,,,,,,,,,,,,,,,,,,,,,,,,,,,,,,,,,MIA,CB,2025,0.0,0.0,0.0
4876319,Jackson Slater,12.0,,,0.0,,,,,,,,,,,,,,,,,,,,,,,,,,,,,,,,,,,,,,,,,,,,,,,,0.0,0.0,0.0,0.0,0.0,0.0,0.0,0.0,0.0,,,,,,,,,,,,,,,,,,,,,,,,,,,,,,,,,,,,,,,,,TEN,G,2025,0.0,0.0,0.0
4875912,Tejhaun Palmer,1.0,,,0.0,,,,,,,,,,,,,,,,,,,,,,,,,,,,,,,,,,,,,,,,,,,,,,,,0.0,0.0,0.0,0.0,0.0,0.0,0.0,0.0,0.0,,,,,,,,,,,,,,,,,,,,,,,,,,,,,,,,,,,,,,,,,ARI,WR,2025,0.0,0.0,0.0
4873706,Anthony Belton,14.0,,,0.0,,,,,,,,,,,,,,,,,,,,,,,,,,,,,,,,,,,,,,,,,,,,,,,,0.0,0.0,0.0,0.0,0.0,0.0,0.0,0.0,0.0,,,,,,,,,,,,,,,,,,,,,,,,,,,,,,,,,,,,,,,,,GB,OT,2025,0.0,0.0,0.0
5209589,Giovanni Manu,4.0,,,0.0,,,,,,,,,,,,,,,,,,,,,,,,,,,,,,,,,,,,,,,,,,,,,,,,0.0,0.0,0.0,0.0,0.0,0.0,0.0,0.0,0.0,,,,,,,,,,,,,,,,,,,,,,,,,,,,,,,,,,,,,,,,,DET,OT,2025,0.0,0.0,0.0
4429035,Tate Ratledge,17.0,,,0.0,,,,,,,,,,,,,,,,,,,,,,,,,,,,,,,,,,,,,,,,,,,,,,,,0.0,0.0,0.0,0.0,0.0,0.0,0.0,0.0,0.0,,,,,,,,,,,,,,,,,,,,,,,,,,,,,,,,,,,,,,,,,DET,G,2025,0.0,0.0,0.0
4428991,Paris Johnson Jr.,12.0,,,0.0,,,,,,,,,,,,,,,,,,,,,,,,,,,,,,,,,,,,,,,,,,,,,,,,0.0,0.0,0.0,0.0,0.0,0.0,0.0,0.0,0.0,,,,,,,,,,,,,,,,,,,,,,,,,,,,,,,,,,,,,,,,,ARI,OT,2025,0.0,0.0,0.0
4428909,Jacoby Windmon,1.0,,,0.0,,,,,,,,,,,,,,,,,,,,,,,,,,,,,,,,,,,,,,,,,,,,,,,,0.0,0.0,0.0,0.0,0.0,0.0,0.0,0.0,0.0,,,,,,,,,,,,,,,,,,,,,,,,,,,,,,,,,,,,,,,,,PIT,LB,2025,0.0,0.0,0.0
4428696,O'Cyrus Torrence,17.0,,,0.0,,,,,,,,,,,,,,,,,,,,,,,,,,,,,,,,,,,,,,,,,,,,,,,,0.0,0.0,0.0,0.0,0.0,0.0,0.0,0.0,0.0,,,,,,,,,,,,,,,,,,,,,,,,,,,,,,,,,,,,,,,,,BUF,G,2025,0.0,0.0,0.0
4428681,Joe Tippmann,17.0,,,0.0,,,,,,,,,,,,,,,,,,,,,,,,,,,,,,,,,,,,,,,,,,,,,,,,0.0,0.0,0.0,0.0,0.0,0.0,0.0,0.0,0.0,,,,,,,,,,,,,,,,,,,,,,,,,,,,,,,,,,,,,,,,,NYJ,C,2025,0.0,0.0,0.0
4428656,Nate Thomas,17.0,,,0.0,,,,,,,,,,,,,,,,,,,,,,,,,,,,,,,,,,,,,,,,,,,,,,,,0.0,0.0,0.0,0.0,0.0,0.0,0.0,0.0,0.0,,,,,,,,,,,,,,,,,,,,,,,,,,,,,,,,,,,,,,,,,DAL,OT,2025,0.0,0.0,0.0
4428421,Nick Samac,11.0,,,0.0,,,,,,,,,,,,,,,,,,,,,,,,,,,,,,,,,,,,,,,,,,,,,,,,0.0,0.0,0.0,0.0,0.0,0.0,0.0,0.0,0.0,,,,,,,,,,,,,,,,,,,,,,,,,,,,,,,,,,,,,,,,,CAR,C,2025,0.0,0.0,0.0
4428394,Walter Rouse,7.0,,,0.0,,,,,,,,,,,,,,,,,,,,,,,,,,,,,,,,,,,,,,,,,,,,,,,,0.0,0.0,0.0,0.0,0.0,0.0,0.0,0.0,0.0,,,,,,,,,,,,,,,,,,,,,,,,,,,,,,,,,,,,,,,,,MIN,OT,2025,0.0,0.0,0.0
4428241,Levelle Bailey,3.0,,,0.0,,,,,,,,,,,,,,,,,,,,,,,,,,,,,,,,,,,,,,,,,,,,,,,,0.0,0.0,0.0,0.0,0.0,0.0,0.0,0.0,0.0,,,,,,,,,,,,,,,,,,,,,,,,,,,,,,,,,,,,,,,,,DEN,LB,2025,0.0,0.0,0.0
4428098,Elias Neal,2.0,,,0.0,,,,,,,,,,,,,,,,,,,,,,,,,,,,,,,,,,,,,,,,,,,,,,,,0.0,0.0,0.0,0.0,0.0,0.0,0.0,0.0,0.0,,,,,,,,,,,,,,,,,,,,,,,,,,,,,,,,,,,,,,,,,LAR,LB,2025,0.0,0.0,0.0
4428080,Gabriel Murphy,1.0,,,0.0,,,,,,,,,,,,,,,,,,,,,,,,,,,,,,,,,,,,,,,,,,,,,,,,0.0,0.0,0.0,0.0,0.0,0.0,0.0,0.0,0.0,,,,,,,,,,,,,,,,,,,,,,,,,,,,,,,,,,,,,,,,,,,2025,0.0,0.0,0.0
4431809,Olu Fashanu,17.0,,,0.0,,,,,,,,,,,,,,,,,,,,,,,,,,,,,,,,,,,,,,,,,,,,,,,,0.0,0.0,0.0,0.0,0.0,0.0,0.0,0.0,0.0,,,,,,,,,,,,,,,,,,,,,,,,,,,,,,,,,,,,,,,,,NYJ,OT,2025,0.0,0.0,0.0
4427864,Christian Mahogany,11.0,,,0.0,,,,,,,,,,,,,,,,,,,,,,,,,,,,,,,,,,,,,,,,,,,,,,,,0.0,0.0,0.0,0.0,0.0,0.0,0.0,0.0,0.0,,,,,,,,,,,,,,,,,,,,,,,,,,,,,,,,,,,,,,,,,DET,G,2025,0.0,0.0,0.0
4427843,Chase Lundt,2.0,,,0.0,,,,,,,,,,,,,,,,,,,,,,,,,,,,,,,,,,,,,,,,,,,,,,,,0.0,0.0,0.0,0.0,0.0,0.0,0.0,0.0,0.0,,,,,,,,,,,,,,,,,,,,,,,,,,,,,,,,,,,,,,,,,BUF,OT,2025,0.0,0.0,0.0
4427677,Mohamed Kamara,3.0,,,0.0,,,,,,,,,,,,,,,,,,,,,,,,,,,,,,,,,,,,,,,,,,,,,,,,0.0,0.0,0.0,0.0,0.0,0.0,0.0,0.0,0.0,,,,,,,,,,,,,,,,,,,,,,,,,,,,,,,,,,,,,,,,,TB,LB,2025,0.0,0.0,0.0
4427637,Dawand Jones,3.0,,,0.0,,,,,,,,,,,,,,,,,,,,,,,,,,,,,,,,,,,,,,,,,,,,,,,,0.0,0.0,0.0,0.0,0.0,0.0,0.0,0.0,0.0,,,,,,,,,,,,,,,,,,,,,,,,,,,,,,,,,,,,,,,,,CLE,OT,2025,0.0,0.0,0.0
4427298,Matt Goncalves,16.0,,,0.0,,,,,,,,,,,,,,,,,,,,,,,,,,,,,,,,,,,,,,,,,,,,,,,,0.0,0.0,0.0,0.0,0.0,0.0,0.0,0.0,0.0,,,,,,,,,,,,,,,,,,,,,,,,,,,,,,,,,,,,,,,,,IND,G,2025,0.0,0.0,0.0
4427170,Troy Fautanu,17.0,,,0.0,,,,,,,,,,,,,,,,,,,,,,,,,,,,,,,,,,,,,,,,,,,,,,,,0.0,0.0,0.0,0.0,0.0,0.0,0.0,0.0,0.0,,,,,,,,,,,,,,,,,,,,,,,,,,,,,,,,,,,,,,,,,PIT,OT,2025,0.0,0.0,0.0
4427140,Trevor Keegan,2.0,,,0.0,,,,,,,,,,,,,,,,,,,,,,,,,,,,,,,,,,,,,,,,,,,,,,,,0.0,0.0,0.0,0.0,0.0,0.0,0.0,0.0,0.0,,,,,,,,,,,,,,,,,,,,,,,,,,,,,,,,,,,,,,,,,DAL,G,2025,0.0,0.0,0.0
4427080,Xavier Truss,7.0,,,0.0,,,,,,,,,,,,,,,,,,,,,,,,,,,,,,,,,,,,,,,,,,,,,,,,0.0,0.0,0.0,0.0,0.0,0.0,0.0,0.0,0.0,,,,,,,,,,,,,,,,,,,,,,,,,,,,,,,,,,,,,,,,,NO,OT,2025,0.0,0.0,0.0
4426987,Brandon Crenshaw-Dickson,4.0,,,0.0,,,,,,,,,,,,,,,,,,,,,,,,,,,,,,,,,,,,,,,,,,,,,,,,0.0,0.0,0.0,0.0,0.0,0.0,0.0,0.0,0.0,,,,,,,,,,,,,,,,,,,,,,,,,,,,,,,,,,,,,,,,,TEN,OT,2025,0.0,0.0,0.0
4426663,Cooper Beebe,11.0,,,0.0,,,,,,,,,,,,,,,,,,,,,,,,,,,,,,,,,,,,,,,,,,,,,,,,0.0,0.0,0.0,0.0,0.0,0.0,0.0,0.0,0.0,,,,,,,,,,,,,,,,,,,,,,,,,,,,,,,,,,,,,,,,,DAL,C,2025,0.0,0.0,0.0
4426646,Jared Bartlett,2.0,,,0.0,,,,,,,,,,,,,,,,,,,,,,,,,,,,,,,,,,,,,,,,,,,,,,,,0.0,0.0,0.0,0.0,0.0,0.0,0.0,0.0,0.0,,,,,,,,,,,,,,,,,,,,,,,,,,,,,,,,,,,,,,,,,CAR,LB,2025,0.0,0.0,0.0
4428037,Jacob Monk,7.0,,,0.0,,,,,,,,,,,,,,,,,,,,,,,,,,,,,,,,,,,,,,,,,,,,,,,,0.0,0.0,0.0,0.0,0.0,0.0,0.0,0.0,0.0,,,,,,,,,,,,,,,,,,,,,,,,,,,,,,,,,,,,,,,,,GB,C,2025,0.0,0.0,0.0
4431595,Kingsley Suamataia,17.0,,,0.0,,,,,,,,,,,,,,,,,,,,,,,,,,,,,,,,,,,,,,,,,,,,,,,,0.0,0.0,0.0,0.0,0.0,0.0,0.0,0.0,0.0,,,,,,,,,,,,,,,,,,,,,,,,,,,,,,,,,,,,,,,,,KC,OT,2025,0.0,0.0,0.0
4431506,Ja'Corey Brooks,1.0,,,0.0,,,,,,,,,,,,,,,,,,,,,,,,,,,,,,,,,,,,,,,,,,,,,,,,0.0,0.0,0.0,0.0,0.0,0.0,0.0,0.0,0.0,,,,,,,,,,,,,,,,,,,,,,,,,,,,,,,,,,,,,,,,,,,2025,0.0,0.0,0.0
4431479,Ricky White III,2.0,,,0.0,,,,,,,,,,,,,,,,,,,,,,,,,,,,,,,,,,,,,,,,,,,,,,,,0.0,0.0,0.0,0.0,0.0,0.0,0.0,0.0,0.0,,,,,,,,,,,,,,,,,,,,,,,,,,,,,,,,,,,,,,,,,SEA,WR,2025,0.0,0.0,0.0
4431463,Wyatt Milum,10.0,,,0.0,,,,,,,,,,,,,,,,,,,,,,,,,,,,,,,,,,,,,,,,,,,,,,,,0.0,0.0,0.0,0.0,0.0,0.0,0.0,0.0,0.0,,,,,,,,,,,,,,,,,,,,,,,,,,,,,,,,,,,,,,,,,JAX,G,2025,0.0,0.0,0.0
4431433,Kalen King,1.0,,,0.0,,,,,,,,,,,,,,,,,,,,,,,,,,,,,,,,,,,,,,,,,,,,,,,,0.0,0.0,0.0,0.0,0.0,0.0,0.0,0.0,0.0,,,,,,,,,,,,,,,,,,,,,,,,,,,,,,,,,,,,,,,,,ARI,CB,2025,0.0,0.0,0.0
4431342,Brennan Presley,1.0,,,0.0,,,,,,,,,,,,,,,,,,,,,,,,,,,,,,,,,,,,,,,,,,,,,,,,0.0,0.0,0.0,0.0,0.0,0.0,0.0,0.0,0.0,,,,,,,,,,,,,,,,,,,,,,,,,,,,,,,,,,,,,,,,,LAR,WR,2025,0.0,0.0,0.0
4431252,Garrett Dellinger,1.0,,,0.0,,,,,,,,,,,,,,,,,,,,,,,,,,,,,,,,,,,,,,,,,,,,,,,,0.0,0.0,0.0,0.0,0.0,0.0,0.0,0.0,0.0,,,,,,,,,,,,,,,,,,,,,,,,,,,,,,,,,,,,,,,,,TEN,G,2025,0.0,0.0,0.0
4431214,Hayden Conner,5.0,,,0.0,,,,,,,,,,,,,,,,,,,,,,,,,,,,,,,,,,,,,,,,,,,,,,,,0.0,0.0,0.0,0.0,0.0,0.0,0.0,0.0,0.0,,,,,,,,,,,,,,,,,,,,,,,,,,,,,,,,,,,,,,,,,ARI,G,2025,0.0,0.0,0.0
4431142,Jimmy Holiday,1.0,,,0.0,,,,,,,,,,,,,,,,,,,,,,,,,,,,,,,,,,,,,,,,,,,,,,,,0.0,0.0,0.0,0.0,0.0,0.0,0.0,0.0,0.0,,,,,,,,,,,,,,,,,,,,,,,,,,,,,,,,,,,,,,,,,KC,WR,2025,0.0,0.0,0.0
4430876,Roger Rosengarten,17.0,,,0.0,,,,,,,,,,,,,,,,,,,,,,,,,,,,,,,,,,,,,,,,,,,,,,,,0.0,0.0,0.0,0.0,0.0,0.0,0.0,0.0,0.0,,,,,,,,,,,,,,,,,,,,,,,,,,,,,,,,,,,,,,,,,BAL,OT,2025,0.0,0.0,0.0
4430815,Sedrick Van Pran-Granger,15.0,,,0.0,,,,,,,,,,,,,,,,,,,,,,,,,,,,,,,,,,,,,,,,,,,,,,,,0.0,0.0,0.0,0.0,0.0,0.0,0.0,0.0,0.0,,,,,,,,,,,,,,,,,,,,,,,,,,,,,,,,,,,,,,,,,BUF,C,2025,0.0,0.0,0.0
4429073,Fadil Diggs,5.0,,,0.0,,,,,,,,,,,,,,,,,,,,,,,,,,,,,,,,,,,,,,,,,,,,,,,,0.0,0.0,0.0,0.0,0.0,0.0,0.0,0.0,0.0,,,,,,,,,,,,,,,,,,,,,,,,,,,,,,,,,,,,,,,,,NO,DE,2025,0.0,0.0,0.0
4430481,Jonah Monheim,17.0,,,0.0,,,,,,,,,,,,,,,,,,,,,,,,,,,,,,,,,,,,,,,,,,,,,,,,0.0,0.0,0.0,0.0,0.0,0.0,0.0,0.0,0.0,,,,,,,,,,,,,,,,,,,,,,,,,,,,,,,,,,,,,,,,,JAX,C,2025,0.0,0.0,0.0
4430379,Asim Richards,15.0,,,0.0,,,,,,,,,,,,,,,,,,,,,,,,,,,,,,,,,,,,,,,,,,,,,,,,0.0,0.0,0.0,0.0,0.0,0.0,0.0,0.0,0.0,,,,,,,,,,,,,,,,,,,,,,,,,,,,,,,,,,,,,,,,,NO,OT,2025,0.0,0.0,0.0
4430218,Vershon Lee,1.0,,,0.0,,,,,,,,,,,,,,,,,,,,,,,,,,,,,,,,,,,,,,,,,,,,,,,,0.0,0.0,0.0,0.0,0.0,0.0,0.0,0.0,0.0,,,,,,,,,,,,,,,,,,,,,,,,,,,,,,,,,,,,,,,,,MIN,G,2025,0.0,0.0,0.0
4430153,Derrick McLendon,1.0,,,0.0,,,,,,,,,,,,,,,,,,,,,,,,,,,,,,,,,,,,,,,,,,,,,,,,0.0,0.0,0.0,0.0,0.0,0.0,0.0,0.0,0.0,,,,,,,,,,,,,,,,,,,,,,,,,,,,,,,,,,,,,,,,,,,2025,0.0,0.0,0.0
4429782,Josh Fryar,12.0,,,0.0,,,,,,,,,,,,,,,,,,,,,,,,,,,,,,,,,,,,,,,,,,,,,,,,0.0,0.0,0.0,0.0,0.0,0.0,0.0,0.0,0.0,,,,,,,,,,,,,,,,,,,,,,,,,,,,,,,,,,,,,,,,,ARI,OT,2025,0.0,0.0,0.0
4429731,Gabe Hall,2.0,,,0.0,,,,,,,,,,,,,,,,,,,,,,,,,,,,,,,,,,,,,,,,,,,,,,,,0.0,0.0,0.0,0.0,0.0,0.0,0.0,0.0,0.0,,,,,,,,,,,,,,,,,,,,,,,,,,,,,,,,,,,,,,,,,PHI,DT,2025,0.0,0.0,0.0
4429693,Aireontae Ersery,16.0,,,0.0,,,,,,,,,,,,,,,,,,,,,,,,,,,,,,,,,,,,,,,,,,,,,,,,0.0,0.0,0.0,0.0,0.0,0.0,0.0,0.0,0.0,,,,,,,,,,,,,,,,,,,,,,,,,,,,,,,,,,,,,,,,,HOU,OT,2025,0.0,0.0,0.0
4429379,Ajani Carter,2.0,,,0.0,,,,,,,,,,,,,,,,,,,,,,,,,,,,,,,,,,,,,,,,,,,,,,,,0.0,0.0,0.0,0.0,0.0,0.0,0.0,0.0,0.0,,,,,,,,,,,,,,,,,,,,,,,,,,,,,,,,,,,,,,,,,,,2025,0.0,0.0,0.0
4429249,Justin Barron,2.0,,,0.0,,,,,,,,,,,,,,,,,,,,,,,,,,,,,,,,,,,,,,,,,,,,,,,,0.0,0.0,0.0,0.0,0.0,0.0,0.0,0.0,0.0,,,,,,,,,,,,,,,,,,,,,,,,,,,,,,,,,,,,,,,,,DAL,LB,2025,0.0,0.0,0.0
4429128,Dwight McGlothern,10.0,,,0.0,,,,,,,,,,,,,,,,,,,,,,,,,,,,,,,,,,,,,,,,,,,,,,,,0.0,0.0,0.0,0.0,0.0,0.0,0.0,0.0,0.0,,,,,,,,,,,,,,,,,,,,,,,,,,,,,,,,,,,,,,,,,MIN,CB,2025,0.0,0.0,0.0
4429097,Curtis Jacobs,3.0,,,0.0,,,,,,,,,,,,,,,,,,,,,,,,,,,,,,,,,,,,,,,,,,,,,,,,0.0,0.0,0.0,0.0,0.0,0.0,0.0,0.0,0.0,,,,,,,,,,,,,,,,,,,,,,,,,,,,,,,,,,,,,,,,,,,2025,0.0,0.0,0.0
4430684,Treyton Welch,3.0,,,0.0,,,,,,,,,,,,,,,,,,,,,,,,,,,,,,,,,,,,,,,,,,,,,,,,0.0,0.0,0.0,0.0,0.0,0.0,0.0,0.0,0.0,,,,,,,,,,,,,,,,,,,,,,,,,,,,,,,,,,,,,,,,,NO,TE,2025,0.0,0.0,0.0
4361496,Matt Araiza,17.0,,,0.0,,,,,,,,,,,,,,,,,,,,,,,,,,,,,,,,,,,,,,,,,,,,,,,,,,,,,,,,,,,,,,,,,,,,,,,,,,,,,,,,,,,,,56.0,2664.0,69.0,47.57099914550781,41.30400085449219,0.0,25.0,3.0,16.0,24.0,291.0,12.125,KC,P,2025,0.0,0.0,0.0
4258197,Brad Robbins,1.0,,,0.0,,,,,,,,,,,,,,,,,,,,,,,,,,,,,,,,,,,,,,,,,,,,,,,,,,,,,,,,,,,,,,,,,,,,,,,,,,,,,,,,,,,,,4.0,158.0,48.0,39.5,38.0,0.0,1.0,0.0,1.0,1.0,6.0,6.0,,,2025,0.0,0.0,0.0
4248789,Daniel Whelan,17.0,,,0.0,,,,,,,,,,,,,,,,,,,,,,,,,,,,,,,,,,,,,,,,,,,,,,,,0.0,0.0,0.0,0.0,0.0,0.0,0.0,0.0,0.0,,,,,,,,,,,,,,,,,,,,,,,,,,,,,49.0,2533.0,72.0,51.694000244140625,43.89799880981445,0.0,18.0,8.0,12.0,21.0,222.0,10.571000099182129,GB,P,2025,0.0,0.0,0.0
4240545,Bryce Baringer,17.0,,,0.0,,,,,,,,,,,,,,,,,,,,,,,,,,,,,,,,,,,,,,,,,,,,,,,,,,,,,,,,,,,,,,,,,,,,,,,,,,,,,,,,,,,,,51.0,2416.0,73.0,47.37300109863281,40.608001708984375,0.0,21.0,4.0,15.0,22.0,265.0,12.045000076293945,NE,P,2025,0.0,0.0,0.0
4045180,Blake Gillikin,5.0,,,0.0,,,,,,,,,,,,,,,,,,,,,,,,,,,,,,,,,,,,,,,,,,,,,,,,,,,,,,,,,,,,,,,,,,,,,,,,,,,,,,,,,,,,,22.0,1138.0,63.0,51.72700119018555,45.409000396728516,0.0,8.0,2.0,7.0,11.0,99.0,9.0,ARI,P,2025,0.0,0.0,0.0
3929851,Michael Dickson,17.0,,,0.0,,,,,,,,,,,,,,,,,,,,,,,,,,,,,,,,,,,,,,,,,,,,,,,,0.0,0.0,0.0,0.0,0.0,0.0,0.0,0.0,0.0,,,,,,,,,,,,,,,,,,,,,,,,,,,,,52.0,2548.0,60.0,49.0,42.17300033569336,0.0,20.0,3.0,17.0,19.0,295.0,15.526000022888184,SEA,P,2025,0.0,0.0,0.0
3915398,Tommy Townsend,17.0,,,0.0,,,,,,,,,,,,,,,,,,,,,,,,,,,,,,,,,,,,,,,,,,,,,,,,,,,,,,,,,,,,,,,,,,,,,,,,,,,,,,,,,,,,,72.0,3424.0,73.0,47.555999755859375,41.638999938964844,0.0,30.0,5.0,14.0,33.0,326.0,9.878999710083008,TEN,P,2025,0.0,0.0,0.0
3126368,JK Scott,17.0,,,0.0,,,,,,,,,,,,,,,,,,,,,,,,,,,,,,,,,,,,,,,,,,,,,,,,0.0,0.0,0.0,0.0,0.0,0.0,0.0,0.0,0.0,,,,,,,,,,,,,,,,,,,,,,,,,,,,,60.0,2871.0,60.0,47.849998474121094,41.43299865722656,0.0,23.0,4.0,23.0,21.0,305.0,14.52400016784668,LAC,P,2025,0.0,0.0,0.0
3125280,Corliss Waitman,17.0,,,0.0,,,,,,,,,,,,,,,,,,,,,,,,,,,,,,,,,,,,,,,,,,,,,,,,,,,,,,,,,,,,,,,,,,,,,,,,,,,,,,,,,,,,,62.0,2823.0,67.0,45.53200149536133,41.742000579833984,0.0,26.0,3.0,22.0,25.0,175.0,7.0,SF,P,2025,0.0,0.0,0.0
3051397,Cameron Johnston,4.0,,,0.0,,,,,,,,,,,,,,,,,,,,,,,,,,,,,,,,,,,,,,,,,,,,,,,,,,,,,,,,,,,,,,,,,,,,,,,,,,,,,,,,,,,,,11.0,490.0,49.0,44.54499816894531,32.36399841308594,0.0,2.0,0.0,3.0,7.0,134.0,19.14299964904785,PIT,P,2025,0.0,0.0,0.0
4046551,Ben Bredeson,11.0,,,0.0,,,,,,,,,,,,,,,,,,,,,,,,,,,,,,,,,,,,,,,,,,,,,,,,0.0,0.0,0.0,0.0,0.0,0.0,0.0,0.0,0.0,,,,,,,,,,,,,,,,,,,,,,,,,,,,,,,,,,,,,,,,,TB,G,2025,0.0,0.0,0.0
16863,Pat O'Donnell,5.0,,,0.0,,,,,,,,,,,,,,,,,,,,,,,,,,,,,,,,,,,,,,,,,,,,,,,,,,,,,,,,,,,,,,,,,,,,,,,,,,,,,,,,,,,,,12.0,506.0,49.0,42.16699981689453,36.23099899291992,1.0,3.0,1.0,6.0,3.0,15.0,5.0,,,2025,0.0,0.0,0.0
16166,Tress Way,17.0,,,0.0,,,,,,,,,,,,,,,,,,,,,,,,,,,,,,,,,,,,,,,,,,,,,,,,,,,,,,,,,,,,,,,,,,,,,,,,,,,,,,,,,,,,,56.0,2651.0,71.0,47.3390007019043,43.875,0.0,29.0,4.0,18.0,25.0,114.0,4.559999942779541,WSH,P,2025,0.0,0.0,0.0
14950,Bryan Anger,17.0,,,0.0,,,,,,,,,,,,,,,,,,,,,,,,,,,,,,,,,,,,,,,,,,,,,,,,,,,,,,,,,,,,,,,,,,,,,,,,,,,,,,,,,,,,,41.0,1994.0,65.0,48.63399887084961,42.63399887084961,0.0,14.0,0.0,13.0,26.0,246.0,9.461999893188477,DAL,P,2025,0.0,0.0,0.0
4608820,Ryan Rehkow,17.0,,,0.0,,,,,,,,,,,,,,,,,,,,,,,,,,,,,,,,,,,,,,,,,,,,,,,,,,,,,,,,,,,,,,,,,,,,0.0,0.0,0.0,0.0,0.0,0.0,0.0,0.0,0.0,0.0,0.0,0.0,0.0,0.0,0.0,0.0,0.0,65.0,3285.0,70.0,50.53799819946289,42.891998291015625,0.0,28.0,11.0,12.0,28.0,277.0,9.892999649047852,CIN,P,2025,0.0,0.0,0.0
12701,Thomas Morstead,17.0,,,0.0,,,,,,,,,,,,,,,,,,,,,,,,,,,,,,,,,,,,,,,,,,,,,,,,0.0,0.0,0.0,0.0,0.0,0.0,0.0,0.0,0.0,,,,,,,,,,,,0.0,0.0,0.0,0.0,0.0,0.0,0.0,0.0,0.0,0.0,0.0,0.0,0.0,0.0,0.0,0.0,0.0,44.0,1919.0,55.0,43.61399841308594,36.77299880981445,0.0,22.0,1.0,16.0,22.0,281.0,12.77299976348877,,,2025,0.0,0.0,0.0
5278092,T.J. Maguranyanga,1.0,0.0,0.0,0.0,,,,,,,,,,,,,,,,,,,,,,,,,,,,,,,,,,,,,0.0,1.0,1.0,0.0,0.0,0.0,0.0,0.0,0.0,0.0,0.0,,,,,,,,,,,,,,,,,,,,,,,,,,,,,,,,,,,,,,,,,,,,,,,,,,WSH,DE,2025,0.0,0.0,0.0
5216101,Dondrea Tillman,17.0,0.0,0.0,0.0,,,,,,,,,,,,,,,,,,,,,,,,,,,,,,,,,,,,,13.0,28.0,41.0,4.0,34.5,3.0,3.0,36.0,2.0,59.0,0.0,,,,,,,,,,,,,,,,,,,,,,,,,,,,,,,,,,,,,,,,,,,,,,,,,,DEN,LB,2025,0.0,0.0,0.0
5208977,Qwan'tez Stiggers,15.0,0.0,2.0,0.0,,,,,,,,,,,,,,,,,,,,,,,,,,,,,,,,,,,,,17.0,10.0,27.0,0.0,0.0,1.0,3.0,0.0,0.0,0.0,0.0,0.0,0.0,0.0,0.0,0.0,0.0,0.0,0.0,0.0,,,,,,,,,,,,,,,,,,,,,,,,,,,,,,,,,,,,,,,,,NYJ,CB,2025,0.0,0.0,0.0
5144942,CJ Okoye,13.0,0.0,0.0,0.0,,,,,,,,,,,,,,,,,,,,,,,,,,,,,,,,,,,,,7.0,8.0,15.0,0.0,0.0,1.0,1.0,0.0,0.0,0.0,0.0,0.0,0.0,0.0,0.0,0.0,0.0,0.0,0.0,0.0,,,,,,,,,,,,,,,,,,,,,,,,,,,,,,,,,,,,,,,,,BAL,DT,2025,0.0,0.0,0.0
5144894,Trevor Nowaske,15.0,0.0,1.0,0.0,,,,,,,,,,,,,,,,,,,,,,,,,,,,,,,,,,,,,9.0,13.0,22.0,1.0,4.0,2.0,0.0,0.0,0.0,0.0,0.0,0.0,0.0,0.0,0.0,0.0,0.0,0.0,0.0,0.0,,,,,,,,,,,,,,,,,,,,,,,,,,,,,,,,,,,,,,,,,DET,LB,2025,0.0,0.0,0.0
5143915,Nick Whiteside,9.0,0.0,0.0,0.0,,,,,,,,,,,,,,,,,,,,,,,,,,,,,,,,,,,,,3.0,2.0,5.0,0.0,0.0,0.0,3.0,0.0,0.0,0.0,0.0,0.0,0.0,0.0,0.0,0.0,0.0,0.0,0.0,0.0,,,,,,,,,,,,,,,,,,,,,,,,,,,,,,,,,,,,,,,,,DET,CB,2025,0.0,0.0,0.0
2577619,Riley Dixon,17.0,,,0.0,,,,,,,,,,,,,,,,,,,,,,,,,,,,,,,,,,,,,,,,,,,,,,,,,,,,,,,,,,,,,,,,,,,,,,,,,,,,,,,,,,,,,63.0,2815.0,62.0,44.68299865722656,38.92300033569336,2.0,29.0,4.0,21.0,24.0,205.0,8.541999816894531,TB,P,2025,0.0,0.0,0.0
2578475,Ryan Kelly,8.0,,,0.0,,,,,,,,,,,,,,,,,,,,,,,,,,,,,,,,,,,,,,,,,,,,,,,,0.0,0.0,0.0,0.0,0.0,0.0,0.0,0.0,0.0,,,,,,,,,,,,,,,,,,,,,,,,,,,,,,,,,,,,,,,,,,,2025,0.0,0.0,0.0
2577773,Joe Thuney,17.0,,,0.0,,,,,,,,,,,,,,,,,,,,,,,,,,,,,,,,,,,,,,,,,,,,,,,,0.0,0.0,0.0,0.0,0.0,0.0,0.0,0.0,0.0,,,,,,,,,,,,,,,,,,,,,,,,,,,,,,,,,,,,,,,,,CHI,G,2025,0.0,0.0,0.0
2577185,Jake Brendel,15.0,,,0.0,,,,,,,,,,,,,,,,,,,,,,,,,,,,,,,,,,,,,,,,,,,,,,,,0.0,0.0,0.0,0.0,0.0,0.0,0.0,0.0,0.0,,,,,,,,,,,,,,,,,,,,,,,,,,,,,,,,,,,,,,,,,SF,C,2025,0.0,0.0,0.0
2577078,Quinton Jefferson,1.0,,,0.0,,,,,,,,,,,,,,,,,,,,,,,,,,,,,,,,,,,,,,,,,,,,,,,,0.0,0.0,0.0,0.0,0.0,0.0,0.0,0.0,0.0,,,,,,,,,,,,,,,,,,,,,,,,,,,,,,,,,,,,,,,,,,,2025,0.0,0.0,0.0
2576789,Bobby Hart,10.0,,,0.0,,,,,,,,,,,,,,,,,,,,,,,,,,,,,,,,,,,,,,,,,,,,,,,,0.0,0.0,0.0,0.0,0.0,0.0,0.0,0.0,0.0,,,,,,,,,,,,,,,,,,,,,,,,,,,,,,,,,,,,,,,,,SEA,OT,2025,0.0,0.0,0.0
2576736,Lucas Patrick,6.0,,,0.0,,,,,,,,,,,,,,,,,,,,,,,,,,,,,,,,,,,,,,,,,,,,,,,,0.0,0.0,0.0,0.0,0.0,0.0,0.0,0.0,0.0,,,,,,,,,,,,,,,,,,,,,,,,,,,,,,,,,,,,,,,,,NYG,G,2025,0.0,0.0,0.0
2576399,Nick Vannett,10.0,,,0.0,,,,,,,,,,,,,,,,,,,,,,,,,,,,,,,,,,,,,,,,,,,,,,,,0.0,0.0,0.0,0.0,0.0,0.0,0.0,0.0,0.0,,,,,,,,,,,,,,,,,,,,,,,,,,,,,,,,,,,,,,,,,,,2025,0.0,0.0,0.0
2576188,Ted Karras,17.0,,,0.0,,,,,,,,,,,,,,,,,,,,,,,,,,,,,,,,,,,,,,,,,,,,,,,,0.0,0.0,0.0,0.0,0.0,0.0,0.0,0.0,0.0,,,,,,,,,,,,,,,,,,,,,,,,,,,,,,,,,,,,,,,,,CIN,C,2025,0.0,0.0,0.0
2565971,Rick Lovato,9.0,,,0.0,,,,,,,,,,,,,,,,,,,,,,,,,,,,,,,,,,,,,,,,,,,,,,,,0.0,0.0,0.0,0.0,0.0,0.0,0.0,0.0,0.0,,,,,,,,,,,,,,,,,,,,,,,,,,,,,,,,,,,,,,,,,,,2025,0.0,0.0,0.0
2515613,Rob Havenstein,7.0,,,0.0,,,,,,,,,,,,,,,,,,,,,,,,,,,,,,,,,,,,,,,,,,,,,,,,0.0,0.0,0.0,0.0,0.0,0.0,0.0,0.0,0.0,,,,,,,,,,,,,,,,,,,,,,,,,,,,,,,,,,,,,,,,,,,2025,0.0,0.0,0.0
2509370,Kendall Lamm,13.0,,,0.0,,,,,,,,,,,,,,,,,,,,,,,,,,,,,,,,,,,,,,,,,,,,,,,,0.0,0.0,0.0,0.0,0.0,0.0,0.0,0.0,0.0,,,,,,,,,,,,,,,,,,,,,,,,,,,,,,,,,,,,,,,,,,,2025,0.0,0.0,0.0
4361823,Ryan Wright,17.0,,,0.0,,,,,,,,,,,,,,,,,,,,,,,,,,,,,,,,,,,,,,,,,,,,,,,,,,,,,,,,,,,,,,,,,,,,,,,,,,,,,,,,,,,,,65.0,3184.0,77.0,48.98500061035156,44.507999420166016,0.0,25.0,3.0,22.0,27.0,231.0,8.555999755859375,NO,P,2025,0.0,0.0,0.0
17304,Casey Kreiter,17.0,,,0.0,,,,,,,,,,,,,,,,,,,,,,,,,,,,,,,,,,,,,,,,,,,,,,,,0.0,0.0,0.0,0.0,0.0,0.0,0.0,0.0,0.0,,,,,,,,,,,,,,,,,,,,,,,,,,,,,,,,,,,,,,,,,ARI,LS,2025,0.0,0.0,0.0
17202,Cornelius Lucas,10.0,,,0.0,,,,,,,,,,,,,,,,,,,,,,,,,,,,,,,,,,,,,,,,,,,,,,,,0.0,0.0,0.0,0.0,0.0,0.0,0.0,0.0,0.0,,,,,,,,,,,,,,,,,,,,,,,,,,,,,,,,,,,,,,,,,,,2025,0.0,0.0,0.0
16771,Morgan Moses,17.0,,,0.0,,,,,,,,,,,,,,,,,,,,,,,,,,,,,,,,,,,,,,,,,,,,,,,,0.0,0.0,0.0,0.0,0.0,0.0,0.0,0.0,0.0,,,,,,,,,,,,,,,,,,,,,,,,,,,,,,,,,,,,,,,,,NE,OT,2025,0.0,0.0,0.0
15946,David Quessenberry,13.0,,,0.0,,,,,,,,,,,,,,,,,,,,,,,,,,,,,,,,,,,,,,,,,,,,,,,,0.0,0.0,0.0,0.0,0.0,0.0,0.0,0.0,0.0,,,,,,,,,,,,,,,,,,,,,,,,,,,,,,,,,,,,,,,,,LAR,OT,2025,0.0,0.0,0.0
15718,Greg Van Roten,17.0,,,0.0,,,,,,,,,,,,,,,,,,,,,,,,,,,,,,,,,,,,,,,,,,,,,,,,0.0,0.0,0.0,0.0,0.0,0.0,0.0,0.0,0.0,,,,,,,,,,,,,,,,,,,,,,,,,,,,,,,,,,,,,,,,,,,2025,0.0,0.0,0.0
15035,Kelvin Beachum,17.0,,,0.0,,,,,,,,,,,,,,,,,,,,,,,,,,,,,,,,,,,,,,,,,,,,,,,,0.0,0.0,0.0,0.0,0.0,0.0,0.0,0.0,0.0,,,,,,,,,,,,,,,,,,,,,,,,,,,,,,,,,,,,,,,,,,,2025,0.0,0.0,0.0
14676,Jake McQuaide,9.0,,,0.0,,,,,,,,,,,,,,,,,,,,,,,,,,,,,,,,,,,,,,,,,,,,,,,,0.0,0.0,0.0,0.0,0.0,0.0,0.0,0.0,0.0,,,,,,,,,,,,,,,,,,,,,,,,,,,,,,,,,,,,,,,,,,,2025,0.0,0.0,0.0
13848,Morgan Cox,17.0,,,0.0,,,,,,,,,,,,,,,,,,,,,,,,,,,,,,,,,,,,,,,,,,,,,,,,0.0,0.0,0.0,0.0,0.0,0.0,0.0,0.0,0.0,,,,,,,,,,,,,,,,,,,,,,,,,,,,,,,,,,,,,,,,,TEN,LS,2025,0.0,0.0,0.0
11759,JJ Jansen,17.0,,,0.0,,,,,,,,,,,,,,,,,,,,,,,,,,,,,,,,,,,,,,,,,,,,,,,,0.0,0.0,0.0,0.0,0.0,0.0,0.0,0.0,0.0,,,,,,,,,,,,,,,,,,,,,,,,,,,,,,,,,,,,,,,,,CAR,LS,2025,0.0,0.0,0.0
9614,Marcedes Lewis,5.0,,,0.0,,,,,,,,,,,,,,,,,,,,,,,,,,,,,,,,,,,,,,,,,,,,,,,,0.0,0.0,0.0,0.0,0.0,0.0,0.0,0.0,0.0,,,,,,,,,,,,,,,,,,,,,,,,,,,,,,,,,,,,,,,,,,,2025,0.0,0.0,0.0
4570033,Kai Kroeger,17.0,,,0.0,,,,,,,,,,,,,,,,,,,,,,,,,,,,,,,,,,,,,,,,,,,,,,,,,,,,,,,,,,,,,,,,,,,,,,,,,,,,,,,,,,,,,56.0,2511.0,61.0,44.8390007019043,37.292999267578125,2.0,18.0,4.0,11.0,25.0,268.0,10.720000267028809,HOU,P,2025,0.0,0.0,0.0
17378,Tyler Ott,16.0,,,0.0,,,,,,,,,,,,,,,,,,,,,,,,,,,,,,,,,,,,,,,,,,,,,,,,0.0,0.0,0.0,0.0,0.0,0.0,0.0,0.0,0.0,,,,,,,,,,,,,,,,,,,,,,,,,,,,,,,,,,,,,,,,,WSH,LS,2025,0.0,0.0,0.0
4875336,Karene Reid,10.0,0.0,0.0,0.0,,,,,,,,,,,,,,,,,,,,,,,,,,,,,,,,,,,,,4.0,1.0,5.0,0.0,0.0,0.0,0.0,0.0,0.0,0.0,0.0,0.0,0.0,0.0,0.0,0.0,0.0,0.0,0.0,0.0,,,,,,,,,,,,,,,,,,,,,,,,,,,,,,,,,,,,,,,,,DEN,LB,2025,0.0,0.0,0.0
4875295,Jackson Powers-Johnson,8.0,0.0,0.0,0.0,,,,,,,,,,,,,,,,,,,,,,,,,,,,,,,,,,,,,2.0,0.0,2.0,0.0,0.0,0.0,0.0,0.0,0.0,0.0,0.0,0.0,0.0,0.0,0.0,0.0,0.0,0.0,0.0,0.0,,,,,,,,,,,,,,,,,,,,,,,,,,,,,,,,,,,,,,,,,LV,G,2025,0.0,0.0,0.0
4875266,B.J. Green II,14.0,0.0,0.0,0.0,,,,,,,,,,,,,,,,,,,,,,,,,,,,,,,,,,,,,6.0,9.0,15.0,2.0,15.0,2.0,0.0,0.0,0.0,0.0,0.0,0.0,0.0,0.0,0.0,0.0,0.0,0.0,0.0,0.0,,,,,,,,,,,,,,,,,,,,,,,,,,,,,,,,,,,,,,,,,JAX,DE,2025,0.0,0.0,0.0
4875196,Byron Young,17.0,1.0,0.0,0.0,,,,,,,,,,,,,,,,,,,,,,,,,,,,,,,,,,,,,45.0,37.0,82.0,12.0,61.5,12.0,0.0,0.0,0.0,0.0,0.0,,,,,,,,,,,,,,,,,,,,,,,,,,,,,,,,,,,,,,,,,,,,,,,,,,LAR,LB,2025,0.0,0.0,0.0
4874448,Daijahn Anthony,5.0,0.0,0.0,0.0,,,,,,,,,,,,,,,,,,,,,,,,,,,,,,,,,,,,,2.0,2.0,4.0,0.0,0.0,0.0,0.0,0.0,0.0,0.0,0.0,0.0,0.0,0.0,0.0,0.0,0.0,0.0,0.0,0.0,,,,,,,,,,,,,,,,,,,,,,,,,,,,,,,,,,,,,,,,,CIN,S,2025,0.0,0.0,0.0
4873232,Mason Graham,17.0,0.0,0.0,0.0,,,,,,,,,,,,,,,,,,,,,,,,,,,,,,,,,,,,,28.0,21.0,49.0,0.5,2.5,7.0,4.0,0.0,0.0,0.0,0.0,,,,,,,,,,,,,,,,,,,,,,,,,,,,,,,,,,,,,,,,,,,,,,,,,,CLE,DT,2025,0.0,0.0,0.0
4869523,Nick Emmanwori,14.0,0.0,0.0,0.0,,,,,,,,,,,,,,,,,,,,,,,,,,,,,,,,,,,,,56.0,25.0,81.0,2.5,13.0,9.0,11.0,0.0,1.0,0.0,0.0,,,,,,,,,,,,,,,,,,,,,,,,,,,,,,,,,,,,,,,,,,,,,,,,,,SEA,S,2025,0.0,0.0,0.0
4837188,Jordan Phillips,17.0,0.0,0.0,0.0,,,,,,,,,,,,,,,,,,,,,,,,,,,,,,,,,,,,,8.0,26.0,34.0,0.0,0.0,1.0,0.0,0.0,0.0,0.0,0.0,0.0,0.0,0.0,0.0,0.0,0.0,0.0,0.0,0.0,,,,,,,,,,,,,,,,,,,,,,,,,,,,,,,,,,,,,,,,,MIA,DT,2025,0.0,0.0,0.0
4833355,Nic Scourton,17.0,1.0,0.0,0.0,,,,,,,,,,,,,,,,,,,,,,,,,,,,,,,,,,,,,20.0,27.0,47.0,5.0,31.5,7.0,1.0,0.0,0.0,0.0,0.0,0.0,0.0,0.0,0.0,0.0,0.0,0.0,0.0,0.0,,,,,,,,,,,,,,,,,,,,,,,,,,,,,,,,,,,,,,,,,CAR,LB,2025,0.0,0.0,0.0
4831989,Deone Walker,17.0,0.0,1.0,0.0,,,,,,,,,,,,,,,,,,,,,,,,,,,,,,,,,,,,,17.0,22.0,39.0,1.0,3.0,8.0,4.0,0.0,0.0,0.0,0.0,0.0,0.0,0.0,0.0,0.0,0.0,0.0,0.0,0.0,,,,,,,,,,,,,,,,,,,,,,,,,,,,,,,,,,,,,,,,,BUF,DT,2025,0.0,0.0,0.0
4819257,Jonah Savaiinaea,17.0,0.0,0.0,0.0,,,,,,,,,,,,,,,,,,,,,,,,,,,,,,,,,,,,,1.0,0.0,1.0,0.0,0.0,0.0,0.0,0.0,0.0,0.0,0.0,0.0,0.0,0.0,0.0,0.0,0.0,0.0,0.0,0.0,,,,,,,,,,,,,,,,,,,,,,,,,,,,,,,,,,,,,,,,,MIA,G,2025,0.0,0.0,0.0
5125875,Ethan Evans,17.0,0.0,0.0,0.0,,,,,,,,,,,,,,,,,,,,,,,,,,,,,,,,,,,,,1.0,0.0,1.0,0.0,0.0,0.0,0.0,0.0,0.0,0.0,0.0,,,,,,,,,,,,,,,,,,,,,0.0,0.0,0.0,0.0,0.0,0.0,0.0,0.0,0.0,0.0,0.0,0.0,0.0,0.0,0.0,0.0,0.0,50.0,2315.0,68.0,46.29999923706055,37.97999954223633,0.0,20.0,4.0,10.0,21.0,336.0,16.0,LAR,P,2025,0.0,0.0,0.0
4789907,Armand Membou,17.0,0.0,0.0,0.0,,,,,,,,,,,,,,,,,,,,,,,,,,,,,,,,,,,,,2.0,0.0,2.0,0.0,0.0,0.0,0.0,0.0,0.0,0.0,0.0,0.0,0.0,0.0,0.0,0.0,0.0,0.0,0.0,0.0,,,,,,,,,,,,,,,,,,,,,,,,,,,,,,,,,,,,,,,,,NYJ,OT,2025,0.0,0.0,0.0
4725996,Abdul Carter,17.0,2.0,2.0,0.0,,,,,,,,,,,,,,,,,,,,,,,,,,,,,,,,,,,,,25.0,18.0,43.0,4.0,22.5,7.0,0.0,0.0,0.0,0.0,0.0,0.0,0.0,0.0,0.0,0.0,0.0,0.0,0.0,0.0,,,,,,,,,,,,,,,,,,,,,,,,,,,,,,,,,,,,,,,,,NYG,LB,2025,0.0,0.0,0.0
4714157,Thomas Incoom,17.0,0.0,0.0,0.0,,,,,,,,,,,,,,,,,,,,,,,,,,,,,,,,,,,,,9.0,8.0,17.0,0.0,0.0,0.0,0.0,0.0,0.0,0.0,0.0,0.0,0.0,0.0,0.0,0.0,0.0,0.0,0.0,0.0,,,,,,,,,,,,,,,,,,,,,,,,,,,,,,,,,,,,,,,,,CAR,LB,2025,0.0,0.0,0.0
4709980,Johnathan Baldwin II,1.0,0.0,0.0,0.0,,,,,,,,,,,,,,,,,,,,,,,,,,,,,,,,,,,,,4.0,3.0,7.0,0.0,0.0,0.0,0.0,0.0,0.0,0.0,0.0,,,,,,,,,,,,,,,,,,,,,,,,,,,,,,,,,,,,,,,,,,,,,,,,,,GB,S,2025,0.0,0.0,0.0
4700676,C.J. Ravenell,14.0,1.0,0.0,0.0,,,,,,,,,,,,,,,,,,,,,,,,,,,,,,,,,,,,,1.0,5.0,6.0,0.0,0.0,0.0,0.0,0.0,0.0,0.0,0.0,0.0,0.0,0.0,0.0,0.0,0.0,0.0,0.0,0.0,,,,,,,,,,,,,,,,,,,,,,,,,,,,,,,,,,,,,,,,,NYG,DE,2025,0.0,0.0,0.0
4700660,Sam Webb,7.0,0.0,1.0,1.0,,,,,,,,,,,,,,,,,,,,,,,,,,,,,,,,,,,,,3.0,5.0,8.0,0.0,0.0,0.0,1.0,0.0,0.0,0.0,0.0,0.0,0.0,0.0,0.0,0.0,0.0,0.0,0.0,0.0,,,,,,,,,,,,,,,,,,,,,,,,,,,,,,,,,,,,,,,,,,,2025,0.0,0.0,0.0
4700136,Kiko Mauigoa,12.0,0.0,0.0,0.0,,,,,,,,,,,,,,,,,,,,,,,,,,,,,,,,,,,,,16.0,29.0,45.0,0.0,0.0,0.0,0.0,0.0,0.0,0.0,0.0,,,,,,,,,,,,,,,,,,,,,,,,,,,,,,,,,,,,,,,,,,,,,,,,,,NYJ,LB,2025,0.0,0.0,0.0
4698244,Teddye Buchanan,14.0,1.0,0.0,0.0,,,,,,,,,,,,,,,,,,,,,,,,,,,,,,,,,,,,,49.0,44.0,93.0,0.5,2.5,5.0,1.0,0.0,0.0,0.0,0.0,,,,,,,,,,,,,,,,,,,,,,,,,,,,,,,,,,,,,,,,,,,,,,,,,,BAL,LB,2025,0.0,0.0,0.0
4698113,Max Melton,10.0,0.0,0.0,0.0,,,,,,,,,,,,,,,,,,,,,,,,,,,,,,,,,,,,,21.0,10.0,31.0,0.0,0.0,1.0,5.0,0.0,0.0,0.0,0.0,0.0,0.0,0.0,0.0,0.0,0.0,0.0,0.0,0.0,,,,,,,,,,,,,,,,,,,,,,,,,,,,,,,,,,,,,,,,,ARI,CB,2025,0.0,0.0,0.0
4697639,Jaylen Watson,15.0,0.0,0.0,0.0,,,,,,,,,,,,,,,,,,,,,,,,,,,,,,,,,,,,,42.0,22.0,64.0,2.0,12.0,3.0,6.0,14.0,2.0,14.0,0.0,,,,,,,,,,,,,,,,,,,,,,,,,,,,,,,,,,,,,,,,,,,,,,,,,,LAR,CB,2025,0.0,0.0,0.0
4697636,Chau Smith-Wade,16.0,0.0,0.0,0.0,,,,,,,,,,,,,,,,,,,,,,,,,,,,,,,,,,,,,43.0,13.0,56.0,0.0,0.0,1.0,2.0,11.0,1.0,11.0,1.0,,,,,,,,,,,,,,,,,,,,,,,,,,,,,,,,,,,,,,,,,,,,,,,,,,CAR,CB,2025,0.0,0.0,0.0
4816107,Benjamin Morrison,10.0,0.0,1.0,0.0,,,,,,,,,,,,,,,,,,,,,,,,,,,,,,,,,,,,,19.0,7.0,26.0,0.0,0.0,2.0,4.0,0.0,0.0,0.0,0.0,0.0,0.0,0.0,0.0,0.0,0.0,0.0,0.0,0.0,,,,,,,,,,,,,,,,,,,,,,,,,,,,,,,,,,,,,,,,,TB,CB,2025,0.0,0.0,0.0
5095865,Shavon Revel Jr.,7.0,0.0,0.0,0.0,,,,,,,,,,,,,,,,,,,,,,,,,,,,,,,,,,,,,23.0,12.0,35.0,0.0,0.0,1.0,3.0,0.0,0.0,0.0,0.0,,,,,,,,,,,,,,,,,,,,,,,,,,,,,,,,,,,,,,,,,,,,,,,,,,DAL,CB,2025,0.0,0.0,0.0
5093973,Levi Drake Rodriguez,16.0,0.0,0.0,0.0,,,,,,,,,,,,,,,,,,,,,,,,,,,,,,,,,,,,,19.0,24.0,43.0,2.0,6.0,8.0,0.0,0.0,0.0,0.0,0.0,0.0,0.0,0.0,0.0,0.0,0.0,0.0,0.0,0.0,,,,,,,,,,,,,,,,,,,,,,,,,,,,,,,,,,,,,,,,,MIN,DT,2025,0.0,0.0,0.0
5092959,Dominick Puni,17.0,0.0,0.0,0.0,,,,,,,,,,,,,,,,,,,,,,,,,,,,,,,,,,,,,1.0,0.0,1.0,0.0,0.0,0.0,0.0,0.0,0.0,0.0,0.0,0.0,0.0,0.0,0.0,0.0,0.0,0.0,0.0,0.0,,,,,,,,,,,,,,,,,,,,,,,,,,,,,,,,,,,,,,,,,SF,G,2025,0.0,0.0,0.0
5089178,Jamaree Caldwell,17.0,1.0,0.0,0.0,,,,,,,,,,,,,,,,,,,,,,,,,,,,,,,,,,,,,14.0,17.0,31.0,1.0,9.0,5.0,1.0,0.0,0.0,0.0,0.0,0.0,0.0,0.0,0.0,0.0,0.0,0.0,0.0,0.0,,,,,,,,,,,,,,,,,,,,,,,,,,,,,,,,,,,,,,,,,LAC,DT,2025,0.0,0.0,0.0
5085888,Easton Mascarenas-Arnold,16.0,0.0,0.0,0.0,,,,,,,,,,,,,,,,,,,,,,,,,,,,,,,,,,,,,4.0,5.0,9.0,0.0,0.0,0.0,0.0,0.0,0.0,0.0,0.0,0.0,0.0,0.0,0.0,0.0,0.0,0.0,0.0,0.0,,,,,,,,,,,,,,,,,,,,,,,,,,,,,,,,,,,,,,,,,CLE,LB,2025,0.0,0.0,0.0
5084939,Isaiah Adams,17.0,0.0,0.0,0.0,,,,,,,,,,,,,,,,,,,,,,,,,,,,,,,,,,,,,1.0,0.0,1.0,0.0,0.0,0.0,0.0,0.0,0.0,0.0,0.0,0.0,0.0,0.0,0.0,0.0,0.0,0.0,0.0,0.0,,,,,,,,,,,,,,,,,,,,,,,,,,,,,,,,,,,,,,,,,ARI,G,2025,0.0,0.0,0.0
5081728,Jeremiah Pharms Jr.,3.0,0.0,0.0,0.0,,,,,,,,,,,,,,,,,,,,,,,,,,,,,,,,,,,,,1.0,2.0,3.0,0.0,0.0,1.0,0.0,0.0,0.0,0.0,0.0,,,,,,,,,,,,,,,,,,,,,,,,,,,,,,,,,,,,,,,,,,,,,,,,,,NE,DT,2025,0.0,0.0,0.0
5081394,James Pearce Jr.,17.0,1.0,1.0,0.0,,,,,,,,,,,,,,,,,,,,,,,,,,,,,,,,,,,,,17.0,9.0,26.0,10.5,94.5,10.0,5.0,0.0,0.0,0.0,0.0,0.0,0.0,0.0,0.0,0.0,0.0,0.0,0.0,0.0,,,,,,,,,,,,,,,,,,,,,,,,,,,,,,,,,,,,,,,,,ATL,LB,2025,0.0,0.0,0.0
5065495,Kaden Davis,2.0,0.0,0.0,0.0,,,,,,,,,,,,,,,,,,,,,,,,,,,,,,,,,,,,,0.0,1.0,1.0,0.0,0.0,0.0,0.0,0.0,0.0,0.0,0.0,0.0,0.0,0.0,0.0,0.0,0.0,0.0,0.0,0.0,1.0,28.0,28.0,28.0,0.0,0.0,0.0,0.0,0.0,0.0,0.0,,,,,,,,,,,,,,,,,,,,,,,,,,,,,,CHI,WR,2025,0.0,0.0,0.0
5033343,Haggai Ndubuisi,1.0,0.0,0.0,0.0,,,,,,,,,,,,,,,,,,,,,,,,,,,,,,,,,,,,,0.0,1.0,1.0,0.0,0.0,0.0,0.0,0.0,0.0,0.0,0.0,,,,,,,,,,,,,,,,,,,,,,,,,,,,,,,,,,,,,,,,,,,,,,,,,,TB,DT,2025,0.0,0.0,0.0
4917635,Joshua Williams,15.0,0.0,0.0,0.0,,,,,,,,,,,,,,,,,,,,,,,,,,,,,,,,,,,,,4.0,2.0,6.0,0.0,0.0,0.0,0.0,0.0,0.0,0.0,0.0,0.0,0.0,0.0,0.0,0.0,0.0,0.0,0.0,0.0,,,,,,,,,,,,,,,,,,,,,,,,,,,,,,,,,,,,,,,,,TEN,CB,2025,0.0,0.0,0.0
4875564,Bo Richter,17.0,0.0,0.0,0.0,,,,,,,,,,,,,,,,,,,,,,,,,,,,,,,,,,,,,6.0,5.0,11.0,0.0,0.0,0.0,1.0,0.0,0.0,0.0,0.0,0.0,0.0,0.0,0.0,0.0,0.0,0.0,0.0,0.0,,,,,,,,,,,,,,,,,,,,,,,,,,,,,,,,,,,,,,,,,MIN,LB,2025,0.0,0.0,0.0
4917439,Loren Strickland,2.0,0.0,0.0,0.0,,,,,,,,,,,,,,,,,,,,,,,,,,,,,,,,,,,,,1.0,1.0,2.0,0.0,0.0,0.0,0.0,0.0,0.0,0.0,0.0,0.0,0.0,0.0,0.0,0.0,0.0,0.0,0.0,0.0,,,,,,,,,,,,,,,,,,,,,,,,,,,,,,,,,,,,,,,,,DET,S,2025,0.0,0.0,0.0
4916349,Nikola Kalinic,2.0,1.0,0.0,0.0,,,,,,,,,,,,,,,,,,,,,,,,,,,,,,,,,,,,,1.0,2.0,3.0,0.0,0.0,0.0,0.0,0.0,0.0,0.0,0.0,,,,,,,,,,,,,,,,,,,,,,,,,,,,,,,,,,,,,,,,,,,,,,,,,,CHI,TE,2025,0.0,0.0,0.0
4912847,Jacob Parrish,17.0,0.0,1.0,0.0,,,,,,,,,,,,,,,,,,,,,,,,,,,,,,,,,,,,,50.0,26.0,76.0,2.0,18.0,7.0,7.0,3.0,2.0,3.0,0.0,0.0,0.0,0.0,0.0,0.0,0.0,0.0,0.0,0.0,,,,,,,,,,,,,,,,,,,,,,,,,,,,,,,,,,,,,,,,,TB,CB,2025,0.0,0.0,0.0
4911489,Caleb Murphy,11.0,0.0,0.0,0.0,,,,,,,,,,,,,,,,,,,,,,,,,,,,,,,,,,,,,5.0,9.0,14.0,0.5,3.0,0.0,0.0,0.0,0.0,0.0,0.0,0.0,0.0,0.0,0.0,0.0,0.0,0.0,0.0,0.0,,,,,,,,,,,,,,,,,,,,,,,,,,,,,,,,,,,,,,,,,NYG,LB,2025,0.0,0.0,0.0
4894654,Kenneth Grant,17.0,0.0,0.0,0.0,,,,,,,,,,,,,,,,,,,,,,,,,,,,,,,,,,,,,15.0,18.0,33.0,2.0,3.0,2.0,1.0,0.0,0.0,0.0,0.0,,,,,,,,,,,,,,,,,,,,,,,,,,,,,,,,,,,,,,,,,,,,,,,,,,MIA,DT,2025,0.0,0.0,0.0
4880675,Rayuan Lane III,17.0,0.0,1.0,0.0,,,,,,,,,,,,,,,,,,,,,,,,,,,,,,,,,,,,,12.0,8.0,20.0,0.0,0.0,1.0,1.0,0.0,0.0,0.0,0.0,0.0,0.0,0.0,0.0,0.0,0.0,0.0,0.0,0.0,,,,,,,,,,,,,,,,,,,,,,,,,,,,,,,,,,,,,,,,,JAX,S,2025,0.0,0.0,0.0
4880613,Bam Martin-Scott,17.0,1.0,0.0,0.0,,,,,,,,,,,,,,,,,,,,,,,,,,,,,,,,,,,,,7.0,14.0,21.0,0.0,0.0,1.0,0.0,0.0,0.0,0.0,0.0,0.0,0.0,0.0,0.0,0.0,0.0,0.0,0.0,0.0,,,,,,,,,,,,,,,,,,,,,,,,,,,,,,,,,,,,,,,,,CAR,LB,2025,0.0,0.0,0.0
4878287,Keondre Jackson,12.0,1.0,1.0,0.0,,,,,,,,,,,,,,,,,,,,,,,,,,,,,,,,,,,,,10.0,3.0,13.0,0.0,0.0,0.0,0.0,0.0,0.0,0.0,0.0,0.0,0.0,0.0,0.0,0.0,0.0,0.0,0.0,0.0,,,,,,,,,,,,,,,,,,,,,,,,,,,,,,,,,,,,,,,,,BAL,S,2025,0.0,0.0,0.0
4877475,Cam'Ron Silmon-Craig,3.0,0.0,0.0,0.0,,,,,,,,,,,,,,,,,,,,,,,,,,,,,,,,,,,,,2.0,0.0,2.0,0.0,0.0,0.0,0.0,0.0,0.0,0.0,0.0,0.0,0.0,0.0,0.0,0.0,0.0,0.0,0.0,0.0,,,,,,,,,,,,,,,,,,,,,,,,,,,,,,,,,,,,,,,,,JAX,S,2025,0.0,0.0,0.0
4876057,Oluwafemi Oladejo,6.0,0.0,0.0,0.0,,,,,,,,,,,,,,,,,,,,,,,,,,,,,,,,,,,,,5.0,8.0,13.0,0.0,0.0,2.0,0.0,0.0,0.0,0.0,0.0,,,,,,,,,,,,,,,,,,,,,,,,,,,,,,,,,,,,,,,,,,,,,,,,,,TEN,DE,2025,0.0,0.0,0.0
4876017,Carson Schwesinger,16.0,0.0,0.0,0.0,,,,,,,,,,,,,,,,,,,,,,,,,,,,,,,,,,,,,67.0,89.0,156.0,2.5,25.0,11.0,3.0,9.0,2.0,16.0,0.0,,,,,,,,,,,,,,,,,,,,,,,,,,,,,,,,,,,,,,,,,,,,,,,,,,CLE,LB,2025,0.0,0.0,0.0
4917592,Dallis Flowers,1.0,0.0,0.0,0.0,,,,,,,,,,,,,,,,,,,,,,,,,,,,,,,,,,,,,1.0,0.0,1.0,0.0,0.0,0.0,0.0,0.0,0.0,0.0,0.0,,,,,,,,,,,,,,,,,,,,,,,,,,,,,,,,,,,,,,,,,,,,,,,,,,CHI,CB,2025,0.0,0.0,0.0
4033748,Connor McGovern,16.0,,,0.0,,,,,,,,,,,,,,,,,,,,,,,,,,,,,,,,,,,,,,,,,,,,,,,,0.0,0.0,0.0,0.0,0.0,0.0,0.0,0.0,0.0,,,,,,,,,,,,,,,,,,,,,,,,,,,,,,,,,,,,,,,,,BUF,C,2025,0.0,0.0,0.0
3948283,Stephen Carlson,2.0,,,0.0,,,,,,,,,,,,,,,,,,,,,,,,,,,,,,,,,,,,,,,,,,,,,,,,0.0,0.0,0.0,0.0,0.0,0.0,0.0,0.0,0.0,,,,,,,,,,,,,,,,,,,,,,,,,,,,,,,,,,,,,,,,,CHI,TE,2025,0.0,0.0,0.0
3932244,Andre James,17.0,,,0.0,,,,,,,,,,,,,,,,,,,,,,,,,,,,,,,,,,,,,,,,,,,,,,,,0.0,0.0,0.0,0.0,0.0,0.0,0.0,0.0,0.0,,,,,,,,,,,,,,,,,,,,,,,,,,,,,,,,,,,,,,,,,TEN,C,2025,0.0,0.0,0.0
3929637,Dan Chisena,1.0,,,0.0,,,,,,,,,,,,,,,,,,,,,,,,,,,,,,,,,,,,,,,,,,,,,,,,0.0,0.0,0.0,0.0,0.0,0.0,0.0,0.0,0.0,,,,,,,,,,,,,,,,,,,,,,,,,,,,,,,,,,,,,,,,,CAR,WR,2025,0.0,0.0,0.0
3929631,Ryan Bates,16.0,,,0.0,,,,,,,,,,,,,,,,,,,,,,,,,,,,,,,,,,,,,,,,,,,,,,,,0.0,0.0,0.0,0.0,0.0,0.0,0.0,0.0,0.0,,,,,,,,,,,,,,,,,,,,,,,,,,,,,,,,,,,,,,,,,,,2025,0.0,0.0,0.0
3921936,Matt Peart,6.0,,,0.0,,,,,,,,,,,,,,,,,,,,,,,,,,,,,,,,,,,,,,,,,,,,,,,,0.0,0.0,0.0,0.0,0.0,0.0,0.0,0.0,0.0,,,,,,,,,,,,,,,,,,,,,,,,,,,,,,,,,,,,,,,,,DEN,OT,2025,0.0,0.0,0.0
3920814,Austen Pleasants,15.0,,,0.0,,,,,,,,,,,,,,,,,,,,,,,,,,,,,,,,,,,,,,,,,,,,,,,,0.0,0.0,0.0,0.0,0.0,0.0,0.0,0.0,0.0,,,,,,,,,,,,,,,,,,,,,,,,,,,,,,,,,,,,,,,,,SF,OT,2025,0.0,0.0,0.0
3920591,Nick Leverett,1.0,,,0.0,,,,,,,,,,,,,,,,,,,,,,,,,,,,,,,,,,,,,,,,,,,,,,,,0.0,0.0,0.0,0.0,0.0,0.0,0.0,0.0,0.0,,,,,,,,,,,,,,,,,,,,,,,,,,,,,,,,,,,,,,,,,DAL,G,2025,0.0,0.0,0.0
3917849,Lawrence Cager,1.0,,,0.0,,,,,,,,,,,,,,,,,,,,,,,,,,,,,,,,,,,,,,,,,,,,,,,,0.0,0.0,0.0,0.0,0.0,0.0,0.0,0.0,0.0,,,,,,,,,,,,,,,,,,,,,,,,,,,,,,,,,,,,,,,,,WSH,TE,2025,0.0,0.0,0.0
3917660,David Edwards,17.0,,,0.0,,,,,,,,,,,,,,,,,,,,,,,,,,,,,,,,,,,,,,,,,,,,,,,,0.0,0.0,0.0,0.0,0.0,0.0,0.0,0.0,0.0,,,,,,,,,,,,,,,,,,,,,,,,,,,,,,,,,,,,,,,,,NO,G,2025,0.0,0.0,0.0
3917599,Kevin Dotson,15.0,,,0.0,,,,,,,,,,,,,,,,,,,,,,,,,,,,,,,,,,,,,,,,,,,,,,,,0.0,0.0,0.0,0.0,0.0,0.0,0.0,0.0,0.0,,,,,,,,,,,,,,,,,,,,,,,,,,,,,,,,,,,,,,,,,LAR,G,2025,0.0,0.0,0.0
2583951,George Fant,4.0,,,0.0,,,,,,,,,,,,,,,,,,,,,,,,,,,,,,,,,,,,,,,,,,,,,,,,0.0,0.0,0.0,0.0,0.0,0.0,0.0,0.0,0.0,,,,,,,,,,,,,,,,,,,,,,,,,,,,,,,,,,,,,,,,,,,2025,0.0,0.0,0.0
3915777,Justin Skule,16.0,,,0.0,,,,,,,,,,,,,,,,,,,,,,,,,,,,,,,,,,,,,,,,,,,,,,,,0.0,0.0,0.0,0.0,0.0,0.0,0.0,0.0,0.0,,,,,,,,,,,,,,,,,,,,,,,,,,,,,,,,,,,,,,,,,TB,OT,2025,0.0,0.0,0.0
3915184,Nick Moore,17.0,,,0.0,,,,,,,,,,,,,,,,,,,,,,,,,,,,,,,,,,,,,,,,,,,,,,,,0.0,0.0,0.0,0.0,0.0,0.0,0.0,0.0,0.0,,,,,,,,,,,,,,,,,,,,,,,,,,,,,,,,,,,,,,,,,BAL,LS,2025,0.0,0.0,0.0
3915147,Calvin Throckmorton,10.0,,,0.0,,,,,,,,,,,,,,,,,,,,,,,,,,,,,,,,,,,,,,,,,,,,,,,,0.0,0.0,0.0,0.0,0.0,0.0,0.0,0.0,0.0,,,,,,,,,,,,,,,,,,,,,,,,,,,,,,,,,,,,,,,,,DEN,G,2025,0.0,0.0,0.0
3915106,Fred Johnson,17.0,,,0.0,,,,,,,,,,,,,,,,,,,,,,,,,,,,,,,,,,,,,,,,,,,,,,,,0.0,0.0,0.0,0.0,0.0,0.0,0.0,0.0,0.0,,,,,,,,,,,,,,,,,,,,,,,,,,,,,,,,,,,,,,,,,PHI,OT,2025,0.0,0.0,0.0
3914630,Josh Jones,14.0,,,0.0,,,,,,,,,,,,,,,,,,,,,,,,,,,,,,,,,,,,,,,,,,,,,,,,0.0,0.0,0.0,0.0,0.0,0.0,0.0,0.0,0.0,,,,,,,,,,,,,,,,,,,,,,,,,,,,,,,,,,,,,,,,,SEA,G,2025,0.0,0.0,0.0
3914307,Maurice Alexander,1.0,,,0.0,,,,,,,,,,,,,,,,,,,,,,,,,,,,,,,,,,,,,,,,,,,,,,,,0.0,0.0,0.0,0.0,0.0,0.0,0.0,0.0,0.0,,,,,,,,,,,,,,,,,,,,,,,,,,,,,,,,,,,,,,,,,CHI,WR,2025,0.0,0.0,0.0
3895840,Charlie Heck,17.0,,,0.0,,,,,,,,,,,,,,,,,,,,,,,,,,,,,,,,,,,,,,,,,,,,,,,,0.0,0.0,0.0,0.0,0.0,0.0,0.0,0.0,0.0,,,,,,,,,,,,,,,,,,,,,,,,,,,,,,,,,,,,,,,,,MIA,OT,2025,0.0,0.0,0.0
3894849,James Daniels,1.0,,,0.0,,,,,,,,,,,,,,,,,,,,,,,,,,,,,,,,,,,,,,,,,,,,,,,,0.0,0.0,0.0,0.0,0.0,0.0,0.0,0.0,0.0,,,,,,,,,,,,,,,,,,,,,,,,,,,,,,,,,,,,,,,,,,,2025,0.0,0.0,0.0
3886834,Ugo Amadi,7.0,,,0.0,,,,,,,,,,,,,,,,,,,,,,,,,,,,,,,,,,,,,,,,,,,,,,,,0.0,0.0,0.0,0.0,0.0,0.0,0.0,0.0,0.0,,,,,,,,,,,,,,,,,,,,,,,,,,,,,,,,,,,,,,,,,,,2025,0.0,0.0,0.0
3871880,Yosh Nijman,16.0,,,0.0,,,,,,,,,,,,,,,,,,,,,,,,,,,,,,,,,,,,,,,,,,,,,,,,0.0,0.0,0.0,0.0,0.0,0.0,0.0,0.0,0.0,,,,,,,,,,,,,,,,,,,,,,,,,,,,,,,,,,,,,,,,,,,2025,0.0,0.0,0.0
3821571,Jordan Morgan,17.0,,,0.0,,,,,,,,,,,,,,,,,,,,,,,,,,,,,,,,,,,,,,,,,,,,,,,,0.0,0.0,0.0,0.0,0.0,0.0,0.0,0.0,0.0,,,,,,,,,,,,,,,,,,,,,,,,,,,,,,,,,,,,,,,,,GB,G,2025,0.0,0.0,0.0
3915834,Terence Steele,17.0,,,0.0,,,,,,,,,,,,,,,,,,,,,,,,,,,,,,,,,,,,,,,,,,,,,,,,0.0,0.0,0.0,0.0,0.0,0.0,0.0,0.0,0.0,,,,,,,,,,,,,,,,,,,,,,,,,,,,,,,,,,,,,,,,,DAL,OT,2025,0.0,0.0,0.0
4046536,David Long Jr.,1.0,,,0.0,,,,,,,,,,,,,,,,,,,,,,,,,,,,,,,,,,,,,,,,,,,,,,,,0.0,0.0,0.0,0.0,0.0,0.0,0.0,0.0,0.0,,,,,,,,,,,,,,,,,,,,,,,,,,,,,,,,,,,,,,,,,,,2025,0.0,0.0,0.0
4046165,Jimmy Morrissey,1.0,,,0.0,,,,,,,,,,,,,,,,,,,,,,,,,,,,,,,,,,,,,,,,,,,,,,,,0.0,0.0,0.0,0.0,0.0,0.0,0.0,0.0,0.0,,,,,,,,,,,,,,,,,,,,,,,,,,,,,,,,,,,,,,,,,IND,C,2025,0.0,0.0,0.0
4044138,Matt Hennessy,17.0,,,0.0,,,,,,,,,,,,,,,,,,,,,,,,,,,,,,,,,,,,,,,,,,,,,,,,0.0,0.0,0.0,0.0,0.0,0.0,0.0,0.0,0.0,,,,,,,,,,,,,,,,,,,,,,,,,,,,,,,,,,,,,,,,,DAL,C,2025,0.0,0.0,0.0
4044132,William Kwenkeu,1.0,,,0.0,,,,,,,,,,,,,,,,,,,,,,,,,,,,,,,,,,,,,,,,,,,,,,,,0.0,0.0,0.0,0.0,0.0,0.0,0.0,0.0,0.0,,,,,,,,,,,,,,,,,,,,,,,,,,,,,,,,,,,,,,,,,,,2025,0.0,0.0,0.0
4043041,Jaylon Moore,15.0,,,0.0,,,,,,,,,,,,,,,,,,,,,,,,,,,,,,,,,,,,,,,,,,,,,,,,0.0,0.0,0.0,0.0,0.0,0.0,0.0,0.0,0.0,,,,,,,,,,,,,,,,,,,,,,,,,,,,,,,,,,,,,,,,,KC,OT,2025,0.0,0.0,0.0
4040842,Kayode Awosika,13.0,,,0.0,,,,,,,,,,,,,,,,,,,,,,,,,,,,,,,,,,,,,,,,,,,,,,,,0.0,0.0,0.0,0.0,0.0,0.0,0.0,0.0,0.0,,,,,,,,,,,,,,,,,,,,,,,,,,,,,,,,,,,,,,,,,LAC,G,2025,0.0,0.0,0.0
4040778,Brandon Walton,3.0,,,0.0,,,,,,,,,,,,,,,,,,,,,,,,,,,,,,,,,,,,,,,,,,,,,,,,0.0,0.0,0.0,0.0,0.0,0.0,0.0,0.0,0.0,,,,,,,,,,,,,,,,,,,,,,,,,,,,,,,,,,,,,,,,,ATL,OT,2025,0.0,0.0,0.0
4040622,Michael Jordan,11.0,,,0.0,,,,,,,,,,,,,,,,,,,,,,,,,,,,,,,,,,,,,,,,,,,,,,,,0.0,0.0,0.0,0.0,0.0,0.0,0.0,0.0,0.0,,,,,,,,,,,,,,,,,,,,,,,,,,,,,,,,,,,,,,,,,PHI,G,2025,0.0,0.0,0.0
4039243,Josh Sills,3.0,,,0.0,,,,,,,,,,,,,,,,,,,,,,,,,,,,,,,,,,,,,,,,,,,,,,,,0.0,0.0,0.0,0.0,0.0,0.0,0.0,0.0,0.0,,,,,,,,,,,,,,,,,,,,,,,,,,,,,,,,,,,,,,,,,IND,G,2025,0.0,0.0,0.0
4038544,Austin Schlottmann,17.0,,,0.0,,,,,,,,,,,,,,,,,,,,,,,,,,,,,,,,,,,,,,,,,,,,,,,,0.0,0.0,0.0,0.0,0.0,0.0,0.0,0.0,0.0,,,,,,,,,,,,,,,,,,,,,,,,,,,,,,,,,,,,,,,,,TEN,C,2025,0.0,0.0,0.0
4037650,Ben Powers,8.0,,,0.0,,,,,,,,,,,,,,,,,,,,,,,,,,,,,,,,,,,,,,,,,,,,,,,,0.0,0.0,0.0,0.0,0.0,0.0,0.0,0.0,0.0,,,,,,,,,,,,,,,,,,,,,,,,,,,,,,,,,,,,,,,,,DEN,G,2025,0.0,0.0,0.0
4034961,Jawaan Taylor,12.0,,,0.0,,,,,,,,,,,,,,,,,,,,,,,,,,,,,,,,,,,,,,,,,,,,,,,,0.0,0.0,0.0,0.0,0.0,0.0,0.0,0.0,0.0,,,,,,,,,,,,,,,,,,,,,,,,,,,,,,,,,,,,,,,,,ATL,OT,2025,0.0,0.0,0.0
4036135,Alaric Jackson,16.0,,,0.0,,,,,,,,,,,,,,,,,,,,,,,,,,,,,,,,,,,,,,,,,,,,,,,,0.0,0.0,0.0,0.0,0.0,0.0,0.0,0.0,0.0,,,,,,,,,,,,,,,,,,,,,,,,,,,,,,,,,,,,,,,,,LAR,OT,2025,0.0,0.0,0.0
4035870,Jake Curhan,14.0,,,0.0,,,,,,,,,,,,,,,,,,,,,,,,,,,,,,,,,,,,,,,,,,,,,,,,0.0,0.0,0.0,0.0,0.0,0.0,0.0,0.0,0.0,,,,,,,,,,,,,,,,,,,,,,,,,,,,,,,,,,,,,,,,,,,2025,0.0,0.0,0.0
4035798,Isaiahh Loudermilk,2.0,,,0.0,,,,,,,,,,,,,,,,,,,,,,,,,,,,,,,,,,,,,,,,,,,,,,,,0.0,0.0,0.0,0.0,0.0,0.0,0.0,0.0,0.0,,,,,,,,,,,,,,,,,,,,,,,,,,,,,,,,,,,,,,,,,MIN,DT,2025,0.0,0.0,0.0
4035791,Cole Van Lanen,16.0,,,0.0,,,,,,,,,,,,,,,,,,,,,,,,,,,,,,,,,,,,,,,,,,,,,,,,0.0,0.0,0.0,0.0,0.0,0.0,0.0,0.0,0.0,,,,,,,,,,,,,,,,,,,,,,,,,,,,,,,,,,,,,,,,,JAX,OT,2025,0.0,0.0,0.0
4035788,Tyler Biadasz,16.0,,,0.0,,,,,,,,,,,,,,,,,,,,,,,,,,,,,,,,,,,,,,,,,,,,,,,,0.0,0.0,0.0,0.0,0.0,0.0,0.0,0.0,0.0,,,,,,,,,,,,,,,,,,,,,,,,,,,,,,,,,,,,,,,,,LAC,C,2025,0.0,0.0,0.0
4035624,Landon Dickerson,15.0,,,0.0,,,,,,,,,,,,,,,,,,,,,,,,,,,,,,,,,,,,,,,,,,,,,,,,0.0,0.0,0.0,0.0,0.0,0.0,0.0,0.0,0.0,,,,,,,,,,,,,,,,,,,,,,,,,,,,,,,,,,,,,,,,,PHI,G,2025,0.0,0.0,0.0
4035479,John Simpson,17.0,,,0.0,,,,,,,,,,,,,,,,,,,,,,,,,,,,,,,,,,,,,,,,,,,,,,,,0.0,0.0,0.0,0.0,0.0,0.0,0.0,0.0,0.0,,,,,,,,,,,,,,,,,,,,,,,,,,,,,,,,,,,,,,,,,BAL,G,2025,0.0,0.0,0.0
4035448,Lloyd Cushenberry III,15.0,,,0.0,,,,,,,,,,,,,,,,,,,,,,,,,,,,,,,,,,,,,,,,,,,,,,,,0.0,0.0,0.0,0.0,0.0,0.0,0.0,0.0,0.0,,,,,,,,,,,,,,,,,,,,,,,,,,,,,,,,,,,,,,,,,BUF,C,2025,0.0,0.0,0.0
4035253,Ryan McCollum,17.0,,,0.0,,,,,,,,,,,,,,,,,,,,,,,,,,,,,,,,,,,,,,,,,,,,,,,,0.0,0.0,0.0,0.0,0.0,0.0,0.0,0.0,0.0,,,,,,,,,,,,,,,,,,,,,,,,,,,,,,,,,,,,,,,,,PIT,C,2025,0.0,0.0,0.0
4035112,Trystan Colon,12.0,,,0.0,,,,,,,,,,,,,,,,,,,,,,,,,,,,,,,,,,,,,,,,,,,,,,,,0.0,0.0,0.0,0.0,0.0,0.0,0.0,0.0,0.0,,,,,,,,,,,,,,,,,,,,,,,,,,,,,,,,,,,,,,,,,JAX,C,2025,0.0,0.0,0.0
4035002,Ben Cleveland,10.0,,,0.0,,,,,,,,,,,,,,,,,,,,,,,,,,,,,,,,,,,,,,,,,,,,,,,,0.0,0.0,0.0,0.0,0.0,0.0,0.0,0.0,0.0,,,,,,,,,,,,,,,,,,,,,,,,,,,,,,,,,,,,,,,,,LAC,G,2025,0.0,0.0,0.0
4036275,Sean McKeon,1.0,,,0.0,,,,,,,,,,,,,,,,,,,,,,,,,,,,,,,,,,,,,,,,,,,,,,,,0.0,0.0,0.0,0.0,0.0,0.0,0.0,0.0,0.0,,,,,,,,,,,,,,,,,,,,,,,,,,,,,,,,,,,,,,,,,IND,TE,2025,0.0,0.0,0.0
3055886,Matt Pryor,17.0,,,0.0,,,,,,,,,,,,,,,,,,,,,,,,,,,,,,,,,,,,,,,,,,,,,,,,0.0,0.0,0.0,0.0,0.0,0.0,0.0,0.0,0.0,,,,,,,,,,,,,,,,,,,,,,,,,,,,,,,,,,,,,,,,,ARI,OT,2025,0.0,0.0,0.0
3054842,Bradley Bozeman,16.0,,,0.0,,,,,,,,,,,,,,,,,,,,,,,,,,,,,,,,,,,,,,,,,,,,,,,,0.0,0.0,0.0,0.0,0.0,0.0,0.0,0.0,0.0,,,,,,,,,,,,,,,,,,,,,,,,,,,,,,,,,,,,,,,,,,,2025,0.0,0.0,0.0
3052667,Ogbo Okoronkwo,1.0,,,0.0,,,,,,,,,,,,,,,,,,,,,,,,,,,,,,,,,,,,,,,,,,,,,,,,0.0,0.0,0.0,0.0,0.0,0.0,0.0,0.0,0.0,,,,,,,,,,,,,,,,,,,,,,,,,,,,,,,,,,,,,,,,,,,2025,0.0,0.0,0.0
3052180,Coleman Shelton,17.0,,,0.0,,,,,,,,,,,,,,,,,,,,,,,,,,,,,,,,,,,,,,,,,,,,,,,,0.0,0.0,0.0,0.0,0.0,0.0,0.0,0.0,0.0,,,,,,,,,,,,,,,,,,,,,,,,,,,,,,,,,,,,,,,,,LAR,C,2025,0.0,0.0,0.0
3051890,Laremy Tunsil,14.0,,,0.0,,,,,,,,,,,,,,,,,,,,,,,,,,,,,,,,,,,,,,,,,,,,,,,,0.0,0.0,0.0,0.0,0.0,0.0,0.0,0.0,0.0,,,,,,,,,,,,,,,,,,,,,,,,,,,,,,,,,,,,,,,,,WSH,OT,2025,0.0,0.0,0.0
3051324,Dion Dawkins,15.0,,,0.0,,,,,,,,,,,,,,,,,,,,,,,,,,,,,,,,,,,,,,,,,,,,,,,,0.0,0.0,0.0,0.0,0.0,0.0,0.0,0.0,0.0,,,,,,,,,,,,,,,,,,,,,,,,,,,,,,,,,,,,,,,,,BUF,OT,2025,0.0,0.0,0.0
3046435,Dan Skipper,12.0,,,0.0,,,,,,,,,,,,,,,,,,,,,,,,,,,,,,,,,,,,,,,,,,,,,,,,0.0,0.0,0.0,0.0,0.0,0.0,0.0,0.0,0.0,,,,,,,,,,,,,,,,,,,,,,,,,,,,,,,,,,,,,,,,,,,2025,0.0,0.0,0.0
3046326,Tre Flowers,3.0,,,0.0,,,,,,,,,,,,,,,,,,,,,,,,,,,,,,,,,,,,,,,,,,,,,,,,0.0,0.0,0.0,0.0,0.0,0.0,0.0,0.0,0.0,,,,,,,,,,,,,,,,,,,,,,,,,,,,,,,,,,,,,,,,,,,2025,0.0,0.0,0.0
3045251,Anthony Walker Jr.,2.0,,,0.0,,,,,,,,,,,,,,,,,,,,,,,,,,,,,,,,,,,,,,,,,,,,,,,,0.0,0.0,0.0,0.0,0.0,0.0,0.0,0.0,0.0,,,,,,,,,,,,,,,,,,,,,,,,,,,,,,,,,,,,,,,,,,,2025,0.0,0.0,0.0
3043109,Trent Brown,7.0,,,0.0,,,,,,,,,,,,,,,,,,,,,,,,,,,,,,,,,,,,,,,,,,,,,,,,0.0,0.0,0.0,0.0,0.0,0.0,0.0,0.0,0.0,,,,,,,,,,,,,,,,,,,,,,,,,,,,,,,,,,,,,,,,,HOU,OT,2025,0.0,0.0,0.0
3042738,Ethan Pocic,13.0,,,0.0,,,,,,,,,,,,,,,,,,,,,,,,,,,,,,,,,,,,,,,,,,,,,,,,0.0,0.0,0.0,0.0,0.0,0.0,0.0,0.0,0.0,,,,,,,,,,,,,,,,,,,,,,,,,,,,,,,,,,,,,,,,,,,2025,0.0,0.0,0.0
3701582,Chuma Edoga,14.0,,,0.0,,,,,,,,,,,,,,,,,,,,,,,,,,,,,,,,,,,,,,,,,,,,,,,,0.0,0.0,0.0,0.0,0.0,0.0,0.0,0.0,0.0,,,,,,,,,,,,,,,,,,,,,,,,,,,,,,,,,,,,,,,,,JAX,G,2025,0.0,0.0,0.0
3042516,Will Hernandez,7.0,,,0.0,,,,,,,,,,,,,,,,,,,,,,,,,,,,,,,,,,,,,,,,,,,,,,,,0.0,0.0,0.0,0.0,0.0,0.0,0.0,0.0,0.0,,,,,,,,,,,,,,,,,,,,,,,,,,,,,,,,,,,,,,,,,,,2025,0.0,0.0,0.0
2979482,Dan Feeney,12.0,,,0.0,,,,,,,,,,,,,,,,,,,,,,,,,,,,,,,,,,,,,,,,,,,,,,,,0.0,0.0,0.0,0.0,0.0,0.0,0.0,0.0,0.0,,,,,,,,,,,,,,,,,,,,,,,,,,,,,,,,,,,,,,,,,TB,G,2025,0.0,0.0,0.0
2978278,Andrus Peat,6.0,,,0.0,,,,,,,,,,,,,,,,,,,,,,,,,,,,,,,,,,,,,,,,,,,,,,,,0.0,0.0,0.0,0.0,0.0,0.0,0.0,0.0,0.0,,,,,,,,,,,,,,,,,,,,,,,,,,,,,,,,,,,,,,,,,,,2025,0.0,0.0,0.0
2978247,Isaac Seumalo,14.0,,,0.0,,,,,,,,,,,,,,,,,,,,,,,,,,,,,,,,,,,,,,,,,,,,,,,,0.0,0.0,0.0,0.0,0.0,0.0,0.0,0.0,0.0,,,,,,,,,,,,,,,,,,,,,,,,,,,,,,,,,,,,,,,,,ARI,G,2025,0.0,0.0,0.0
2977681,Carlos Watkins,3.0,,,0.0,,,,,,,,,,,,,,,,,,,,,,,,,,,,,,,,,,,,,,,,,,,,,,,,0.0,0.0,0.0,0.0,0.0,0.0,0.0,0.0,0.0,,,,,,,,,,,,,,,,,,,,,,,,,,,,,,,,,,,,,,,,,,,2025,0.0,0.0,0.0
2976549,Reid Ferguson,17.0,,,0.0,,,,,,,,,,,,,,,,,,,,,,,,,,,,,,,,,,,,,,,,,,,,,,,,0.0,0.0,0.0,0.0,0.0,0.0,0.0,0.0,0.0,,,,,,,,,,,,,,,,,,,,,,,,,,,,,,,,,,,,,,,,,BUF,LS,2025,0.0,0.0,0.0
2976292,Taylor Decker,14.0,,,0.0,,,,,,,,,,,,,,,,,,,,,,,,,,,,,,,,,,,,,,,,,,,,,,,,0.0,0.0,0.0,0.0,0.0,0.0,0.0,0.0,0.0,,,,,,,,,,,,,,,,,,,,,,,,,,,,,,,,,,,,,,,,,,,2025,0.0,0.0,0.0
2976117,Daniel Brunskill,16.0,,,0.0,,,,,,,,,,,,,,,,,,,,,,,,,,,,,,,,,,,,,,,,,,,,,,,,0.0,0.0,0.0,0.0,0.0,0.0,0.0,0.0,0.0,,,,,,,,,,,,,,,,,,,,,,,,,,,,,,,,,,,,,,,,,,,2025,0.0,0.0,0.0
2976099,Damontae Kazee,4.0,,,0.0,,,,,,,,,,,,,,,,,,,,,,,,,,,,,,,,,,,,,,,,,,,,,,,,0.0,0.0,0.0,0.0,0.0,0.0,0.0,0.0,0.0,,,,,,,,,,,,,,,,,,,,,,,,,,,,,,,,,,,,,,,,,,,2025,0.0,0.0,0.0
2973637,Corey Levin,17.0,,,0.0,,,,,,,,,,,,,,,,,,,,,,,,,,,,,,,,,,,,,,,,,,,,,,,,0.0,0.0,0.0,0.0,0.0,0.0,0.0,0.0,0.0,,,,,,,,,,,,,,,,,,,,,,,,,,,,,,,,,,,,,,,,,ATL,G,2025,0.0,0.0,0.0
2971048,D.J. Humphries,8.0,,,0.0,,,,,,,,,,,,,,,,,,,,,,,,,,,,,,,,,,,,,,,,,,,,,,,,0.0,0.0,0.0,0.0,0.0,0.0,0.0,0.0,0.0,,,,,,,,,,,,,,,,,,,,,,,,,,,,,,,,,,,,,,,,,,,2025,0.0,0.0,0.0
3042702,Andrew Wylie,16.0,,,0.0,,,,,,,,,,,,,,,,,,,,,,,,,,,,,,,,,,,,,,,,,,,,,,,,0.0,0.0,0.0,0.0,0.0,0.0,0.0,0.0,0.0,,,,,,,,,,,,,,,,,,,,,,,,,,,,,,,,,,,,,,,,,WSH,G,2025,0.0,0.0,0.0
3134312,Kolton Miller,4.0,,,0.0,,,,,,,,,,,,,,,,,,,,,,,,,,,,,,,,,,,,,,,,,,,,,,,,0.0,0.0,0.0,0.0,0.0,0.0,0.0,0.0,0.0,,,,,,,,,,,,,,,,,,,,,,,,,,,,,,,,,,,,,,,,,LV,OT,2025,0.0,0.0,0.0
3131498,Tytus Howard,16.0,,,0.0,,,,,,,,,,,,,,,,,,,,,,,,,,,,,,,,,,,,,,,,,,,,,,,,0.0,0.0,0.0,0.0,0.0,0.0,0.0,0.0,0.0,,,,,,,,,,,,,,,,,,,,,,,,,,,,,,,,,,,,,,,,,CLE,OT,2025,0.0,0.0,0.0
3129473,Chukwuma Okorafor,14.0,,,0.0,,,,,,,,,,,,,,,,,,,,,,,,,,,,,,,,,,,,,,,,,,,,,,,,0.0,0.0,0.0,0.0,0.0,0.0,0.0,0.0,0.0,,,,,,,,,,,,,,,,,,,,,,,,,,,,,,,,,,,,,,,,,NYJ,OT,2025,0.0,0.0,0.0
3129308,Quenton Nelson,17.0,,,0.0,,,,,,,,,,,,,,,,,,,,,,,,,,,,,,,,,,,,,,,,,,,,,,,,0.0,0.0,0.0,0.0,0.0,0.0,0.0,0.0,0.0,,,,,,,,,,,,,,,,,,,,,,,,,,,,,,,,,,,,,,,,,IND,G,2025,0.0,0.0,0.0
3129307,Sam Mustipher,1.0,,,0.0,,,,,,,,,,,,,,,,,,,,,,,,,,,,,,,,,,,,,,,,,,,,,,,,0.0,0.0,0.0,0.0,0.0,0.0,0.0,0.0,0.0,,,,,,,,,,,,,,,,,,,,,,,,,,,,,,,,,,,,,,,,,,,2025,0.0,0.0,0.0
3129116,Brett Toth,17.0,,,0.0,,,,,,,,,,,,,,,,,,,,,,,,,,,,,,,,,,,,,,,,,,,,,,,,0.0,0.0,0.0,0.0,0.0,0.0,0.0,0.0,0.0,,,,,,,,,,,,,,,,,,,,,,,,,,,,,,,,,,,,,,,,,SF,C,2025,0.0,0.0,0.0
3124702,Nik Needham,1.0,,,0.0,,,,,,,,,,,,,,,,,,,,,,,,,,,,,,,,,,,,,,,,,,,,,,,,0.0,0.0,0.0,0.0,0.0,0.0,0.0,0.0,0.0,,,,,,,,,,,,,,,,,,,,,,,,,,,,,,,,,,,,,,,,,,,2025,0.0,0.0,0.0
3124067,Terrell Edmunds,1.0,,,0.0,,,,,,,,,,,,,,,,,,,,,,,,,,,,,,,,,,,,,,,,,,,,,,,,0.0,0.0,0.0,0.0,0.0,0.0,0.0,0.0,0.0,,,,,,,,,,,,,,,,,,,,,,,,,,,,,,,,,,,,,,,,,,,2025,0.0,0.0,0.0
3123954,Brian O'Neill,14.0,,,0.0,,,,,,,,,,,,,,,,,,,,,,,,,,,,,,,,,,,,,,,,,,,,,,,,0.0,0.0,0.0,0.0,0.0,0.0,0.0,0.0,0.0,,,,,,,,,,,,,,,,,,,,,,,,,,,,,,,,,,,,,,,,,MIN,OT,2025,0.0,0.0,0.0
3123867,Calvin Anderson,9.0,,,0.0,,,,,,,,,,,,,,,,,,,,,,,,,,,,,,,,,,,,,,,,,,,,,,,,0.0,0.0,0.0,0.0,0.0,0.0,0.0,0.0,0.0,,,,,,,,,,,,,,,,,,,,,,,,,,,,,,,,,,,,,,,,,,,2025,0.0,0.0,0.0
3123303,Trent Scott,8.0,,,0.0,,,,,,,,,,,,,,,,,,,,,,,,,,,,,,,,,,,,,,,,,,,,,,,,0.0,0.0,0.0,0.0,0.0,0.0,0.0,0.0,0.0,,,,,,,,,,,,,,,,,,,,,,,,,,,,,,,,,,,,,,,,,WSH,OT,2025,0.0,0.0,0.0
3059620,Morgan Fox,1.0,,,0.0,,,,,,,,,,,,,,,,,,,,,,,,,,,,,,,,,,,,,,,,,,,,,,,,0.0,0.0,0.0,0.0,0.0,0.0,0.0,0.0,0.0,,,,,,,,,,,,,,,,,,,,,,,,,,,,,,,,,,,,,,,,,,,2025,0.0,0.0,0.0
3121656,David Sharpe,1.0,,,0.0,,,,,,,,,,,,,,,,,,,,,,,,,,,,,,,,,,,,,,,,,,,,,,,,0.0,0.0,0.0,0.0,0.0,0.0,0.0,0.0,0.0,,,,,,,,,,,,,,,,,,,,,,,,,,,,,,,,,,,,,,,,,,,2025,0.0,0.0,0.0
3121595,Braden Smith,13.0,,,0.0,,,,,,,,,,,,,,,,,,,,,,,,,,,,,,,,,,,,,,,,,,,,,,,,0.0,0.0,0.0,0.0,0.0,0.0,0.0,0.0,0.0,,,,,,,,,,,,,,,,,,,,,,,,,,,,,,,,,,,,,,,,,HOU,OT,2025,0.0,0.0,0.0
3121541,Michael Deiter,2.0,,,0.0,,,,,,,,,,,,,,,,,,,,,,,,,,,,,,,,,,,,,,,,,,,,,,,,0.0,0.0,0.0,0.0,0.0,0.0,0.0,0.0,0.0,,,,,,,,,,,,,,,,,,,,,,,,,,,,,,,,,,,,,,,,,DEN,C,2025,0.0,0.0,0.0
3120502,Olisaemeka Udoh,17.0,,,0.0,,,,,,,,,,,,,,,,,,,,,,,,,,,,,,,,,,,,,,,,,,,,,,,,0.0,0.0,0.0,0.0,0.0,0.0,0.0,0.0,0.0,,,,,,,,,,,,,,,,,,,,,,,,,,,,,,,,,,,,,,,,,ARI,OT,2025,0.0,0.0,0.0
3117135,Keion Crossen,1.0,,,0.0,,,,,,,,,,,,,,,,,,,,,,,,,,,,,,,,,,,,,,,,,,,,,,,,0.0,0.0,0.0,0.0,0.0,0.0,0.0,0.0,0.0,,,,,,,,,,,,,,,,,,,,,,,,,,,,,,,,,,,,,,,,,,,2025,0.0,0.0,0.0
3116135,Blake Hance,4.0,,,0.0,,,,,,,,,,,,,,,,,,,,,,,,,,,,,,,,,,,,,,,,,,,,,,,,0.0,0.0,0.0,0.0,0.0,0.0,0.0,0.0,0.0,,,,,,,,,,,,,,,,,,,,,,,,,,,,,,,,,,,,,,,,,,,2025,0.0,0.0,0.0
3115922,Nick Allegretti,16.0,,,0.0,,,,,,,,,,,,,,,,,,,,,,,,,,,,,,,,,,,,,,,,,,,,,,,,0.0,0.0,0.0,0.0,0.0,0.0,0.0,0.0,0.0,,,,,,,,,,,,,,,,,,,,,,,,,,,,,,,,,,,,,,,,,WSH,G,2025,0.0,0.0,0.0
3115485,Elgton Jenkins,9.0,,,0.0,,,,,,,,,,,,,,,,,,,,,,,,,,,,,,,,,,,,,,,,,,,,,,,,0.0,0.0,0.0,0.0,0.0,0.0,0.0,0.0,0.0,,,,,,,,,,,,,,,,,,,,,,,,,,,,,,,,,,,,,,,,,CLE,C,2025,0.0,0.0,0.0
3115378,Russell Gage Jr.,1.0,,,0.0,,,,,,,,,,,,,,,,,,,,,,,,,,,,,,,,,,,,,,,,,,,,,,,,0.0,0.0,0.0,0.0,0.0,0.0,0.0,0.0,0.0,,,,,,,,,,,,,,,,,,,,,,,,,,,,,,,,,,,,,,,,,,,2025,0.0,0.0,0.0
3115313,Cam Robinson,16.0,,,0.0,,,,,,,,,,,,,,,,,,,,,,,,,,,,,,,,,,,,,,,,,,,,,,,,0.0,0.0,0.0,0.0,0.0,0.0,0.0,0.0,0.0,,,,,,,,,,,,,,,,,,,,,,,,,,,,,,,,,,,,,,,,,,,2025,0.0,0.0,0.0
3065813,Zach Triner,1.0,,,0.0,,,,,,,,,,,,,,,,,,,,,,,,,,,,,,,,,,,,,,,,,,,,,,,,0.0,0.0,0.0,0.0,0.0,0.0,0.0,0.0,0.0,,,,,,,,,,,,,,,,,,,,,,,,,,,,,,,,,,,,,,,,,,,2025,0.0,0.0,0.0
3122976,Jeff Wilson Jr.,3.0,,,0.0,,,,,,,,,,,,,,,,,,,,,,,,,,,,,,,,,,,,,,,,,,,,,,,,0.0,0.0,0.0,0.0,0.0,0.0,0.0,0.0,0.0,,,,,,,,,,,,,,,,,,,,,,,,,,,,,,,,,,,,,,,,,,,2025,0.0,0.0,0.0
3122930,Derrick Nnadi,15.0,0.0,0.0,0.0,,,,,,,,,,,,,,,,,,,,,,,,,,,,,,,,,,,,,10.0,6.0,16.0,0.0,0.0,0.0,0.0,0.0,0.0,0.0,0.0,0.0,0.0,0.0,0.0,0.0,0.0,0.0,0.0,0.0,,,,,,,,,,,,,,,,,,,,,,,,,,,,,,,,,,,,,,,,,IND,DT,2025,0.0,0.0,0.0
3122906,Darius Harris,3.0,0.0,0.0,0.0,,,,,,,,,,,,,,,,,,,,,,,,,,,,,,,,,,,,,2.0,2.0,4.0,0.0,0.0,0.0,0.0,0.0,0.0,0.0,0.0,0.0,0.0,0.0,0.0,0.0,0.0,0.0,0.0,0.0,,,,,,,,,,,,,,,,,,,,,,,,,,,,,,,,,,,,,,,,,,,2025,0.0,0.0,0.0
3122882,Marcus Williams,3.0,0.0,0.0,0.0,,,,,,,,,,,,,,,,,,,,,,,,,,,,,,,,,,,,,7.0,3.0,10.0,0.0,0.0,0.0,0.0,0.0,0.0,0.0,0.0,,,,,,,,,,,,,,,,,,,,,,,,,,,,,,,,,,,,,,,,,,,,,,,,,,,,2025,0.0,0.0,0.0
3122797,Isaac Yiadom,14.0,0.0,0.0,0.0,,,,,,,,,,,,,,,,,,,,,,,,,,,,,,,,,,,,,19.0,7.0,26.0,0.0,0.0,1.0,0.0,0.0,0.0,0.0,0.0,0.0,0.0,0.0,0.0,0.0,0.0,0.0,0.0,0.0,,,,,,,,,,,,,,,,,,,,,,,,,,,,,,,,,,,,,,,,,NO,CB,2025,0.0,0.0,0.0
3122793,Harold Landry III,15.0,1.0,0.0,0.0,,,,,,,,,,,,,,,,,,,,,,,,,,,,,,,,,,,,,27.0,22.0,49.0,8.5,50.0,10.0,0.0,0.0,0.0,0.0,0.0,0.0,0.0,0.0,0.0,0.0,0.0,0.0,0.0,0.0,,,,,,,,,,,,,,,,,,,,,,,,,,,,,,,,,,,,,,,,,NE,LB,2025,0.0,0.0,0.0
3122752,Kenny Clark,17.0,0.0,0.0,0.0,,,,,,,,,,,,,,,,,,,,,,,,,,,,,,,,,,,,,17.0,19.0,36.0,3.0,24.0,6.0,0.0,0.0,0.0,0.0,0.0,0.0,0.0,0.0,0.0,0.0,0.0,0.0,0.0,0.0,,,,,,,,,,,,,,,,,,,,,,,,,,,,,,,,,,,,,,,,,DAL,DT,2025,0.0,0.0,0.0
3122630,Ahkello Witherspoon,6.0,0.0,0.0,0.0,,,,,,,,,,,,,,,,,,,,,,,,,,,,,,,,,,,,,6.0,2.0,8.0,0.0,0.0,0.0,2.0,0.0,1.0,0.0,0.0,0.0,0.0,0.0,0.0,0.0,0.0,0.0,0.0,0.0,,,,,,,,,,,,,,,,,,,,,,,,,,,,,,,,,,,,,,,,,WSH,CB,2025,0.0,0.0,0.0
3122135,Donovan Wilson,15.0,1.0,0.0,0.0,,,,,,,,,,,,,,,,,,,,,,,,,,,,,,,,,,,,,39.0,32.0,71.0,0.0,0.0,3.0,5.0,21.0,2.0,21.0,0.0,,,,,,,,,,,,,,,,,,,,,,,,,,,,,,,,,,,,,,,,,,,,,,,,,,,,2025,0.0,0.0,0.0
3122132,Myles Garrett,17.0,3.0,0.0,0.0,,,,,,,,,,,,,,,,,,,,,,,,,,,,,,,,,,,,,43.0,17.0,60.0,23.0,165.0,33.0,1.0,0.0,0.0,0.0,0.0,,,,,,,,,,,,,,,,,,,,,,,,,,,,,,,,,,,,,,,,,,,,,,,,,,LAR,DE,2025,0.0,0.0,0.0
3121634,Khalen Saunders,9.0,0.0,0.0,0.0,,,,,,,,,,,,,,,,,,,,,,,,,,,,,,,,,,,,,5.0,7.0,12.0,1.0,1.0,1.0,0.0,0.0,0.0,0.0,0.0,0.0,0.0,0.0,0.0,0.0,0.0,0.0,0.0,0.0,,,,,,,,,,,,,,,,,,,,,,,,,,,,,,,,,,,,,,,,,,,2025,0.0,0.0,0.0
3121544,T.J. Edwards,10.0,0.0,0.0,0.0,,,,,,,,,,,,,,,,,,,,,,,,,,,,,,,,,,,,,33.0,34.0,67.0,0.5,0.0,2.0,5.0,34.0,1.0,34.0,1.0,,,,,,,,,,,,,,,,,,,,,,,,,,,,,,,,,,,,,,,,,,,,,,,,,,CHI,LB,2025,0.0,0.0,0.0
4241720,Marcus Jones,17.0,0.0,1.0,0.0,0.0,0.0,0.0,0.0,0.0,0.0,0.0,0.0,0.0,0.0,0.0,,39.58300018310547,,0.0,0.0,0.0,0.0,0.0,0.0,0.0,0.0,0.0,0.0,0.0,0.0,0.0,0.0,0.0,0.0,0.0,0.0,0.0,0.0,0.0,0.0,47.0,18.0,65.0,2.0,9.0,8.0,11.0,33.0,3.0,65.0,1.0,,,,,,,,,,0.0,0.0,0.0,0.0,0.0,21.0,363.0,17.285715103149414,94.0,2.0,18.0,,,,,,,,,,,,,,,,,,,,,,,,,,,,,,NE,CB,2025,0.0,0.0,0.0
3121415,Malik Hooker,12.0,0.0,0.0,0.0,,,,,,,,,,,,,,,,,,,,,,,,,,,,,,,,,,,,,28.0,24.0,52.0,0.0,0.0,2.0,1.0,0.0,0.0,0.0,0.0,,,,,,,,,,,,,,,,,,,,,,,,,,,,,,,,,,,,,,,,,,,,,,,,,,DAL,S,2025,0.0,0.0,0.0
3121414,Jalyn Holmes,10.0,0.0,0.0,0.0,,,,,,,,,,,,,,,,,,,,,,,,,,,,,,,,,,,,,5.0,16.0,21.0,0.0,0.0,0.0,0.0,0.0,0.0,0.0,0.0,0.0,0.0,0.0,0.0,0.0,0.0,0.0,0.0,0.0,,,,,,,,,,,,,,,,,,,,,,,,,,,,,,,,,,,,,,,,,TEN,DE,2025,0.0,0.0,0.0
3121410,Parris Campbell,1.0,0.0,0.0,0.0,,,,,,,,,,,,,,,,,,,,,,,,,,,,,,,,,,,,,0.0,1.0,1.0,0.0,0.0,0.0,0.0,0.0,0.0,0.0,0.0,,,,,,,,,,,,,,,,,,,,,,,,,,,,,,,,,,,,,,,,,,,,,,,,,,,,2025,0.0,0.0,0.0
3121003,Taron Johnson,13.0,0.0,0.0,0.0,,,,,,,,,,,,,,,,,,,,,,,,,,,,,,,,,,,,,34.0,23.0,57.0,0.0,0.0,1.0,4.0,0.0,0.0,0.0,0.0,,,,,,,,,,,,,,,,,,,,,,,,,,,,,,,,,,,,,,,,,,,,,,,,,,LV,CB,2025,0.0,0.0,0.0
3120464,John Franklin-Myers,16.0,0.0,0.0,0.0,,,,,,,,,,,,,,,,,,,,,,,,,,,,,,,,,,,,,12.0,13.0,25.0,7.5,35.5,6.0,0.0,0.0,0.0,0.0,0.0,0.0,0.0,0.0,0.0,0.0,0.0,0.0,0.0,0.0,,,,,,,,,,,,,,,,,,,,,,,,,,,,,,,,,,,,,,,,,TEN,DE,2025,0.0,0.0,0.0
3120358,Uchenna Nwosu,16.0,0.0,0.0,0.0,,,,,,,,,,,,,,,,,,,,,,,,,,,,,,,,,,,,,17.0,18.0,35.0,7.0,54.5,7.0,3.0,0.0,0.0,0.0,0.0,0.0,0.0,0.0,0.0,0.0,0.0,0.0,0.0,0.0,,,,,,,,,,,,,,,,,,,,,,,,,,,,,,,,,,,,,,,,,SEA,LB,2025,0.0,0.0,0.0
3120347,Adoree' Jackson,14.0,0.0,0.0,0.0,,,,,,,,,,,,,,,,,,,,,,,,,,,,,,,,,,,,,40.0,15.0,55.0,0.0,0.0,0.0,11.0,1.0,1.0,1.0,0.0,0.0,0.0,0.0,0.0,0.0,0.0,0.0,0.0,0.0,,,,,,,,,,,,,,,,,,,,,,,,,,,,,,,,,,,,,,,,,,,2025,0.0,0.0,0.0
3117922,Bilal Nichols,4.0,0.0,0.0,0.0,,,,,,,,,,,,,,,,,,,,,,,,,,,,,,,,,,,,,0.0,3.0,3.0,0.0,0.0,0.0,0.0,0.0,0.0,0.0,0.0,0.0,0.0,0.0,0.0,0.0,0.0,0.0,0.0,0.0,,,,,,,,,,,,,,,,,,,,,,,,,,,,,,,,,,,,,,,,,,,2025,0.0,0.0,0.0
3117258,Solomon Thomas,16.0,0.0,0.0,0.0,,,,,,,,,,,,,,,,,,,,,,,,,,,,,,,,,,,,,10.0,17.0,27.0,0.0,0.0,3.0,1.0,0.0,0.0,0.0,0.0,0.0,0.0,0.0,0.0,0.0,0.0,0.0,0.0,0.0,,,,,,,,,,,,,,,,,,,,,,,,,,,,,,,,,,,,,,,,,TEN,DT,2025,0.0,0.0,0.0
3117255,Harrison Phillips,17.0,1.0,0.0,0.0,,,,,,,,,,,,,,,,,,,,,,,,,,,,,,,,,,,,,22.0,38.0,60.0,0.5,4.0,5.0,2.0,0.0,0.0,0.0,0.0,,,,,,,,,,,,,,,,,,,,,,,,,,,,,,,,,,,,,,,,,,,,,,,,,,NYJ,DT,2025,0.0,0.0,0.0
3117253,Bobby Okereke,17.0,0.0,1.0,0.0,,,,,,,,,,,,,,,,,,,,,,,,,,,,,,,,,,,,,78.0,65.0,143.0,1.0,0.0,2.0,6.0,47.0,2.0,54.0,0.0,,,,,,,,,,,,,,,,,,,,,,,,,,,,,,,,,,,,,,,,,,,,,,,,,,,,2025,0.0,0.0,0.0
3116748,B.J. Hill,17.0,0.0,0.0,0.0,,,,,,,,,,,,,,,,,,,,,,,,,,,,,,,,,,,,,29.0,37.0,66.0,4.0,32.0,5.0,0.0,0.0,0.0,0.0,0.0,,,,,,,,,,,,,,,,,,,,,,,,,,,,,,,,,,,,,,,,,,,,,,,,,,CIN,DT,2025,0.0,0.0,0.0
3121421,Marshon Lattimore,9.0,0.0,1.0,0.0,,,,,,,,,,,,,,,,,,,,,,,,,,,,,,,,,,,,,16.0,11.0,27.0,0.0,0.0,1.0,7.0,0.0,1.0,0.0,0.0,,,,,,,,,,,,,,,,,,,,,,,,,,,,,,,,,,,,,,,,,,,,,,,,,,,,2025,0.0,0.0,0.0
3138826,Fred Warner,6.0,2.0,1.0,0.0,,,,,,,,,,,,,,,,,,,,,,,,,,,,,,,,,,,,,28.0,23.0,51.0,0.0,0.0,2.0,3.0,0.0,0.0,0.0,0.0,,,,,,,,,,,,,,,,,,,,,,,,,,,,,,,,,,,,,,,,,,,,,,,,,,SF,LB,2025,0.0,0.0,0.0
3138764,Jacob Martin,17.0,1.0,0.0,0.0,,,,,,,,,,,,,,,,,,,,,,,,,,,,,,,,,,,,,17.0,22.0,39.0,5.5,31.5,3.0,1.0,0.0,0.0,0.0,0.0,,,,,,,,,,,,,,,,,,,,,,,,,,,,,,,,,,,,,,,,,,,,,,,,,,TEN,DE,2025,0.0,0.0,0.0
3134690,Montez Sweat,17.0,3.0,1.0,0.0,,,,,,,,,,,,,,,,,,,,,,,,,,,,,,,,,,,,,36.0,17.0,53.0,10.0,55.5,13.0,5.0,0.0,0.0,0.0,0.0,,,,,,,,,,,,,,,,,,,,,,,,,,,,,,,,,,,,,,,,,,,,,,,,,,CHI,DE,2025,0.0,0.0,0.0
3134362,Vita Vea,17.0,0.0,1.0,0.0,,,,,,,,,,,,,,,,,,,,,,,,,,,,,,,,,,,,,16.0,18.0,34.0,4.5,38.0,7.0,2.0,0.0,0.0,0.0,0.0,0.0,0.0,0.0,0.0,0.0,0.0,0.0,0.0,0.0,,,,,,,,,,,,,,,,,,,,,,,,,,,,,,,,,,,,,,,,,TB,DT,2025,0.0,0.0,0.0
3134316,Matt Dickerson,8.0,0.0,0.0,0.0,,,,,,,,,,,,,,,,,,,,,,,,,,,,,,,,,,,,,2.0,8.0,10.0,0.0,0.0,1.0,1.0,0.0,0.0,0.0,0.0,0.0,0.0,0.0,0.0,0.0,0.0,0.0,0.0,0.0,,,,,,,,,,,,,,,,,,,,,,,,,,,,,,,,,,,,,,,,,JAX,DE,2025,0.0,0.0,0.0
3133487,Andrew Van Ginkel,12.0,0.0,2.0,0.0,,,,,,,,,,,,,,,,,,,,,,,,,,,,,,,,,,,,,28.0,26.0,54.0,7.0,45.5,11.0,10.0,40.0,1.0,40.0,0.0,,,,,,,,,,,,,,,,,,,,,,,,,,,,,,,,,,,,,,,,,,,,,,,,,,MIN,LB,2025,0.0,0.0,0.0
3129446,Robert Spillane,13.0,1.0,0.0,0.0,,,,,,,,,,,,,,,,,,,,,,,,,,,,,,,,,,,,,48.0,49.0,97.0,1.0,0.0,4.0,5.0,37.0,2.0,70.0,0.0,,,,,,,,,,,,,,,,,,,,,,,,,,,,,,,,,,,,,,,,,,,,,,,,,,NE,LB,2025,0.0,0.0,0.0
3129310,Drue Tranquill,17.0,1.0,1.0,0.0,,,,,,,,,,,,,,,,,,,,,,,,,,,,,,,,,,,,,55.0,48.0,103.0,2.0,13.0,10.0,1.0,0.0,0.0,0.0,0.0,,,,,,,,,,,,,,,,,,,,,,,,,,,,,,,,,,,,,,,,,,,,,,,,,,KC,LB,2025,0.0,0.0,0.0
3128630,Chris Lammons,10.0,0.0,0.0,0.0,,,,,,,,,,,,,,,,,,,,,,,,,,,,,,,,,,,,,14.0,3.0,17.0,0.0,0.0,1.0,3.0,0.0,1.0,0.0,0.0,0.0,0.0,0.0,0.0,0.0,0.0,0.0,0.0,0.0,,,,,,,,,,,,,,,,,,,,,,,,,,,,,,,,,,,,,,,,,,,2025,0.0,0.0,0.0
3128412,Evan Brown,11.0,0.0,0.0,0.0,,,,,,,,,,,,,,,,,,,,,,,,,,,,,,,,,,,,,1.0,0.0,1.0,0.0,0.0,0.0,0.0,0.0,0.0,0.0,0.0,0.0,0.0,0.0,0.0,0.0,0.0,0.0,0.0,0.0,,,,,,,,,,,,,,,,,,,,,,,,,,,,,,,,,,,,,,,,,HOU,G,2025,0.0,0.0,0.0
3128303,Josh Woods,12.0,0.0,0.0,0.0,,,,,,,,,,,,,,,,,,,,,,,,,,,,,,,,,,,,,8.0,6.0,14.0,0.0,0.0,0.0,0.0,0.0,0.0,0.0,0.0,0.0,0.0,0.0,0.0,0.0,0.0,0.0,0.0,0.0,,,,,,,,,,,,,,,,,,,,,,,,,,,,,,,,,,,,,,,,,,,2025,0.0,0.0,0.0
3123938,Avonte Maddox,14.0,1.0,0.0,0.0,,,,,,,,,,,,,,,,,,,,,,,,,,,,,,,,,,,,,23.0,9.0,32.0,0.0,0.0,1.0,4.0,0.0,1.0,0.0,0.0,0.0,0.0,0.0,0.0,0.0,0.0,0.0,0.0,0.0,,,,,,,,,,,,,,,,,,,,,,,,,,,,,,,,,,,,,,,,,DET,DB,2025,0.0,0.0,0.0
3127287,Budda Baker,16.0,0.0,1.0,0.0,,,,,,,,,,,,,,,,,,,,,,,,,,,,,,,,,,,,,57.0,63.0,120.0,0.5,3.0,4.0,5.0,0.0,1.0,0.0,0.0,,,,,,,,,,,,,,,,,,,,,,,,,,,,,,,,,,,,,,,,,,,,,,,,,,ARI,S,2025,0.0,0.0,0.0
3127273,Frankie Luvu,17.0,2.0,0.0,0.0,,,,,,,,,,,,,,,,,,,,,,,,,,,,,,,,,,,,,42.0,44.0,86.0,3.0,19.0,5.0,6.0,0.0,0.0,0.0,0.0,,,,,,,,,,,,,,,,,,,,,,,,,,,,,,,,,,,,,,,,,,,,,,,,,,WSH,LB,2025,0.0,0.0,0.0
3126356,Marlon Humphrey,15.0,2.0,1.0,0.0,,,,,,,,,,,,,,,,,,,,,,,,,,,,,,,,,,,,,53.0,15.0,68.0,1.0,7.0,3.0,13.0,27.0,4.0,54.0,0.0,,,,,,,,,,,,,,,,,,,,,,,,,,,,,,,,,,,,,,,,,,,,,,,,,,BAL,CB,2025,0.0,0.0,0.0
3125356,Jalen Davis,7.0,1.0,0.0,0.0,,,,,,,,,,,,,,,,,,,,,,,,,,,,,,,,,,,,,7.0,13.0,20.0,1.0,9.0,2.0,1.0,0.0,1.0,0.0,0.0,0.0,0.0,0.0,0.0,0.0,0.0,0.0,0.0,0.0,,,,,,,,,,,,,,,,,,,,,,,,,,,,,,,,,,,,,,,,,CIN,CB,2025,0.0,0.0,0.0
3125248,Jeremy Reaves,17.0,0.0,0.0,0.0,,,,,,,,,,,,,,,,,,,,,,,,,,,,,,,,,,,,,57.0,34.0,91.0,1.0,2.0,5.0,7.0,28.0,1.0,28.0,0.0,,,,,,,,,,,,,,,,,,,,,,,,,,,,,,,,,,,,,,,,,,,,,,,,,,WSH,S,2025,0.0,0.0,0.0
3125114,Poona Ford,17.0,0.0,0.0,0.0,,,,,,,,,,,,,,,,,,,,,,,,,,,,,,,,,,,,,19.0,28.0,47.0,2.0,16.0,4.0,1.0,0.0,0.0,0.0,0.0,0.0,0.0,0.0,0.0,0.0,0.0,0.0,0.0,0.0,,,,,,,,,,,,,,,,,,,,,,,,,,,,,,,,,,,,,,,,,LAR,DT,2025,0.0,0.0,0.0
3125082,Dalton Risner,14.0,0.0,0.0,0.0,,,,,,,,,,,,,,,,,,,,,,,,,,,,,,,,,,,,,1.0,0.0,1.0,0.0,0.0,0.0,0.0,0.0,0.0,0.0,0.0,0.0,0.0,0.0,0.0,0.0,0.0,0.0,0.0,0.0,,,,,,,,,,,,,,,,,,,,,,,,,,,,,,,,,,,,,,,,,CIN,G,2025,0.0,0.0,0.0
3124890,Kaden Elliss,17.0,1.0,0.0,0.0,,,,,,,,,,,,,,,,,,,,,,,,,,,,,,,,,,,,,59.0,48.0,107.0,3.5,21.0,10.0,6.0,16.0,1.0,16.0,0.0,,,,,,,,,,,,,,,,,,,,,,,,,,,,,,,,,,,,,,,,,,,,,,,,,,NO,LB,2025,0.0,0.0,0.0
3124587,Jahlani Tavai,12.0,1.0,0.0,0.0,,,,,,,,,,,,,,,,,,,,,,,,,,,,,,,,,,,,,21.0,21.0,42.0,0.0,0.0,4.0,0.0,0.0,0.0,0.0,0.0,,,,,,,,,,,,,,,,,,,,,,,,,,,,,,,,,,,,,,,,,,,,,,,,,,,,2025,0.0,0.0,0.0
3124058,Marcus Davenport,8.0,0.0,0.0,0.0,,,,,,,,,,,,,,,,,,,,,,,,,,,,,,,,,,,,,6.0,8.0,14.0,1.0,8.0,1.0,0.0,0.0,0.0,0.0,0.0,0.0,0.0,0.0,0.0,0.0,0.0,0.0,0.0,0.0,,,,,,,,,,,,,,,,,,,,,,,,,,,,,,,,,,,,,,,,,,,2025,0.0,0.0,0.0
3124005,Zaire Franklin,17.0,1.0,0.0,0.0,,,,,,,,,,,,,,,,,,,,,,,,,,,,,,,,,,,,,62.0,63.0,125.0,2.0,26.0,7.0,5.0,0.0,0.0,0.0,0.0,,,,,,,,,,,,,,,,,,,,,,,,,,,,,,,,,,,,,,,,,,,,,,,,,,GB,LB,2025,0.0,0.0,0.0
3123963,Cornell Armstrong,3.0,0.0,0.0,0.0,,,,,,,,,,,,,,,,,,,,,,,,,,,,,,,,,,,,,1.0,1.0,2.0,0.0,0.0,0.0,0.0,0.0,0.0,0.0,0.0,0.0,0.0,0.0,0.0,0.0,0.0,0.0,0.0,0.0,,,,,,,,,,,,,,,,,,,,,,,,,,,,,,,,,,,,,,,,,,,2025,0.0,0.0,0.0
3127294,Greg Gaines,17.0,0.0,0.0,0.0,,,,,,,,,,,,,,,,,,,,,,,,,,,,,,,,,,,,,12.0,11.0,23.0,2.0,11.0,3.0,0.0,0.0,0.0,0.0,0.0,0.0,0.0,0.0,0.0,0.0,0.0,0.0,0.0,0.0,,,,,,,,,,,,,,,,,,,,,,,,,,,,,,,,,,,,,,,,,,,2025,0.0,0.0,0.0
3059880,Neville Hewitt,15.0,0.0,0.0,0.0,,,,,,,,,,,,,,,,,,,,,,,,,,,,,,,,,,,,,5.0,7.0,12.0,0.0,0.0,0.0,0.0,0.0,0.0,0.0,0.0,0.0,0.0,0.0,0.0,0.0,0.0,0.0,0.0,0.0,,,,,,,,,,,,,,,,,,,,,,,,,,,,,,,,,,,,,,,,,,,2025,0.0,0.0,0.0
3059839,Elijah Wilkinson,17.0,0.0,0.0,0.0,,,,,,,,,,,,,,,,,,,,,,,,,,,,,,,,,,,,,0.0,2.0,2.0,0.0,0.0,0.0,0.0,0.0,0.0,0.0,0.0,0.0,0.0,0.0,0.0,0.0,0.0,0.0,0.0,0.0,,,,,,,,,,,,,,,,,,,,,,,,,,,,,,,,,,,,,,,,,ARI,OT,2025,0.0,0.0,0.0
3057956,Zach Sieler,17.0,0.0,1.0,0.0,,,,,,,,,,,,,,,,,,,,,,,,,,,,,,,,,,,,,29.0,18.0,47.0,5.5,29.0,10.0,1.0,0.0,0.0,0.0,0.0,,,,,,,,,,,,,,,,,,,,,,,,,,,,,,,,,,,,,,,,,,,,,,,,,,MIA,DT,2025,0.0,0.0,0.0
3057524,Siran Neal,17.0,0.0,0.0,0.0,,,,,,,,,,,,,,,,,,,,,,,,,,,,,,,,,,,,,6.0,11.0,17.0,0.0,0.0,0.0,0.0,0.0,0.0,0.0,0.0,0.0,0.0,0.0,0.0,0.0,0.0,0.0,0.0,0.0,,,,,,,,,,,,,,,,,,,,,,,,,,,,,,,,,,,,,,,,,SF,CB,2025,0.0,0.0,0.0
3056916,Eric Wilson,17.0,4.0,0.0,0.0,,,,,,,,,,,,,,,,,,,,,,,,,,,,,,,,,,,,,60.0,55.0,115.0,6.5,50.0,17.0,0.0,0.0,0.0,0.0,0.0,,,,,,,,,,,,,,,,,,,,,,,,,,,,,,,,,,,,,,,,,,,,,,,,,,MIN,LB,2025,0.0,0.0,0.0
3056354,Antonio Hamilton Sr.,15.0,0.0,0.0,0.0,,,,,,,,,,,,,,,,,,,,,,,,,,,,,,,,,,,,,12.0,6.0,18.0,0.0,0.0,0.0,2.0,0.0,0.0,0.0,0.0,0.0,0.0,0.0,0.0,0.0,0.0,0.0,0.0,0.0,,,,,,,,,,,,,,,,,,,,,,,,,,,,,,,,,,,,,,,,,WSH,CB,2025,0.0,0.0,0.0
3054840,Jonathan Allen,17.0,0.0,1.0,0.0,,,,,,,,,,,,,,,,,,,,,,,,,,,,,,,,,,,,,29.0,39.0,68.0,3.5,22.5,7.0,0.0,0.0,0.0,0.0,0.0,,,,,,,,,,,,,,,,,,,,,,,,,,,,,,,,,,,,,,,,,,,,,,,,,,CIN,DT,2025,0.0,0.0,0.0
3054026,Shaquill Griffin,2.0,0.0,0.0,0.0,,,,,,,,,,,,,,,,,,,,,,,,,,,,,,,,,,,,,7.0,0.0,7.0,0.0,0.0,0.0,0.0,0.0,0.0,0.0,0.0,0.0,0.0,0.0,0.0,0.0,0.0,0.0,0.0,0.0,,,,,,,,,,,,,,,,,,,,,,,,,,,,,,,,,,,,,,,,,,,2025,0.0,0.0,0.0
3053795,Michael Davis,11.0,0.0,0.0,0.0,,,,,,,,,,,,,,,,,,,,,,,,,,,,,,,,,,,,,2.0,2.0,4.0,0.0,0.0,0.0,0.0,0.0,0.0,0.0,0.0,0.0,0.0,0.0,0.0,0.0,0.0,0.0,0.0,0.0,,,,,,,,,,,,,,,,,,,,,,,,,,,,,,,,,,,,,,,,,,,2025,0.0,0.0,0.0
3052885,Mike McGlinchey,17.0,0.0,0.0,0.0,,,,,,,,,,,,,,,,,,,,,,,,,,,,,,,,,,,,,1.0,0.0,1.0,0.0,0.0,0.0,0.0,0.0,0.0,0.0,0.0,0.0,0.0,0.0,0.0,0.0,0.0,0.0,0.0,0.0,,,,,,,,,,,,,,,,,,,,,,,,,,,,,,,,,,,,,,,,,DEN,OT,2025,0.0,0.0,0.0
3052743,Trey Hendrickson,7.0,1.0,0.0,0.0,,,,,,,,,,,,,,,,,,,,,,,,,,,,,,,,,,,,,11.0,5.0,16.0,4.0,20.0,3.0,1.0,0.0,0.0,0.0,0.0,,,,,,,,,,,,,,,,,,,,,,,,,,,,,,,,,,,,,,,,,,,,,,,,,,BAL,LB,2025,0.0,0.0,0.0
3116733,Bradley Chubb,17.0,2.0,1.0,0.0,,,,,,,,,,,,,,,,,,,,,,,,,,,,,,,,,,,,,24.0,23.0,47.0,8.5,59.0,8.0,0.0,0.0,0.0,0.0,0.0,,,,,,,,,,,,,,,,,,,,,,,,,,,,,,,,,,,,,,,,,,,,,,,,,,BUF,LB,2025,0.0,0.0,0.0
3052101,Chidobe Awuzie,14.0,0.0,0.0,0.0,,,,,,,,,,,,,,,,,,,,,,,,,,,,,,,,,,,,,29.0,14.0,43.0,0.0,0.0,0.0,7.0,0.0,0.0,0.0,0.0,,,,,,,,,,,,,,,,,,,,,,,,,,,,,,,,,,,,,,,,,,,,,,,,,,BAL,CB,2025,0.0,0.0,0.0
3052059,Daniel Ekuale,7.0,0.0,0.0,0.0,,,,,,,,,,,,,,,,,,,,,,,,,,,,,,,,,,,,,4.0,2.0,6.0,0.0,0.0,0.0,1.0,0.0,0.0,0.0,0.0,0.0,0.0,0.0,0.0,0.0,0.0,0.0,0.0,0.0,,,,,,,,,,,,,,,,,,,,,,,,,,,,,,,,,,,,,,,,,,,2025,0.0,0.0,0.0
3051942,Al-Quadin Muhammad,17.0,0.0,0.0,0.0,,,,,,,,,,,,,,,,,,,,,,,,,,,,,,,,,,,,,15.0,10.0,25.0,11.0,71.0,9.0,0.0,0.0,0.0,0.0,0.0,0.0,0.0,0.0,0.0,0.0,0.0,0.0,0.0,0.0,,,,,,,,,,,,,,,,,,,,,,,,,,,,,,,,,,,,,,,,,TB,LB,2025,0.0,0.0,0.0
3051911,Carl Lawson,1.0,0.0,0.0,0.0,,,,,,,,,,,,,,,,,,,,,,,,,,,,,,,,,,,,,0.0,1.0,1.0,0.0,0.0,0.0,0.0,0.0,0.0,0.0,0.0,,,,,,,,,,,,,,,,,,,,,,,,,,,,,,,,,,,,,,,,,,,,,,,,,,,,2025,0.0,0.0,0.0
3051889,Laquon Treadwell,10.0,0.0,0.0,0.0,,,,,,,,,,,,,,,,,,,,,,,,,,,,,,,,,,,,,6.0,2.0,8.0,0.0,0.0,0.0,0.0,0.0,0.0,0.0,0.0,0.0,0.0,0.0,0.0,0.0,0.0,0.0,0.0,0.0,,,,,,,,,,,,,,,,,,,,,,,,,,,,,,,,,,,,,,,,,IND,WR,2025,0.0,0.0,0.0
3051775,Andrew Billings,17.0,0.0,0.0,0.0,,,,,,,,,,,,,,,,,,,,,,,,,,,,,,,,,,,,,19.0,12.0,31.0,1.0,5.0,6.0,0.0,0.0,0.0,0.0,0.0,0.0,0.0,0.0,0.0,0.0,0.0,0.0,0.0,0.0,,,,,,,,,,,,,,,,,,,,,,,,,,,,,,,,,,,,,,,,,ARI,DT,2025,0.0,0.0,0.0
3051750,Zach Cunningham,4.0,0.0,0.0,0.0,,,,,,,,,,,,,,,,,,,,,,,,,,,,,,,,,,,,,5.0,2.0,7.0,0.0,0.0,1.0,0.0,0.0,0.0,0.0,0.0,0.0,0.0,0.0,0.0,0.0,0.0,0.0,0.0,0.0,,,,,,,,,,,,,,,,,,,,,,,,,,,,,,,,,,,,,,,,,,,2025,0.0,0.0,0.0
3051746,Oren Burks,17.0,1.0,1.0,0.0,,,,,,,,,,,,,,,,,,,,,,,,,,,,,,,,,,,,,17.0,31.0,48.0,0.0,0.0,1.0,1.0,0.0,0.0,0.0,0.0,,,,,,,,,,,,,,,,,,,,,,,,,,,,,,,,,,,,,,,,,,,,,,,,,,CIN,LB,2025,0.0,0.0,0.0
3051389,Joey Bosa,15.0,5.0,0.0,0.0,,,,,,,,,,,,,,,,,,,,,,,,,,,,,,,,,,,,,17.0,12.0,29.0,5.0,40.0,9.0,2.0,0.0,0.0,0.0,0.0,,,,,,,,,,,,,,,,,,,,,,,,,,,,,,,,,,,,,,,,,,,,,,,,,,,,2025,0.0,0.0,0.0
3050916,Mike Ford Jr.,17.0,0.0,1.0,0.0,,,,,,,,,,,,,,,,,,,,,,,,,,,,,,,,,,,,,12.0,7.0,19.0,0.0,0.0,0.0,0.0,0.0,0.0,0.0,0.0,0.0,0.0,0.0,0.0,0.0,0.0,0.0,0.0,0.0,0.0,0.0,0.0,0.0,0.0,1.0,0.0,0.0,0.0,0.0,0.0,,,,,,,,,,,,,,,,,,,,,,,,,,,,,,ATL,CB,2025,0.0,0.0,0.0
3050199,George Odum,3.0,0.0,0.0,0.0,,,,,,,,,,,,,,,,,,,,,,,,,,,,,,,,,,,,,2.0,2.0,4.0,0.0,0.0,0.0,0.0,0.0,0.0,0.0,0.0,0.0,0.0,0.0,0.0,0.0,0.0,0.0,0.0,0.0,,,,,,,,,,,,,,,,,,,,,,,,,,,,,,,,,,,,,,,,,,,2025,0.0,0.0,0.0
3050122,Larry Ogunjobi,10.0,0.0,0.0,0.0,,,,,,,,,,,,,,,,,,,,,,,,,,,,,,,,,,,,,10.0,9.0,19.0,0.0,0.0,4.0,0.0,0.0,0.0,0.0,0.0,0.0,0.0,0.0,0.0,0.0,0.0,0.0,0.0,0.0,,,,,,,,,,,,,,,,,,,,,,,,,,,,,,,,,,,,,,,,,,,2025,0.0,0.0,0.0
3052357,Trent Sieg,17.0,0.0,1.0,0.0,,,,,,,,,,,,,,,,,,,,,,,,,,,,,,,,,,,,,1.0,0.0,1.0,0.0,0.0,0.0,0.0,0.0,0.0,0.0,0.0,0.0,0.0,0.0,0.0,0.0,0.0,0.0,0.0,0.0,,,,,,,,,,,,,,,,,,,,,,,,,,,,,,,,,,,,,,,,,DAL,LS,2025,0.0,0.0,0.0
3116726,Kentavius Street,7.0,0.0,0.0,0.0,,,,,,,,,,,,,,,,,,,,,,,,,,,,,,,,,,,,,11.0,10.0,21.0,2.0,12.0,3.0,0.0,0.0,0.0,0.0,0.0,,,,,,,,,,,,,,,,,,,,,,,,,,,,,,,,,,,,,,,,,,,,,,,,,,CHI,DT,2025,0.0,0.0,0.0
3116724,Germaine Pratt,16.0,1.0,2.0,0.0,,,,,,,,,,,,,,,,,,,,,,,,,,,,,,,,,,,,,67.0,59.0,126.0,0.0,0.0,6.0,10.0,0.0,1.0,0.0,0.0,,,,,,,,,,,,,,,,,,,,,,,,,,,,,,,,,,,,,,,,,,,,,,,,,,,,2025,0.0,0.0,0.0
3116689,Cole Holcomb,14.0,1.0,0.0,0.0,,,,,,,,,,,,,,,,,,,,,,,,,,,,,,,,,,,,,24.0,13.0,37.0,0.0,0.0,0.0,0.0,0.0,0.0,0.0,0.0,0.0,0.0,0.0,0.0,0.0,0.0,0.0,0.0,0.0,,,,,,,,,,,,,,,,,,,,,,,,,,,,,,,,,,,,,,,,,PIT,LB,2025,0.0,0.0,0.0
3116679,M.J. Stewart,9.0,1.0,0.0,0.0,,,,,,,,,,,,,,,,,,,,,,,,,,,,,,,,,,,,,15.0,10.0,25.0,0.0,0.0,0.0,2.0,0.0,0.0,0.0,0.0,0.0,0.0,0.0,0.0,0.0,0.0,0.0,0.0,0.0,,,,,,,,,,,,,,,,,,,,,,,,,,,,,,,,,,,,,,,,,HOU,S,2025,0.0,0.0,0.0
3116449,L.J. Collier,4.0,0.0,0.0,0.0,,,,,,,,,,,,,,,,,,,,,,,,,,,,,,,,,,,,,1.0,5.0,6.0,0.0,0.0,0.0,0.0,0.0,0.0,0.0,0.0,0.0,0.0,0.0,0.0,0.0,0.0,0.0,0.0,0.0,,,,,,,,,,,,,,,,,,,,,,,,,,,,,,,,,,,,,,,,,ARI,DE,2025,0.0,0.0,0.0
3116431,Ty Summers,6.0,0.0,0.0,0.0,,,,,,,,,,,,,,,,,,,,,,,,,,,,,,,,,,,,,0.0,1.0,1.0,0.0,0.0,0.0,0.0,0.0,0.0,0.0,0.0,0.0,0.0,0.0,0.0,0.0,0.0,0.0,0.0,0.0,,,,,,,,,,,,,,,,,,,,,,,,,,,,,,,,,,,,,,,,,,,2025,0.0,0.0,0.0
3116370,Orlando Brown Jr.,17.0,0.0,0.0,0.0,,,,,,,,,,,,,,,,,,,,,,,,,,,,,,,,,,,,,0.0,0.0,0.0,0.0,0.0,0.0,0.0,0.0,0.0,0.0,0.0,0.0,0.0,0.0,0.0,0.0,0.0,0.0,0.0,0.0,,,,,,,,,,,,,,,,,,,,,,,,,,,,,,,,,,,,,,,,,CIN,OT,2025,0.0,0.0,0.0
3116179,Nick Scott,17.0,0.0,1.0,0.0,,,,,,,,,,,,,,,,,,,,,,,,,,,,,,,,,,,,,64.0,47.0,111.0,0.0,0.0,0.0,3.0,0.0,1.0,0.0,0.0,,,,,,,,,,,,,,,,,,,,,,,,,,,,,,,,,,,,,,,,,,,,,,,,,,CAR,S,2025,0.0,0.0,0.0
3116177,Troy Reeder,17.0,0.0,0.0,0.0,,,,,,,,,,,,,,,,,,,,,,,,,,,,,,,,,,,,,17.0,8.0,25.0,0.0,0.0,0.0,2.0,0.0,0.0,0.0,0.0,0.0,0.0,0.0,0.0,0.0,0.0,0.0,0.0,0.0,,,,,,,,,,,,,,,,,,,,,,,,,,,,,,,,,,,,,,,,,,,2025,0.0,0.0,0.0
3116175,Amani Oruwariye,1.0,0.0,0.0,0.0,,,,,,,,,,,,,,,,,,,,,,,,,,,,,,,,,,,,,0.0,1.0,1.0,0.0,0.0,0.0,0.0,0.0,0.0,0.0,0.0,,,,,,,,,,,,,,,,,,,,,,,,,,,,,,,,,,,,,,,,,,,,,,,,,,BAL,CB,2025,0.0,0.0,0.0
3116097,Luke Gifford,17.0,0.0,1.0,0.0,,,,,,,,,,,,,,,,,,,,,,,,,,,,,,,,,,,,,12.0,23.0,35.0,0.0,0.0,0.0,1.0,0.0,0.0,0.0,0.0,0.0,0.0,0.0,0.0,0.0,0.0,0.0,0.0,0.0,,,,,,,,,,,,,,,,,,,,,,,,,,,,,,,,,,,,,,,,,SF,LB,2025,0.0,0.0,0.0
3060403,Chris Board,2.0,0.0,0.0,0.0,,,,,,,,,,,,,,,,,,,,,,,,,,,,,,,,,,,,,2.0,1.0,3.0,0.0,0.0,0.0,0.0,0.0,0.0,0.0,0.0,0.0,0.0,0.0,0.0,0.0,0.0,0.0,0.0,0.0,,,,,,,,,,,,,,,,,,,,,,,,,,,,,,,,,,,,,,,,,,,2025,0.0,0.0,0.0
3115914,Jihad Ward,17.0,0.0,0.0,0.0,,,,,,,,,,,,,,,,,,,,,,,,,,,,,,,,,,,,,15.0,16.0,31.0,5.0,36.0,4.0,4.0,0.0,0.0,0.0,0.0,,,,,,,,,,,,,,,,,,,,,,,,,,,,,,,,,,,,,,,,,,,,,,,,,,,,2025,0.0,0.0,0.0
3115481,J.T. Gray,5.0,0.0,0.0,0.0,,,,,,,,,,,,,,,,,,,,,,,,,,,,,,,,,,,,,2.0,1.0,3.0,0.0,0.0,0.0,0.0,0.0,0.0,0.0,0.0,0.0,0.0,0.0,0.0,0.0,0.0,0.0,0.0,0.0,,,,,,,,,,,,,,,,,,,,,,,,,,,,,,,,,,,,,,,,,PHI,S,2025,0.0,0.0,0.0
3115480,Logan Cooke,17.0,0.0,0.0,0.0,,,,,,,,,,,,,,,,,,,,,,,,,,,,,,,,,,,,,1.0,0.0,1.0,0.0,0.0,0.0,0.0,0.0,0.0,0.0,0.0,0.0,0.0,0.0,0.0,0.0,0.0,0.0,0.0,0.0,,,,,,,,,,,,,,,,,,,,,,,,,,,,,60.0,2878.0,66.0,47.96699905395508,43.0,0.0,22.0,6.0,9.0,27.0,178.0,6.5929999351501465,JAX,P,2025,0.0,0.0,0.0
3115383,Davon Godchaux,17.0,1.0,0.0,0.0,,,,,,,,,,,,,,,,,,,,,,,,,,,,,,,,,,,,,14.0,29.0,43.0,0.0,0.0,2.0,0.0,0.0,0.0,0.0,0.0,0.0,0.0,0.0,0.0,0.0,0.0,0.0,0.0,0.0,,,,,,,,,,,,,,,,,,,,,,,,,,,,,,,,,,,,,,,,,NO,DT,2025,0.0,0.0,0.0
3115373,Jamal Adams,17.0,1.0,0.0,0.0,,,,,,,,,,,,,,,,,,,,,,,,,,,,,,,,,,,,,30.0,15.0,45.0,1.0,4.0,5.0,0.0,0.0,0.0,0.0,0.0,,,,,,,,,,,,,,,,,,,,,,,,,,,,,,,,,,,,,,,,,,,,,,,,,,,,2025,0.0,0.0,0.0
3115349,Jakob Johnson,7.0,0.0,0.0,0.0,,,,,,,,,,,,,,,,,,,,,,,,,,,,,,,,,,,,,1.0,0.0,1.0,0.0,0.0,0.0,0.0,0.0,0.0,0.0,0.0,0.0,0.0,0.0,0.0,0.0,0.0,0.0,0.0,0.0,,,,,,,,,,,,,,,,,,,,,,,,,,,,,,,,,,,,,,,,,,,2025,0.0,0.0,0.0
3115336,Derek Barnett,17.0,0.0,0.0,0.0,,,,,,,,,,,,,,,,,,,,,,,,,,,,,,,,,,,,,13.0,8.0,21.0,5.0,40.0,8.0,0.0,0.0,0.0,0.0,0.0,0.0,0.0,0.0,0.0,0.0,0.0,0.0,0.0,0.0,,,,,,,,,,,,,,,,,,,,,,,,,,,,,,,,,,,,,,,,,,,2025,0.0,0.0,0.0
3115312,Jarran Reed,13.0,0.0,0.0,0.0,,,,,,,,,,,,,,,,,,,,,,,,,,,,,,,,,,,,,11.0,20.0,31.0,2.5,16.0,3.0,0.0,0.0,0.0,0.0,0.0,0.0,0.0,0.0,0.0,0.0,0.0,0.0,0.0,0.0,,,,,,,,,,,,,,,,,,,,,,,,,,,,,,,,,,,,,,,,,SEA,DT,2025,0.0,0.0,0.0
3115303,Jermaine Eluemunor,16.0,0.0,0.0,0.0,,,,,,,,,,,,,,,,,,,,,,,,,,,,,,,,,,,,,1.0,0.0,1.0,0.0,0.0,0.0,0.0,0.0,0.0,0.0,0.0,0.0,0.0,0.0,0.0,0.0,0.0,0.0,0.0,0.0,,,,,,,,,,,,,,,,,,,,,,,,,,,,,,,,,,,,,,,,,NYG,OT,2025,0.0,0.0,0.0
3115249,Taven Bryan,5.0,0.0,0.0,0.0,,,,,,,,,,,,,,,,,,,,,,,,,,,,,,,,,,,,,0.0,1.0,1.0,0.5,4.0,0.0,0.0,0.0,0.0,0.0,0.0,0.0,0.0,0.0,0.0,0.0,0.0,0.0,0.0,0.0,,,,,,,,,,,,,,,,,,,,,,,,,,,,,,,,,,,,,,,,,,,2025,0.0,0.0,0.0
3110565,Quincy Williams,13.0,0.0,0.0,0.0,,,,,,,,,,,,,,,,,,,,,,,,,,,,,,,,,,,,,45.0,38.0,83.0,3.5,29.0,8.0,7.0,0.0,0.0,0.0,0.0,,,,,,,,,,,,,,,,,,,,,,,,,,,,,,,,,,,,,,,,,,,,,,,,,,CLE,LB,2025,0.0,0.0,0.0
3071353,E.J. Speed,16.0,0.0,0.0,0.0,,,,,,,,,,,,,,,,,,,,,,,,,,,,,,,,,,,,,33.0,29.0,62.0,0.0,0.0,3.0,1.0,0.0,0.0,0.0,0.0,0.0,0.0,0.0,0.0,0.0,0.0,0.0,0.0,0.0,,,,,,,,,,,,,,,,,,,,,,,,,,,,,,,,,,,,,,,,,HOU,LB,2025,0.0,0.0,0.0
3115962,Jabrill Peppers,14.0,0.0,1.0,0.0,,,,,,,,,,,,,,,,,,,,,,,,,,,,,,,,,,,,,7.0,9.0,16.0,0.0,0.0,0.0,0.0,0.0,0.0,0.0,0.0,0.0,0.0,0.0,0.0,0.0,0.0,0.0,0.0,0.0,,,,,,,,,,,,,,,,,,,,,,,,,,,,,,,,,,,,,,,,,,,2025,0.0,0.0,0.0
3928979,Dorance Armstrong,7.0,0.0,0.0,0.0,,,,,,,,,,,,,,,,,,,,,,,,,,,,,,,,,,,,,16.0,8.0,24.0,5.5,30.5,7.0,0.0,0.0,0.0,0.0,0.0,0.0,0.0,0.0,0.0,0.0,0.0,0.0,0.0,0.0,,,,,,,,,,,,,,,,,,,,,,,,,,,,,,,,,,,,,,,,,WSH,DE,2025,0.0,0.0,0.0
3928931,Ross Matiscik,17.0,0.0,0.0,0.0,,,,,,,,,,,,,,,,,,,,,,,,,,,,,,,,,,,,,2.0,2.0,4.0,0.0,0.0,0.0,0.0,0.0,0.0,0.0,0.0,0.0,0.0,0.0,0.0,0.0,0.0,0.0,0.0,0.0,,,,,,,,,,,,,,,,,,,,,,,,,,,,,,,,,,,,,,,,,JAX,LS,2025,0.0,0.0,0.0
3926229,Cody Barton,17.0,0.0,0.0,0.0,,,,,,,,,,,,,,,,,,,,,,,,,,,,,,,,,,,,,37.0,44.0,81.0,1.0,11.0,4.0,11.0,24.0,3.0,25.0,1.0,,,,,,,,,,,,,,,,,,,,,,,,,,,,,,,,,,,,,,,,,,,,,,,,,,TEN,LB,2025,0.0,0.0,0.0
3925443,Jacob Bobenmoyer,17.0,0.0,0.0,0.0,,,,,,,,,,,,,,,,,,,,,,,,,,,,,,,,,,,,,1.0,3.0,4.0,0.0,0.0,0.0,0.0,0.0,0.0,0.0,0.0,0.0,0.0,0.0,0.0,0.0,0.0,0.0,0.0,0.0,,,,,,,,,,,,,,,,,,,,,,,,,,,,,,,,,,,,,,,,,,,2025,0.0,0.0,0.0
3925358,Kendall Sheffield,2.0,0.0,0.0,0.0,,,,,,,,,,,,,,,,,,,,,,,,,,,,,,,,,,,,,1.0,0.0,1.0,0.0,0.0,0.0,0.0,0.0,0.0,0.0,0.0,0.0,0.0,0.0,0.0,0.0,0.0,0.0,0.0,0.0,,,,,,,,,,,,,,,,,,,,,,,,,,,,,,,,,,,,,,,,,,,2025,0.0,0.0,0.0
3925354,Daron Payne,15.0,1.0,0.0,0.0,,,,,,,,,,,,,,,,,,,,,,,,,,,,,,,,,,,,,20.0,26.0,46.0,3.0,16.0,7.0,5.0,0.0,0.0,0.0,0.0,0.0,0.0,0.0,0.0,0.0,0.0,0.0,0.0,0.0,,,,,,,,,,,,,,,,,,,,,,,,,,,,,,,,,,,,,,,,,WSH,DT,2025,0.0,0.0,0.0
3925350,Anfernee Jennings,14.0,0.0,1.0,0.0,,,,,,,,,,,,,,,,,,,,,,,,,,,,,,,,,,,,,15.0,11.0,26.0,2.0,18.0,5.0,0.0,0.0,0.0,0.0,0.0,0.0,0.0,0.0,0.0,0.0,0.0,0.0,0.0,0.0,,,,,,,,,,,,,,,,,,,,,,,,,,,,,,,,,,,,,,,,,NO,LB,2025,0.0,0.0,0.0
3925345,Minkah Fitzpatrick,14.0,1.0,2.0,0.0,,,,,,,,,,,,,,,,,,,,,,,,,,,,,,,,,,,,,59.0,23.0,82.0,1.0,9.0,4.0,6.0,7.0,1.0,7.0,0.0,,,,,,,,,,,,,,,,,,,,,,,,,,,,,,,,,,,,,,,,,,,,,,,,,,NYJ,S,2025,0.0,0.0,0.0
3919548,Justin Strnad,16.0,0.0,0.0,0.0,,,,,,,,,,,,,,,,,,,,,,,,,,,,,,,,,,,,,23.0,35.0,58.0,4.5,30.0,5.0,3.0,21.0,1.0,21.0,0.0,0.0,0.0,0.0,0.0,0.0,0.0,0.0,0.0,0.0,,,,,,,,,,,,,,,,,,,,,,,,,,,,,,,,,,,,,,,,,DEN,LB,2025,0.0,0.0,0.0
3919512,Jessie Bates III,17.0,1.0,0.0,0.0,,,,,,,,,,,,,,,,,,,,,,,,,,,,,,,,,,,,,57.0,41.0,98.0,0.0,0.0,1.0,6.0,34.0,3.0,54.0,1.0,,,,,,,,,,,,,,,,,,,,,,,,,,,,,,,,,,,,,,,,,,,,,,,,,,ATL,S,2025,0.0,0.0,0.0
3919117,Azeez Al-Shaair,16.0,1.0,1.0,0.0,,,,,,,,,,,,,,,,,,,,,,,,,,,,,,,,,,,,,48.0,55.0,103.0,0.0,0.0,1.0,9.0,0.0,2.0,0.0,0.0,,,,,,,,,,,,,,,,,,,,,,,,,,,,,,,,,,,,,,,,,,,,,,,,,,HOU,LB,2025,0.0,0.0,0.0
3138834,Sione Takitaki,3.0,0.0,0.0,0.0,,,,,,,,,,,,,,,,,,,,,,,,,,,,,,,,,,,,,1.0,2.0,3.0,0.0,0.0,0.0,0.0,0.0,0.0,0.0,0.0,0.0,0.0,0.0,0.0,0.0,0.0,0.0,0.0,0.0,,,,,,,,,,,,,,,,,,,,,,,,,,,,,,,,,,,,,,,,,,,2025,0.0,0.0,0.0
3918330,Logan Wilson,15.0,1.0,1.0,0.0,,,,,,,,,,,,,,,,,,,,,,,,,,,,,,,,,,,,,34.0,36.0,70.0,0.0,0.0,0.0,5.0,0.0,0.0,0.0,0.0,,,,,,,,,,,,,,,,,,,,,,,,,,,,,,,,,,,,,,,,,,,,,,,,,,,,2025,0.0,0.0,0.0
3918310,Carl Granderson,17.0,0.0,0.0,0.0,,,,,,,,,,,,,,,,,,,,,,,,,,,,,,,,,,,,,35.0,22.0,57.0,6.0,25.0,11.0,4.0,0.0,1.0,0.0,0.0,0.0,0.0,0.0,0.0,0.0,0.0,0.0,0.0,0.0,,,,,,,,,,,,,,,,,,,,,,,,,,,,,,,,,,,,,,,,,NO,DE,2025,0.0,0.0,0.0
3917909,Juan Thornhill,10.0,0.0,0.0,0.0,,,,,,,,,,,,,,,,,,,,,,,,,,,,,,,,,,,,,23.0,15.0,38.0,0.0,0.0,1.0,1.0,0.0,0.0,0.0,0.0,0.0,0.0,0.0,0.0,0.0,0.0,0.0,0.0,0.0,,,,,,,,,,,,,,,,,,,,,,,,,,,,,,,,,,,,,,,,,,,2025,0.0,0.0,0.0
3917853,Mike Jackson,17.0,1.0,0.0,0.0,,,,,,,,,,,,,,,,,,,,,,,,,,,,,,,,,,,,,54.0,14.0,68.0,0.0,0.0,4.0,19.0,54.0,4.0,102.0,1.0,,,,,,,,,,,,,,,,,,,,,,,,,,,,,,,,,,,,,,,,,,,,,,,,,,CAR,CB,2025,0.0,0.0,0.0
3917797,Joe Giles-Harris,10.0,0.0,0.0,0.0,,,,,,,,,,,,,,,,,,,,,,,,,,,,,,,,,,,,,14.0,13.0,27.0,0.0,0.0,0.0,2.0,0.0,0.0,0.0,0.0,0.0,0.0,0.0,0.0,0.0,0.0,0.0,0.0,0.0,,,,,,,,,,,,,,,,,,,,,,,,,,,,,,,,,,,,,,,,,CIN,LB,2025,0.0,0.0,0.0
3917657,Zack Baun,16.0,1.0,1.0,0.0,,,,,,,,,,,,,,,,,,,,,,,,,,,,,,,,,,,,,64.0,59.0,123.0,3.5,14.5,7.0,7.0,0.0,2.0,0.0,0.0,,,,,,,,,,,,,,,,,,,,,,,,,,,,,,,,,,,,,,,,,,,,,,,,,,PHI,LB,2025,0.0,0.0,0.0
3917592,Robert Hunt,2.0,0.0,0.0,0.0,,,,,,,,,,,,,,,,,,,,,,,,,,,,,,,,,,,,,1.0,0.0,1.0,0.0,0.0,0.0,0.0,0.0,0.0,0.0,0.0,0.0,0.0,0.0,0.0,0.0,0.0,0.0,0.0,0.0,,,,,,,,,,,,,,,,,,,,,,,,,,,,,,,,,,,,,,,,,CAR,G,2025,0.0,0.0,0.0
3917331,Erik McCoy,7.0,0.0,0.0,0.0,,,,,,,,,,,,,,,,,,,,,,,,,,,,,,,,,,,,,0.0,0.0,0.0,0.0,0.0,0.0,0.0,0.0,0.0,0.0,0.0,0.0,0.0,0.0,0.0,0.0,0.0,0.0,0.0,0.0,,,,,,,,,,,,,,,,,,,,,,,,,,,,,,,,,,,,,,,,,NO,C,2025,0.0,0.0,0.0
3917142,Akeem Davis-Gaither,17.0,1.0,1.0,0.0,,,,,,,,,,,,,,,,,,,,,,,,,,,,,,,,,,,,,51.0,66.0,117.0,0.0,0.0,2.0,5.0,0.0,1.0,0.0,0.0,0.0,0.0,0.0,0.0,0.0,0.0,0.0,0.0,0.0,,,,,,,,,,,,,,,,,,,,,,,,,,,,,,,,,,,,,,,,,IND,LB,2025,0.0,0.0,0.0
3917016,Trevis Gipson,13.0,0.0,1.0,0.0,,,,,,,,,,,,,,,,,,,,,,,,,,,,,,,,,,,,,6.0,8.0,14.0,1.0,4.0,1.0,0.0,0.0,0.0,0.0,0.0,0.0,0.0,0.0,0.0,0.0,0.0,0.0,0.0,0.0,,,,,,,,,,,,,,,,,,,,,,,,,,,,,,,,,,,,,,,,,CAR,LB,2025,0.0,0.0,0.0
3916923,Carlton Davis III,17.0,0.0,0.0,0.0,,,,,,,,,,,,,,,,,,,,,,,,,,,,,,,,,,,,,39.0,30.0,69.0,0.0,0.0,3.0,10.0,0.0,0.0,0.0,0.0,0.0,0.0,0.0,0.0,0.0,0.0,0.0,0.0,0.0,,,,,,,,,,,,,,,,,,,,,,,,,,,,,,,,,,,,,,,,,NE,CB,2025,0.0,0.0,0.0
3916903,Dre Greenlaw,8.0,1.0,0.0,0.0,,,,,,,,,,,,,,,,,,,,,,,,,,,,,,,,,,,,,15.0,28.0,43.0,1.0,0.0,2.0,2.0,27.0,1.0,27.0,0.0,,,,,,,,,,,,,,,,,,,,,,,,,,,,,,,,,,,,,,,,,,,,,,,,,,SF,LB,2025,0.0,0.0,0.0
3918331,Andrew Wingard,16.0,0.0,1.0,0.0,,,,,,,,,,,,,,,,,,,,,,,,,,,,,,,,,,,,,45.0,39.0,84.0,0.0,0.0,3.0,9.0,39.0,1.0,39.0,0.0,,,,,,,,,,,,,,,,,,,,,,,,,,,,,,,,,,,,,,,,,,,,,,,,,,ARI,S,2025,0.0,0.0,0.0
4033855,Sam Kamara,4.0,0.0,0.0,0.0,,,,,,,,,,,,,,,,,,,,,,,,,,,,,,,,,,,,,3.0,3.0,6.0,0.0,0.0,3.0,0.0,0.0,0.0,0.0,0.0,0.0,0.0,0.0,0.0,0.0,0.0,0.0,0.0,0.0,,,,,,,,,,,,,,,,,,,,,,,,,,,,,,,,,,,,,,,,,CLE,DT,2025,0.0,0.0,0.0
4033812,Jake Hansen,15.0,0.0,0.0,0.0,,,,,,,,,,,,,,,,,,,,,,,,,,,,,,,,,,,,,11.0,8.0,19.0,0.0,0.0,0.0,0.0,0.0,0.0,0.0,0.0,0.0,0.0,0.0,0.0,0.0,0.0,0.0,0.0,0.0,,,,,,,,,,,,,,,,,,,,,,,,,,,,,,,,,,,,,,,,,HOU,LB,2025,0.0,0.0,0.0
4033234,Michael Hoecht,2.0,1.0,0.0,0.0,,,,,,,,,,,,,,,,,,,,,,,,,,,,,,,,,,,,,2.0,3.0,5.0,2.0,10.5,1.0,0.0,0.0,0.0,0.0,0.0,,,,,,,,,,,,,,,,,,,,,,,,,,,,,,,,,,,,,,,,,,,,,,,,,,BUF,DE,2025,0.0,0.0,0.0
4032481,Jonah Williams,15.0,0.0,0.0,0.0,,,,,,,,,,,,,,,,,,,,,,,,,,,,,,,,,,,,,8.0,10.0,18.0,3.0,10.0,5.0,0.0,0.0,0.0,0.0,0.0,0.0,0.0,0.0,0.0,0.0,0.0,0.0,0.0,0.0,,,,,,,,,,,,,,,,,,,,,,,,,,,,,,,,,,,,,,,,,ARI,DE,2025,0.0,0.0,0.0
4032200,Robert Rochell,6.0,0.0,0.0,0.0,,,,,,,,,,,,,,,,,,,,,,,,,,,,,,,,,,,,,2.0,3.0,5.0,0.0,0.0,0.0,0.0,0.0,0.0,0.0,0.0,0.0,0.0,0.0,0.0,0.0,0.0,0.0,0.0,0.0,,,,,,,,,,,,,,,,,,,,,,,,,,,,,,,,,,,,,,,,,CAR,CB,2025,0.0,0.0,0.0
4030899,Spencer Brown,14.0,0.0,0.0,0.0,,,,,,,,,,,,,,,,,,,,,,,,,,,,,,,,,,,,,0.0,0.0,0.0,0.0,0.0,0.0,0.0,0.0,0.0,0.0,0.0,0.0,0.0,0.0,0.0,0.0,0.0,0.0,0.0,0.0,,,,,,,,,,,,,,,,,,,,,,,,,,,,,,,,,,,,,,,,,BUF,OT,2025,0.0,0.0,0.0
4027919,Khalil Dorsey,11.0,0.0,0.0,0.0,,,,,,,,,,,,,,,,,,,,,,,,,,,,,,,,,,,,,6.0,2.0,8.0,0.0,0.0,0.0,0.0,0.0,0.0,0.0,0.0,0.0,0.0,0.0,0.0,0.0,0.0,0.0,0.0,0.0,,,,,,,,,,,,,,,,,,,,,,,,,,,,,,,,,,,,,,,,,DET,CB,2025,0.0,0.0,0.0
4002046,David Onyemata,17.0,0.0,0.0,0.0,,,,,,,,,,,,,,,,,,,,,,,,,,,,,,,,,,,,,29.0,33.0,62.0,1.0,8.0,7.0,0.0,0.0,0.0,0.0,0.0,0.0,0.0,0.0,0.0,0.0,0.0,0.0,0.0,0.0,,,,,,,,,,,,,,,,,,,,,,,,,,,,,,,,,,,,,,,,,NYJ,DT,2025,0.0,0.0,0.0
3961466,Matthew Judon,14.0,0.0,0.0,0.0,,,,,,,,,,,,,,,,,,,,,,,,,,,,,,,,,,,,,9.0,10.0,19.0,0.0,0.0,1.0,1.0,0.0,0.0,0.0,0.0,0.0,0.0,0.0,0.0,0.0,0.0,0.0,0.0,0.0,,,,,,,,,,,,,,,,,,,,,,,,,,,,,,,,,,,,,,,,,,,2025,0.0,0.0,0.0
3943270,Rasul Douglas,15.0,1.0,0.0,0.0,,,,,,,,,,,,,,,,,,,,,,,,,,,,,,,,,,,,,37.0,25.0,62.0,1.0,2.0,2.0,13.0,38.0,2.0,43.0,0.0,,,,,,,,,,,,,,,,,,,,,,,,,,,,,,,,,,,,,,,,,,,,,,,,,,WSH,CB,2025,0.0,0.0,0.0
3933407,Quinton Bell,7.0,0.0,1.0,0.0,,,,,,,,,,,,,,,,,,,,,,,,,,,,,,,,,,,,,0.0,8.0,8.0,0.0,0.0,0.0,0.0,0.0,0.0,0.0,0.0,0.0,0.0,0.0,0.0,0.0,0.0,0.0,0.0,0.0,,,,,,,,,,,,,,,,,,,,,,,,,,,,,,,,,,,,,,,,,,,2025,0.0,0.0,0.0
3929641,Kevin Givens,5.0,0.0,0.0,0.0,,,,,,,,,,,,,,,,,,,,,,,,,,,,,,,,,,,,,1.0,1.0,2.0,0.0,0.0,0.0,0.0,0.0,0.0,0.0,0.0,0.0,0.0,0.0,0.0,0.0,0.0,0.0,0.0,0.0,,,,,,,,,,,,,,,,,,,,,,,,,,,,,,,,,,,,,,,,,SF,DT,2025,0.0,0.0,0.0
3932335,Zayne Anderson,14.0,0.0,1.0,0.0,,,,,,,,,,,,,,,,,,,,,,,,,,,,,,,,,,,,,5.0,10.0,15.0,0.0,0.0,0.0,0.0,0.0,0.0,0.0,0.0,0.0,0.0,0.0,0.0,0.0,0.0,0.0,0.0,0.0,,,,,,,,,,,,,,,,,,,,,,,,,,,,,,,,,,,,,,,,,MIA,S,2025,0.0,0.0,0.0
3931424,Demetrius Flannigan-Fowles,10.0,0.0,0.0,0.0,,,,,,,,,,,,,,,,,,,,,,,,,,,,,,,,,,,,,21.0,12.0,33.0,1.0,0.0,3.0,1.0,0.0,0.0,0.0,0.0,0.0,0.0,0.0,0.0,0.0,0.0,0.0,0.0,0.0,,,,,,,,,,,,,,,,,,,,,,,,,,,,,,,,,,,,,,,,,BUF,LB,2025,0.0,0.0,0.0
3931399,Justin Reid,15.0,0.0,0.0,0.0,,,,,,,,,,,,,,,,,,,,,,,,,,,,,,,,,,,,,37.0,35.0,72.0,0.5,5.5,2.0,6.0,49.0,1.0,49.0,1.0,,,,,,,,,,,,,,,,,,,,,,,,,,,,,,,,,,,,,,,,,,,,,,,,,,NO,S,2025,0.0,0.0,0.0
3931395,Jake Bailey,17.0,0.0,0.0,0.0,,,,,,,,,,,,,,,,,,,,,,,,,,,,,,,,,,,,,1.0,0.0,1.0,0.0,0.0,0.0,0.0,0.0,0.0,0.0,0.0,,,,,,,,,,,,,,,,,,,,,,,,,,,,,,,,,,,,,,63.0,3005.0,64.0,47.698001861572266,42.6349983215332,0.0,21.0,3.0,19.0,25.0,259.0,10.359999656677246,ATL,P,2025,0.0,0.0,0.0
3930040,Jonah Jackson,17.0,0.0,0.0,0.0,,,,,,,,,,,,,,,,,,,,,,,,,,,,,,,,,,,,,1.0,0.0,1.0,0.0,0.0,0.0,0.0,0.0,0.0,0.0,0.0,0.0,0.0,0.0,0.0,0.0,0.0,0.0,0.0,0.0,,,,,,,,,,,,,,,,,,,,,,,,,,,,,,,,,,,,,,,,,CHI,G,2025,0.0,0.0,0.0
3929956,Tim Settle,12.0,0.0,0.0,0.0,,,,,,,,,,,,,,,,,,,,,,,,,,,,,,,,,,,,,6.0,9.0,15.0,1.0,5.0,3.0,3.0,0.0,0.0,0.0,0.0,0.0,0.0,0.0,0.0,0.0,0.0,0.0,0.0,0.0,,,,,,,,,,,,,,,,,,,,,,,,,,,,,,,,,,,,,,,,,WSH,DT,2025,0.0,0.0,0.0
3929950,Tremaine Edmunds,13.0,0.0,1.0,0.0,,,,,,,,,,,,,,,,,,,,,,,,,,,,,,,,,,,,,61.0,51.0,112.0,1.0,10.0,3.0,9.0,10.0,4.0,10.0,0.0,,,,,,,,,,,,,,,,,,,,,,,,,,,,,,,,,,,,,,,,,,,,,,,,,,NYG,LB,2025,0.0,0.0,0.0
3929936,Jon Runyan,16.0,0.0,0.0,0.0,,,,,,,,,,,,,,,,,,,,,,,,,,,,,,,,,,,,,0.0,0.0,0.0,0.0,0.0,0.0,0.0,0.0,0.0,0.0,0.0,0.0,0.0,0.0,0.0,0.0,0.0,0.0,0.0,0.0,,,,,,,,,,,,,,,,,,,,,,,,,,,,,,,,,,,,,,,,,NYG,G,2025,0.0,0.0,0.0
3929865,Charles Omenihu,17.0,0.0,0.0,0.0,,,,,,,,,,,,,,,,,,,,,,,,,,,,,,,,,,,,,15.0,13.0,28.0,3.5,8.0,5.0,0.0,0.0,0.0,0.0,0.0,0.0,0.0,0.0,0.0,0.0,0.0,0.0,0.0,0.0,,,,,,,,,,,,,,,,,,,,,,,,,,,,,,,,,,,,,,,,,WSH,DE,2025,0.0,0.0,0.0
3929850,P.J. Locke,16.0,0.0,0.0,0.0,,,,,,,,,,,,,,,,,,,,,,,,,,,,,,,,,,,,,9.0,7.0,16.0,0.0,0.0,1.0,3.0,0.0,0.0,0.0,0.0,0.0,0.0,0.0,0.0,0.0,0.0,0.0,0.0,0.0,,,,,,,,,,,,,,,,,,,,,,,,,,,,,,,,,,,,,,,,,DAL,S,2025,0.0,0.0,0.0
3929846,DeShon Elliott,5.0,1.0,0.0,0.0,,,,,,,,,,,,,,,,,,,,,,,,,,,,,,,,,,,,,20.0,18.0,38.0,1.0,8.0,1.0,2.0,-4.0,1.0,-4.0,0.0,,,,,,,,,,,,,,,,,,,,,,,,,,,,,,,,,,,,,,,,,,,,,,,,,,PIT,S,2025,0.0,0.0,0.0
3929814,Josh Butler,1.0,0.0,0.0,0.0,,,,,,,,,,,,,,,,,,,,,,,,,,,,,,,,,,,,,3.0,2.0,5.0,0.0,0.0,0.0,0.0,0.0,0.0,0.0,0.0,,,,,,,,,,,,,,,,,,,,,,,,,,,,,,,,,,,,,,,,,,,,,,,,,,DAL,CB,2025,0.0,0.0,0.0
3932901,Elijah Campbell,10.0,0.0,0.0,0.0,,,,,,,,,,,,,,,,,,,,,,,,,,,,,,,,,,,,,4.0,1.0,5.0,0.0,0.0,0.0,0.0,0.0,0.0,0.0,0.0,0.0,0.0,0.0,0.0,0.0,0.0,0.0,0.0,0.0,,,,,,,,,,,,,,,,,,,,,,,,,,,,,,,,,,,,,,,,,NYG,S,2025,0.0,0.0,0.0
3895429,Jaire Alexander,2.0,0.0,0.0,0.0,,,,,,,,,,,,,,,,,,,,,,,,,,,,,,,,,,,,,4.0,1.0,5.0,0.0,0.0,0.0,0.0,0.0,0.0,0.0,0.0,,,,,,,,,,,,,,,,,,,,,,,,,,,,,,,,,,,,,,,,,,,,,,,,,,,,2025,0.0,0.0,0.0
3894915,D.J. Jones,16.0,0.0,0.0,0.0,,,,,,,,,,,,,,,,,,,,,,,,,,,,,,,,,,,,,21.0,18.0,39.0,3.0,8.0,4.0,1.0,0.0,0.0,0.0,0.0,,,,,,,,,,,,,,,,,,,,,,,,,,,,,,,,,,,,,,,,,,,,,,,,,,DEN,DT,2025,0.0,0.0,0.0
3894856,Anthony Nelson,15.0,2.0,0.0,0.0,,,,,,,,,,,,,,,,,,,,,,,,,,,,,,,,,,,,,21.0,17.0,38.0,3.0,11.0,3.0,2.0,3.0,1.0,3.0,1.0,0.0,0.0,0.0,0.0,0.0,0.0,0.0,0.0,0.0,,,,,,,,,,,,,,,,,,,,,,,,,,,,,,,,,,,,,,,,,TB,LB,2025,0.0,0.0,0.0
3892883,Neville Gallimore,17.0,0.0,0.0,0.0,,,,,,,,,,,,,,,,,,,,,,,,,,,,,,,,,,,,,18.0,20.0,38.0,3.5,20.5,4.0,3.0,0.0,0.0,0.0,0.0,0.0,0.0,0.0,0.0,0.0,0.0,0.0,0.0,0.0,,,,,,,,,,,,,,,,,,,,,,,,,,,,,,,,,,,,,,,,,CHI,DT,2025,0.0,0.0,0.0
3886633,Hjalte Froholdt,17.0,1.0,0.0,0.0,,,,,,,,,,,,,,,,,,,,,,,,,,,,,,,,,,,,,2.0,0.0,2.0,0.0,0.0,0.0,0.0,0.0,0.0,0.0,0.0,0.0,0.0,0.0,0.0,0.0,0.0,0.0,0.0,0.0,,,,,,,,,,,,,,,,,,,,,,,,,,,,,,,,,,,,,,,,,ARI,C,2025,0.0,0.0,0.0
3886601,Shy Tuttle,12.0,0.0,0.0,0.0,,,,,,,,,,,,,,,,,,,,,,,,,,,,,,,,,,,,,7.0,8.0,15.0,0.0,0.0,1.0,0.0,0.0,0.0,0.0,0.0,0.0,0.0,0.0,0.0,0.0,0.0,0.0,0.0,0.0,,,,,,,,,,,,,,,,,,,,,,,,,,,,,,,,,,,,,,,,,WSH,DT,2025,0.0,0.0,0.0
3873935,Jamel Dean,14.0,2.0,0.0,0.0,,,,,,,,,,,,,,,,,,,,,,,,,,,,,,,,,,,,,38.0,8.0,46.0,1.0,8.0,1.0,9.0,55.0,3.0,74.0,1.0,0.0,0.0,0.0,0.0,0.0,0.0,0.0,0.0,0.0,,,,,,,,,,,,,,,,,,,,,,,,,,,,,,,,,,,,,,,,,PIT,CB,2025,0.0,0.0,0.0
3863820,Patrick Mekari,14.0,0.0,0.0,0.0,,,,,,,,,,,,,,,,,,,,,,,,,,,,,,,,,,,,,0.0,1.0,1.0,0.0,0.0,0.0,0.0,0.0,0.0,0.0,0.0,0.0,0.0,0.0,0.0,0.0,0.0,0.0,0.0,0.0,,,,,,,,,,,,,,,,,,,,,,,,,,,,,,,,,,,,,,,,,JAX,G,2025,0.0,0.0,0.0
3863182,Jerry Tillery,17.0,0.0,1.0,0.0,,,,,,,,,,,,,,,,,,,,,,,,,,,,,,,,,,,,,8.0,12.0,20.0,1.5,3.5,2.0,0.0,0.0,0.0,0.0,0.0,0.0,0.0,0.0,0.0,0.0,0.0,0.0,0.0,0.0,,,,,,,,,,,,,,,,,,,,,,,,,,,,,,,,,,,,,,,,,IND,DT,2025,0.0,0.0,0.0
3859006,Ronnie Harrison Jr.,10.0,0.0,0.0,0.0,,,,,,,,,,,,,,,,,,,,,,,,,,,,,,,,,,,,,20.0,9.0,29.0,2.0,13.0,2.0,2.0,0.0,0.0,0.0,0.0,0.0,0.0,0.0,0.0,0.0,0.0,0.0,0.0,0.0,,,,,,,,,,,,,,,,,,,,,,,,,,,,,,,,,,,,,,,,,MIA,LB,2025,0.0,0.0,0.0
3858276,Jaylinn Hawkins,15.0,1.0,1.0,0.0,,,,,,,,,,,,,,,,,,,,,,,,,,,,,,,,,,,,,45.0,26.0,71.0,1.5,9.0,3.0,6.0,1.0,4.0,1.0,0.0,,,,,,,,,,,,,,,,,,,,,,,,,,,,,,,,,,,,,,,,,,,,,,,,,,BAL,S,2025,0.0,0.0,0.0
3916655,Maxx Crosby,15.0,2.0,0.0,0.0,,,,,,,,,,,,,,,,,,,,,,,,,,,,,,,,,,,,,45.0,28.0,73.0,10.0,50.0,28.0,6.0,19.0,1.0,19.0,0.0,,,,,,,,,,,,,,,,,,,,,,,,,,,,,,,,,,,,,,,,,,,,,,,,,,LV,DE,2025,0.0,0.0,0.0
3843843,Arden Key,12.0,0.0,0.0,0.0,,,,,,,,,,,,,,,,,,,,,,,,,,,,,,,,,,,,,9.0,13.0,22.0,4.0,26.0,6.0,0.0,0.0,0.0,0.0,0.0,,,,,,,,,,,,,,,,,,,,,,,,,,,,,,,,,,,,,,,,,,,,,,,,,,IND,DE,2025,0.0,0.0,0.0
3843769,Donte Jackson,17.0,0.0,0.0,0.0,,,,,,,,,,,,,,,,,,,,,,,,,,,,,,,,,,,,,16.0,8.0,24.0,0.0,0.0,1.0,12.0,21.0,4.0,27.0,0.0,0.0,0.0,0.0,0.0,0.0,0.0,0.0,0.0,0.0,,,,,,,,,,,,,,,,,,,,,,,,,,,,,,,,,,,,,,,,,LAC,CB,2025,0.0,0.0,0.0
3728281,Blake Cashman,13.0,1.0,0.0,0.0,,,,,,,,,,,,,,,,,,,,,,,,,,,,,,,,,,,,,61.0,83.0,144.0,2.0,15.0,4.0,2.0,0.0,0.0,0.0,0.0,,,,,,,,,,,,,,,,,,,,,,,,,,,,,,,,,,,,,,,,,,,,,,,,,,MIN,LB,2025,0.0,0.0,0.0
3728258,Clelin Ferrell,9.0,0.0,0.0,0.0,,,,,,,,,,,,,,,,,,,,,,,,,,,,,,,,,,,,,13.0,12.0,25.0,4.0,37.0,4.0,0.0,0.0,0.0,0.0,0.0,0.0,0.0,0.0,0.0,0.0,0.0,0.0,0.0,0.0,,,,,,,,,,,,,,,,,,,,,,,,,,,,,,,,,,,,,,,,,,,2025,0.0,0.0,0.0
3693166,Josh Sweat,17.0,4.0,1.0,0.0,,,,,,,,,,,,,,,,,,,,,,,,,,,,,,,,,,,,,20.0,10.0,30.0,12.0,81.0,13.0,2.0,0.0,0.0,0.0,0.0,0.0,0.0,0.0,0.0,0.0,0.0,0.0,0.0,0.0,,,,,,,,,,,,,,,,,,,,,,,,,,,,,,,,,,,,,,,,,ARI,LB,2025,0.0,0.0,0.0
3691739,Derwin James Jr.,16.0,1.0,0.0,0.0,,,,,,,,,,,,,,,,,,,,,,,,,,,,,,,,,,,,,50.0,44.0,94.0,2.0,13.5,6.0,7.0,21.0,3.0,28.0,0.0,0.0,0.0,0.0,0.0,0.0,0.0,0.0,0.0,0.0,,,,,,,,,,,,,,,,,,,,,,,,,,,,,,,,,,,,,,,,,LAC,S,2025,0.0,0.0,0.0
3672833,Chris Lindstrom,17.0,0.0,0.0,0.0,,,,,,,,,,,,,,,,,,,,,,,,,,,,,,,,,,,,,0.0,2.0,2.0,0.0,0.0,0.0,0.0,0.0,0.0,0.0,0.0,0.0,0.0,0.0,0.0,0.0,0.0,0.0,0.0,0.0,,,,,,,,,,,,,,,,,,,,,,,,,,,,,,,,,,,,,,,,,ATL,G,2025,0.0,0.0,0.0
3155647,Mike Edwards,6.0,0.0,0.0,0.0,,,,,,,,,,,,,,,,,,,,,,,,,,,,,,,,,,,,,9.0,5.0,14.0,0.0,0.0,1.0,1.0,0.0,0.0,0.0,0.0,0.0,0.0,0.0,0.0,0.0,0.0,0.0,0.0,0.0,,,,,,,,,,,,,,,,,,,,,,,,,,,,,,,,,,,,,,,,,,,2025,0.0,0.0,0.0
3139389,D'Angelo Ross,10.0,0.0,0.0,0.0,,,,,,,,,,,,,,,,,,,,,,,,,,,,,,,,,,,,,5.0,4.0,9.0,0.0,0.0,0.0,2.0,0.0,0.0,0.0,0.0,0.0,0.0,0.0,0.0,0.0,0.0,0.0,0.0,0.0,,,,,,,,,,,,,,,,,,,,,,,,,,,,,,,,,,,,,,,,,CLE,CB,2025,0.0,0.0,0.0
3139387,D.J. Reed,11.0,1.0,1.0,0.0,,,,,,,,,,,,,,,,,,,,,,,,,,,,,,,,,,,,,37.0,9.0,46.0,0.0,0.0,0.0,7.0,34.0,2.0,34.0,0.0,,,,,,,,,,,,,,,,,,,,,,,,,,,,,,,,,,,,,,,,,,,,,,,,,,DET,CB,2025,0.0,0.0,0.0
3139368,Marcus Epps,12.0,0.0,0.0,0.0,,,,,,,,,,,,,,,,,,,,,,,,,,,,,,,,,,,,,18.0,3.0,21.0,0.0,0.0,1.0,0.0,0.0,0.0,0.0,0.0,0.0,0.0,0.0,0.0,0.0,0.0,0.0,0.0,0.0,,,,,,,,,,,,,,,,,,,,,,,,,,,,,,,,,,,,,,,,,PHI,S,2025,0.0,0.0,0.0
3139166,Mitchell Fraboni,17.0,0.0,0.0,0.0,,,,,,,,,,,,,,,,,,,,,,,,,,,,,,,,,,,,,3.0,1.0,4.0,0.0,0.0,0.0,0.0,0.0,0.0,0.0,0.0,0.0,0.0,0.0,0.0,0.0,0.0,0.0,0.0,0.0,,,,,,,,,,,,,,,,,,,,,,,,,,,,,,,,,,,,,,,,,DEN,LS,2025,0.0,0.0,0.0
3858271,Ashtyn Davis,15.0,1.0,0.0,0.0,,,,,,,,,,,,,,,,,,,,,,,,,,,,,,,,,,,,,43.0,22.0,65.0,0.0,0.0,3.0,4.0,21.0,1.0,21.0,0.0,0.0,0.0,0.0,0.0,0.0,0.0,0.0,0.0,0.0,,,,,,,,,,,,,,,,,,,,,,,,,,,,,,,,,,,,,,,,,SF,S,2025,0.0,0.0,0.0
3916577,Cam Lewis,17.0,2.0,0.0,0.0,,,,,,,,,,,,,,,,,,,,,,,,,,,,,,,,,,,,,33.0,10.0,43.0,0.0,0.0,1.0,4.0,0.0,0.0,0.0,0.0,0.0,0.0,0.0,0.0,0.0,0.0,0.0,0.0,0.0,,,,,,,,,,,,,,,,,,,,,,,,,,,,,,,,,,,,,,,,,CHI,CB,2025,0.0,0.0,0.0
3916409,Jonathan Greenard,12.0,1.0,0.0,0.0,,,,,,,,,,,,,,,,,,,,,,,,,,,,,,,,,,,,,19.0,19.0,38.0,3.0,19.5,10.0,3.0,0.0,0.0,0.0,0.0,,,,,,,,,,,,,,,,,,,,,,,,,,,,,,,,,,,,,,,,,,,,,,,,,,PHI,LB,2025,0.0,0.0,0.0
3916370,Jack Fox,17.0,0.0,0.0,0.0,,,,,,,,,,,,,,,,,,,,,,,,,,,,,,,,,,,,,2.0,0.0,2.0,0.0,0.0,0.0,0.0,0.0,0.0,0.0,0.0,0.0,0.0,0.0,0.0,0.0,0.0,0.0,0.0,0.0,,,,,,,,,,,,,,,,,,,,,,,,,,,,,56.0,2611.0,70.0,46.625,42.82099914550781,0.0,28.0,2.0,26.0,22.0,173.0,7.863999843597412,DET,P,2025,0.0,0.0,0.0
3916144,Arthur Maulet,9.0,0.0,0.0,0.0,,,,,,,,,,,,,,,,,,,,,,,,,,,,,,,,,,,,,11.0,3.0,14.0,0.0,0.0,0.0,2.0,0.0,1.0,0.0,0.0,0.0,0.0,0.0,0.0,0.0,0.0,0.0,0.0,0.0,,,,,,,,,,,,,,,,,,,,,,,,,,,,,,,,,,,,,,,,,,,2025,0.0,0.0,0.0
3916075,Colton McKivitz,17.0,0.0,0.0,0.0,,,,,,,,,,,,,,,,,,,,,,,,,,,,,,,,,,,,,2.0,1.0,3.0,0.0,0.0,0.0,0.0,0.0,0.0,0.0,0.0,0.0,0.0,0.0,0.0,0.0,0.0,0.0,0.0,0.0,,,,,,,,,,,,,,,,,,,,,,,,,,,,,,,,,,,,,,,,,SF,OT,2025,0.0,0.0,0.0
3915837,Broderick Washington Jr.,3.0,0.0,0.0,0.0,,,,,,,,,,,,,,,,,,,,,,,,,,,,,,,,,,,,,1.0,3.0,4.0,0.0,0.0,0.0,1.0,0.0,0.0,0.0,0.0,0.0,0.0,0.0,0.0,0.0,0.0,0.0,0.0,0.0,,,,,,,,,,,,,,,,,,,,,,,,,,,,,,,,,,,,,,,,,BAL,DT,2025,0.0,0.0,0.0
3915535,Denzel Ward,15.0,0.0,0.0,0.0,,,,,,,,,,,,,,,,,,,,,,,,,,,,,,,,,,,,,29.0,10.0,39.0,0.0,0.0,2.0,9.0,13.0,1.0,13.0,0.0,0.0,0.0,0.0,0.0,0.0,0.0,0.0,0.0,0.0,,,,,,,,,,,,,,,,,,,,,,,,,,,,,,,,,,,,,,,,,CLE,CB,2025,0.0,0.0,0.0
3915528,Liam McCullough,17.0,0.0,0.0,0.0,,,,,,,,,,,,,,,,,,,,,,,,,,,,,,,,,,,,,0.0,1.0,1.0,0.0,0.0,0.0,0.0,0.0,0.0,0.0,0.0,0.0,0.0,0.0,0.0,0.0,0.0,0.0,0.0,0.0,,,,,,,,,,,,,,,,,,,,,,,,,,,,,,,,,,,,,,,,,ATL,LS,2025,0.0,0.0,0.0
3915525,Dre'Mont Jones,18.0,0.0,2.0,0.0,,,,,,,,,,,,,,,,,,,,,,,,,,,,,,,,,,,,,19.0,24.0,43.0,7.0,42.0,7.0,1.0,0.0,0.0,0.0,0.0,0.0,0.0,0.0,0.0,0.0,0.0,0.0,0.0,0.0,,,,,,,,,,,,,,,,,,,,,,,,,,,,,,,,,,,,,,,,,NE,DE,2025,0.0,0.0,0.0
3915520,DaVon Hamilton,17.0,0.0,0.0,0.0,,,,,,,,,,,,,,,,,,,,,,,,,,,,,,,,,,,,,15.0,23.0,38.0,1.0,7.0,3.0,0.0,0.0,0.0,0.0,0.0,0.0,0.0,0.0,0.0,0.0,0.0,0.0,0.0,0.0,,,,,,,,,,,,,,,,,,,,,,,,,,,,,,,,,,,,,,,,,JAX,DT,2025,0.0,0.0,0.0
3915507,Jerome Baker,17.0,2.0,0.0,0.0,,,,,,,,,,,,,,,,,,,,,,,,,,,,,,,,,,,,,11.0,29.0,40.0,1.5,11.5,3.0,0.0,0.0,0.0,0.0,0.0,0.0,0.0,0.0,0.0,0.0,0.0,0.0,0.0,0.0,,,,,,,,,,,,,,,,,,,,,,,,,,,,,,,,,,,,,,,,,,,2025,0.0,0.0,0.0
3915506,Damon Arnette,2.0,0.0,0.0,0.0,,,,,,,,,,,,,,,,,,,,,,,,,,,,,,,,,,,,,3.0,0.0,3.0,0.0,0.0,0.0,0.0,0.0,0.0,0.0,0.0,,,,,,,,,,,,,,,,,,,,,,,,,,,,,,,,,,,,,,,,,,,,,,,,,,,,2025,0.0,0.0,0.0
3895791,Dane Jackson,3.0,0.0,0.0,0.0,,,,,,,,,,,,,,,,,,,,,,,,,,,,,,,,,,,,,0.0,3.0,3.0,0.0,0.0,0.0,0.0,0.0,0.0,0.0,0.0,0.0,0.0,0.0,0.0,0.0,0.0,0.0,0.0,0.0,,,,,,,,,,,,,,,,,,,,,,,,,,,,,,,,,,,,,,,,,JAX,CB,2025,0.0,0.0,0.0
3915470,Danny Pinter,17.0,0.0,0.0,0.0,,,,,,,,,,,,,,,,,,,,,,,,,,,,,,,,,,,,,0.0,0.0,0.0,0.0,0.0,0.0,0.0,0.0,0.0,0.0,0.0,0.0,0.0,0.0,0.0,0.0,0.0,0.0,0.0,0.0,,,,,,,,,,,,,,,,,,,,,,,,,,,,,,,,,,,,,,,,,BAL,C,2025,0.0,0.0,0.0
3915437,Isaiah Oliver,14.0,0.0,0.0,0.0,,,,,,,,,,,,,,,,,,,,,,,,,,,,,,,,,,,,,29.0,26.0,55.0,0.0,0.0,0.0,3.0,0.0,0.0,0.0,0.0,0.0,0.0,0.0,0.0,0.0,0.0,0.0,0.0,0.0,,,,,,,,,,,,,,,,,,,,,,,,,,,,,,,,,,,,,,,,,ARI,S,2025,0.0,0.0,0.0
3915419,Darnell Savage,12.0,1.0,0.0,0.0,,,,,,,,,,,,,,,,,,,,,,,,,,,,,,,,,,,,,10.0,8.0,18.0,0.0,0.0,0.0,3.0,0.0,0.0,0.0,0.0,0.0,0.0,0.0,0.0,0.0,0.0,0.0,0.0,0.0,,,,,,,,,,,,,,,,,,,,,,,,,,,,,,,,,,,,,,,,,PIT,S,2025,0.0,0.0,0.0
3915396,Darrell Taylor,4.0,0.0,0.0,0.0,,,,,,,,,,,,,,,,,,,,,,,,,,,,,,,,,,,,,1.0,2.0,3.0,0.0,0.0,0.0,0.0,0.0,0.0,0.0,0.0,0.0,0.0,0.0,0.0,0.0,0.0,0.0,0.0,0.0,,,,,,,,,,,,,,,,,,,,,,,,,,,,,,,,,,,,,,,,,,,2025,0.0,0.0,0.0
3915297,Will Harris,9.0,1.0,0.0,0.0,,,,,,,,,,,,,,,,,,,,,,,,,,,,,,,,,,,,,22.0,16.0,38.0,1.0,3.0,1.0,3.0,0.0,0.0,0.0,0.0,,,,,,,,,,,,,,,,,,,,,,,,,,,,,,,,,,,,,,,,,,,,,,,,,,WSH,S,2025,0.0,0.0,0.0
3915282,Zach Allen,17.0,0.0,0.0,0.0,,,,,,,,,,,,,,,,,,,,,,,,,,,,,,,,,,,,,14.0,24.0,38.0,7.0,46.5,4.0,6.0,0.0,0.0,0.0,0.0,,,,,,,,,,,,,,,,,,,,,,,,,,,,,,,,,,,,,,,,,,,,,,,,,,DEN,DE,2025,0.0,0.0,0.0
3915239,Josh Hines-Allen,17.0,0.0,0.0,0.0,,,,,,,,,,,,,,,,,,,,,,,,,,,,,,,,,,,,,28.0,21.0,49.0,8.0,64.5,12.0,3.0,0.0,0.0,0.0,0.0,,,,,,,,,,,,,,,,,,,,,,,,,,,,,,,,,,,,,,,,,,,,,,,,,,JAX,DE,2025,0.0,0.0,0.0
3915189,Roquan Smith,15.0,0.0,1.0,1.0,,,,,,,,,,,,,,,,,,,,,,,,,,,,,,,,,,,,,76.0,54.0,130.0,0.0,0.0,5.0,3.0,0.0,0.0,0.0,0.0,,,,,,,,,,,,,,,,,,,,,,,,,,,,,,,,,,,,,,,,,,,,,,,,,,BAL,LB,2025,0.0,0.0,0.0
3913293,Rex Sunahara,17.0,0.0,0.0,0.0,,,,,,,,,,,,,,,,,,,,,,,,,,,,,,,,,,,,,3.0,4.0,7.0,0.0,0.0,0.0,0.0,0.0,0.0,0.0,0.0,0.0,0.0,0.0,0.0,0.0,0.0,0.0,0.0,0.0,,,,,,,,,,,,,,,,,,,,,,,,,,,,,,,,,,,,,,,,,CLE,LS,2025,0.0,0.0,0.0
3910229,Rock Ya-Sin,17.0,0.0,0.0,0.0,,,,,,,,,,,,,,,,,,,,,,,,,,,,,,,,,,,,,27.0,20.0,47.0,0.0,0.0,0.0,9.0,0.0,0.0,0.0,0.0,0.0,0.0,0.0,0.0,0.0,0.0,0.0,0.0,0.0,,,,,,,,,,,,,,,,,,,,,,,,,,,,,,,,,,,,,,,,,DET,CB,2025,0.0,0.0,0.0
3909013,Christian Rozeboom,15.0,1.0,0.0,0.0,,,,,,,,,,,,,,,,,,,,,,,,,,,,,,,,,,,,,59.0,63.0,122.0,2.0,9.0,7.0,3.0,20.0,1.0,20.0,0.0,,,,,,,,,,,,,,,,,,,,,,,,,,,,,,,,,,,,,,,,,,,,,,,,,,TB,LB,2025,0.0,0.0,0.0
3895841,Mike Hughes,12.0,0.0,0.0,0.0,,,,,,,,,,,,,,,,,,,,,,,,,,,,,,,,,,,,,40.0,11.0,51.0,0.0,0.0,2.0,7.0,6.0,1.0,6.0,0.0,0.0,0.0,0.0,0.0,0.0,0.0,0.0,0.0,0.0,,,,,,,,,,,,,,,,,,,,,,,,,,,,,,,,,,,,,,,,,ATL,CB,2025,0.0,0.0,0.0
3915487,Mike Danna,15.0,0.0,0.0,0.0,,,,,,,,,,,,,,,,,,,,,,,,,,,,,,,,,,,,,8.0,17.0,25.0,1.0,10.0,3.0,1.0,10.0,1.0,10.0,0.0,0.0,0.0,0.0,0.0,0.0,0.0,0.0,0.0,0.0,,,,,,,,,,,,,,,,,,,,,,,,,,,,,,,,,,,,,,,,,BUF,DE,2025,0.0,0.0,0.0
4576069,Brandon Codrington,4.0,0.0,0.0,0.0,0.0,0.0,0.0,0.0,0.0,0.0,0.0,0.0,0.0,0.0,0.0,,39.58300018310547,,0.0,0.0,0.0,0.0,0.0,0.0,0.0,0.0,0.0,0.0,0.0,0.0,0.0,0.0,0.0,0.0,0.0,0.0,0.0,0.0,0.0,0.0,0.0,0.0,0.0,0.0,0.0,0.0,0.0,0.0,0.0,0.0,0.0,,,,,,,,,,14.0,375.0,26.785715103149414,41.0,0.0,10.0,58.0,5.800000190734863,15.0,0.0,4.0,,,,,,,,,,,,,,,,,,,,,,,,,,,,,,HOU,CB,2025,0.0,0.0,0.0
3916749,Giovanni Ricci,3.0,,,0.0,0.0,0.0,0.0,0.0,0.0,0.0,0.0,0.0,0.0,0.0,0.0,,39.58300018310547,,0.0,0.0,0.0,0.0,0.0,0.0,0.0,0.0,0.0,0.0,0.0,1.0,0.0,0.0,0.0,0.0,0.0,0.0,0.0,0.0,0.0,0.0,,,,,,,,,,,,0.0,0.0,0.0,0.0,0.0,0.0,0.0,0.0,0.0,,,,,,,,,,,,,,,,,,,,,,,,,,,,,,,,,,,,,,,,,,,2025,0.0,0.0,0.0
3917960,Steven Sims,3.0,,,0.0,0.0,0.0,0.0,0.0,0.0,0.0,0.0,0.0,0.0,0.0,0.0,,39.58300018310547,,0.0,0.0,0.0,0.0,0.0,0.0,0.0,0.0,0.0,0.0,0.0,1.0,0.0,0.0,0.0,0.0,0.0,0.0,0.0,0.0,0.0,0.0,,,,,,,,,,,,,,,,,,,,,10.0,236.0,23.600000381469727,31.0,0.0,3.0,32.0,10.666666984558105,18.0,0.0,0.0,,,,,,,,,,,,,,,,,,,,,,,,,,,,,,,,2025,0.0,0.0,0.0
3115928,Malik Turner,3.0,0.0,0.0,0.0,0.0,0.0,0.0,0.0,0.0,0.0,0.0,0.0,0.0,0.0,0.0,,39.58300018310547,,0.0,0.0,0.0,0.0,0.0,0.0,0.0,0.0,0.0,0.0,0.0,1.0,0.0,0.0,0.0,0.0,0.0,0.0,0.0,0.0,0.0,0.0,3.0,0.0,3.0,0.0,0.0,0.0,0.0,0.0,0.0,0.0,0.0,0.0,0.0,0.0,0.0,0.0,0.0,0.0,0.0,0.0,,,,,,,,,,,,,,,,,,,,,,,,,,,,,,,,,,,,,,,,,SF,WR,2025,0.0,0.0,0.0
2580216,DeAndre Carter,4.0,0.0,0.0,0.0,0.0,0.0,0.0,0.0,0.0,0.0,0.0,0.0,0.0,0.0,0.0,,39.58300018310547,,0.0,0.0,0.0,0.0,0.0,0.0,0.0,0.0,0.0,0.0,0.0,0.0,0.0,0.0,0.0,0.0,0.0,0.0,0.0,0.0,0.0,0.0,0.0,0.0,0.0,0.0,0.0,0.0,0.0,0.0,0.0,0.0,0.0,,,,,,,,,,11.0,274.0,24.909090042114258,32.0,0.0,6.0,56.0,9.333333015441895,15.0,0.0,5.0,,,,,,,,,,,,,,,,,,,,,,,,,,,,,,,,2025,0.0,0.0,0.0
4689988,Jason Brownlee,6.0,0.0,0.0,0.0,0.0,0.0,0.0,0.0,0.0,0.0,0.0,0.0,0.0,0.0,0.0,,39.58300018310547,,0.0,0.0,0.0,0.0,0.0,0.0,0.0,0.0,0.0,0.0,0.0,1.0,0.0,0.0,0.0,0.0,0.0,0.0,0.0,0.0,0.0,0.0,1.0,1.0,2.0,0.0,0.0,0.0,0.0,0.0,0.0,0.0,0.0,0.0,0.0,0.0,0.0,0.0,0.0,0.0,0.0,0.0,,,,,,,,,,,,,,,,,,,,,,,,,,,,,,,,,,,,,,,,,KC,WR,2025,0.0,0.0,0.0
4360290,Brayden Willis,6.0,0.0,0.0,0.0,0.0,0.0,0.0,0.0,0.0,0.0,0.0,0.0,0.0,0.0,0.0,,39.58300018310547,,0.0,0.0,0.0,0.0,0.0,0.0,0.0,0.0,0.0,0.0,0.0,1.0,0.0,0.0,0.0,0.0,0.0,0.0,0.0,0.0,0.0,0.0,3.0,3.0,6.0,0.0,0.0,0.0,0.0,0.0,0.0,0.0,0.0,,,,,,,,,,,,,,,,,,,,,,,,,,,,,,,,,,,,,,,,,,,,,,,,,,SF,TE,2025,0.0,0.0,0.0
3061612,Jamal Agnew,11.0,0.0,0.0,0.0,0.0,0.0,0.0,0.0,0.0,0.0,0.0,0.0,0.0,0.0,0.0,,39.58300018310547,,0.0,0.0,0.0,0.0,0.0,0.0,0.0,0.0,0.0,0.0,0.0,0.0,0.0,0.0,0.0,0.0,0.0,0.0,0.0,0.0,0.0,0.0,0.0,0.0,0.0,0.0,0.0,0.0,0.0,0.0,0.0,0.0,0.0,,,,,,,,,,30.0,741.0,24.700000762939453,45.0,0.0,15.0,114.0,7.599999904632568,17.0,0.0,8.0,,,,,,,,,,,,,,,,,,,,,,,,,,,,,,,,2025,0.0,0.0,0.0
4569547,Nick Kallerup,9.0,0.0,0.0,0.0,0.0,0.0,0.0,0.0,0.0,0.0,0.0,0.0,0.0,0.0,0.0,,39.58300018310547,,0.0,0.0,0.0,0.0,0.0,0.0,0.0,0.0,0.0,0.0,0.0,1.0,0.0,0.0,0.0,0.0,0.0,0.0,0.0,0.0,0.0,0.0,2.0,0.0,2.0,0.0,0.0,0.0,0.0,0.0,0.0,0.0,0.0,0.0,0.0,0.0,0.0,0.0,0.0,0.0,0.0,0.0,,,,,,,,,,,,,,,,,,,,,,,,,,,,,,,,,,,,,,,,,SEA,TE,2025,0.0,0.0,0.0
4428633,Dadrion Taylor-Demerson,12.0,0.0,0.0,0.0,0.0,0.0,0.0,0.0,0.0,0.0,0.0,0.0,0.0,0.0,0.0,,39.58300018310547,,0.0,0.0,0.0,0.0,0.0,0.0,0.0,0.0,0.0,0.0,0.0,0.0,0.0,0.0,0.0,0.0,0.0,0.0,0.0,0.0,0.0,0.0,32.0,27.0,59.0,0.0,0.0,0.0,6.0,18.0,2.0,18.0,0.0,,,,,,,,,,,,,,,,,,,,,,,,,,,,,,,,,,,,,,,,,,,,,,,,,,ARI,S,2025,0.0,0.0,0.0
3056608,Austin Corbett,13.0,,,-8.0,0.0,0.0,0.0,0.0,0.0,0.0,0.0,0.0,0.0,0.0,0.0,,39.58300018310547,,0.0,0.0,0.0,0.0,0.0,0.0,0.0,1.0,0.0,0.0,0.0,0.0,0.0,0.0,0.0,0.0,0.0,0.0,0.0,0.0,0.0,0.0,,,,,,,,,,,,0.0,0.0,0.0,0.0,0.0,0.0,0.0,0.0,0.0,,,,,,,,,,,,,,,,,,,,,,,,,,,,,,,,,,,,,,,,,BUF,C,2025,0.0,0.0,0.0
3050073,Foyesade Oluokun,17.0,2.0,1.0,0.0,,,,,,,,,,,,,,,,,,,,,,,,,,,,,,,,,,,,,69.0,74.0,143.0,1.0,3.0,5.0,11.0,0.0,1.0,0.0,0.0,,,,,,,,,,,,,,,,,,,,,,,,,,,,,,,,,,,,,,,,,,,,,,,,,,JAX,LB,2025,0.0,0.0,0.0
4076803,Jordan Meredith,13.0,,,0.0,0.0,0.0,0.0,0.0,0.0,0.0,0.0,0.0,0.0,0.0,0.0,,39.58300018310547,,0.0,0.0,0.0,0.0,0.0,0.0,0.0,1.0,0.0,0.0,0.0,0.0,0.0,0.0,0.0,0.0,0.0,0.0,0.0,0.0,0.0,0.0,,,,,,,,,,,,0.0,0.0,0.0,0.0,0.0,0.0,0.0,0.0,0.0,,,,,,,,,,,,,,,,,,,,,,,,,,,,,,,,,,,,,,,,,LV,C,2025,0.0,0.0,0.0
4239094,Coby Bryant,15.0,1.0,0.0,0.0,0.0,0.0,0.0,0.0,0.0,0.0,0.0,0.0,0.0,0.0,0.0,,39.58300018310547,,0.0,0.0,0.0,0.0,0.0,0.0,0.0,0.0,0.0,0.0,0.0,0.0,0.0,0.0,0.0,0.0,0.0,0.0,0.0,0.0,0.0,0.0,39.0,27.0,66.0,0.0,0.0,4.0,7.0,28.0,4.0,43.0,0.0,,,,,,,,,,,,,,,,,,,,,,,,,,,,,,,,,,,,,,,,,,,,,,,,,,CHI,S,2025,0.0,0.0,0.0
4240459,Josh Blackwell,15.0,0.0,0.0,0.0,0.0,0.0,0.0,0.0,0.0,0.0,0.0,0.0,0.0,0.0,0.0,,39.58300018310547,,0.0,0.0,0.0,0.0,0.0,0.0,0.0,0.0,0.0,0.0,0.0,0.0,0.0,0.0,0.0,0.0,0.0,0.0,0.0,0.0,0.0,0.0,3.0,6.0,9.0,0.0,0.0,0.0,0.0,0.0,0.0,0.0,0.0,0.0,0.0,0.0,0.0,0.0,0.0,0.0,0.0,0.0,18.0,455.0,25.27777862548828,34.0,0.0,0.0,0.0,0.0,0.0,0.0,0.0,,,,,,,,,,,,,,,,,,,,,,,,,,,,,,CHI,CB,2025,0.0,0.0,0.0
4361178,Cam Jurgens,14.0,,,-12.0,0.0,0.0,0.0,0.0,0.0,0.0,0.0,0.0,0.0,0.0,0.0,,39.58300018310547,,0.0,0.0,0.0,0.0,0.0,0.0,0.0,1.0,0.0,0.0,0.0,0.0,0.0,0.0,0.0,0.0,0.0,0.0,0.0,0.0,0.0,0.0,,,,,,,,,,,,0.0,0.0,0.0,0.0,0.0,0.0,0.0,0.0,0.0,,,,,,,,,,,,,,,,,,,,,,,,,,,,,,,,,,,,,,,,,PHI,C,2025,0.0,0.0,0.0
4257188,Charlie Jones,14.0,0.0,0.0,0.0,0.0,0.0,0.0,0.0,0.0,0.0,0.0,0.0,0.0,0.0,0.0,,39.58300018310547,,0.0,0.0,0.0,0.0,0.0,0.0,0.0,0.0,0.0,0.0,0.0,1.0,0.0,0.0,0.0,0.0,0.0,0.0,0.0,0.0,0.0,0.0,0.0,0.0,0.0,0.0,0.0,0.0,0.0,0.0,0.0,0.0,0.0,,,,,,,,,,42.0,1084.0,25.809524536132812,98.0,1.0,13.0,115.0,8.84615421295166,23.0,0.0,12.0,,,,,,,,,,,,,,,,,,,,,,,,,,,,,,CIN,WR,2025,0.0,0.0,0.0
4430656,Myles Price,16.0,,,0.0,0.0,0.0,0.0,0.0,0.0,0.0,0.0,0.0,0.0,0.0,0.0,,39.58300018310547,,0.0,0.0,0.0,0.0,0.0,0.0,0.0,0.0,0.0,0.0,0.0,0.0,0.0,0.0,0.0,0.0,0.0,0.0,0.0,0.0,0.0,0.0,,,,,,,,,,,,,,,,,,,,,57.0,1479.0,25.947368621826172,61.0,0.0,30.0,298.0,9.933333396911621,43.0,0.0,12.0,,,,,,,,,,,,,,,,,,,,,,,,,,,,,,MIN,WR,2025,0.0,0.0,0.0
4362580,Bernhard Raimann,16.0,0.0,0.0,0.0,0.0,0.0,0.0,0.0,0.0,0.0,0.0,0.0,0.0,0.0,0.0,,39.58300018310547,,0.0,0.0,0.0,0.0,0.0,0.0,0.0,0.0,0.0,0.0,0.0,1.0,0.0,0.0,0.0,0.0,0.0,0.0,0.0,0.0,0.0,0.0,0.0,0.0,0.0,0.0,0.0,0.0,0.0,0.0,0.0,0.0,0.0,0.0,0.0,0.0,0.0,0.0,0.0,0.0,0.0,0.0,,,,,,,,,,,,,,,,,,,,,,,,,,,,,,,,,,,,,,,,,IND,OT,2025,0.0,0.0,0.0
4430957,Tanor Bortolini,16.0,0.0,0.0,0.0,0.0,0.0,0.0,0.0,0.0,0.0,0.0,0.0,0.0,0.0,0.0,,39.58300018310547,,0.0,0.0,0.0,0.0,0.0,0.0,0.0,1.0,0.0,0.0,0.0,0.0,0.0,0.0,0.0,0.0,0.0,0.0,0.0,0.0,0.0,0.0,1.0,0.0,1.0,0.0,0.0,0.0,0.0,0.0,0.0,0.0,0.0,0.0,0.0,0.0,0.0,0.0,0.0,0.0,0.0,0.0,,,,,,,,,,,,,,,,,,,,,,,,,,,,,,,,,,,,,,,,,IND,C,2025,0.0,0.0,0.0
4689989,Natrone Brooks,17.0,0.0,0.0,0.0,0.0,0.0,0.0,0.0,0.0,0.0,0.0,0.0,0.0,0.0,0.0,,39.58300018310547,,0.0,0.0,0.0,0.0,0.0,0.0,0.0,0.0,0.0,0.0,0.0,0.0,0.0,0.0,0.0,0.0,0.0,0.0,0.0,0.0,0.0,0.0,8.0,2.0,10.0,0.0,0.0,0.0,2.0,0.0,0.0,0.0,0.0,0.0,0.0,0.0,0.0,0.0,0.0,0.0,0.0,0.0,15.0,288.0,19.200000762939453,26.0,0.0,0.0,0.0,0.0,0.0,0.0,3.0,,,,,,,,,,,,,,,,,,,,,,,,,,,,,,ATL,CB,2025,0.0,0.0,0.0
4690143,LaJohntay Wester,17.0,,,0.0,0.0,0.0,0.0,0.0,0.0,0.0,0.0,0.0,0.0,0.0,0.0,,39.58300018310547,,0.0,0.0,0.0,0.0,0.0,0.0,0.0,0.0,0.0,0.0,0.0,0.0,0.0,0.0,0.0,0.0,0.0,0.0,0.0,0.0,0.0,0.0,,,,,,,,,,,,0.0,0.0,0.0,0.0,0.0,0.0,0.0,0.0,0.0,10.0,246.0,24.600000381469727,32.0,0.0,16.0,198.0,12.375,35.0,0.0,8.0,,,,,,,,,,,,,,,,,,,,,,,,,,,,,,BAL,WR,2025,0.0,0.0,0.0
4245185,Riq Woolen,16.0,0.0,0.0,0.0,0.0,0.0,0.0,0.0,0.0,0.0,0.0,0.0,0.0,0.0,0.0,,39.58300018310547,,0.0,0.0,0.0,0.0,0.0,0.0,0.0,0.0,0.0,0.0,0.0,0.0,0.0,0.0,0.0,0.0,0.0,0.0,0.0,0.0,0.0,0.0,33.0,8.0,41.0,0.0,0.0,1.0,12.0,30.0,1.0,30.0,0.0,0.0,0.0,0.0,0.0,0.0,0.0,0.0,0.0,0.0,,,,,,,,,,,,,,,,,,,,,,,,,,,,,,,,,,,,,,,,,PHI,CB,2025,0.0,0.0,0.0
4429775,Zach Frazier,17.0,0.0,0.0,-16.0,0.0,0.0,0.0,0.0,0.0,0.0,0.0,0.0,0.0,0.0,0.0,,39.58300018310547,,0.0,0.0,0.0,0.0,0.0,0.0,0.0,1.0,0.0,0.0,0.0,0.0,0.0,0.0,0.0,0.0,0.0,0.0,0.0,0.0,0.0,0.0,1.0,0.0,1.0,0.0,0.0,0.0,0.0,0.0,0.0,0.0,0.0,0.0,0.0,0.0,0.0,0.0,0.0,0.0,0.0,0.0,,,,,,,,,,,,,,,,,,,,,,,,,,,,,,,,,,,,,,,,,PIT,C,2025,0.0,0.0,0.0
4248627,Trevor Penning,13.0,,,0.0,0.0,0.0,0.0,0.0,0.0,0.0,0.0,0.0,0.0,0.0,0.0,,39.58300018310547,,0.0,0.0,0.0,0.0,0.0,0.0,0.0,0.0,0.0,0.0,0.0,1.0,0.0,0.0,0.0,0.0,0.0,0.0,0.0,0.0,0.0,0.0,,,,,,,,,,,,0.0,0.0,0.0,0.0,0.0,0.0,0.0,0.0,0.0,,,,,,,,,,,,,,,,,,,,,,,,,,,,,,,,,,,,,,,,,LAC,G,2025,0.0,0.0,0.0
15797,Lane Johnson,10.0,0.0,0.0,0.0,,,,,,,,,,,,,,,,,,,,,,,,,,,,,,,,,,,,,1.0,0.0,1.0,0.0,0.0,0.0,0.0,0.0,0.0,0.0,0.0,0.0,0.0,0.0,0.0,0.0,0.0,0.0,0.0,0.0,,,,,,,,,,,,,,,,,,,,,,,,,,,,,,,,,,,,,,,,,PHI,OT,2025,0.0,0.0,0.0
15726,Andrew DePaola,17.0,0.0,0.0,0.0,,,,,,,,,,,,,,,,,,,,,,,,,,,,,,,,,,,,,0.0,1.0,1.0,0.0,0.0,0.0,0.0,0.0,0.0,0.0,0.0,0.0,0.0,0.0,0.0,0.0,0.0,0.0,0.0,0.0,,,,,,,,,,,,,,,,,,,,,,,,,,,,,,,,,,,,,,,,,MIN,LS,2025,0.0,0.0,0.0
15379,Charley Hughlett,8.0,0.0,0.0,0.0,,,,,,,,,,,,,,,,,,,,,,,,,,,,,,,,,,,,,1.0,0.0,1.0,0.0,0.0,0.0,0.0,0.0,0.0,0.0,0.0,0.0,0.0,0.0,0.0,0.0,0.0,0.0,0.0,0.0,,,,,,,,,,,,,,,,,,,,,,,,,,,,,,,,,,,,,,,,,,,2025,0.0,0.0,0.0
15241,Aaron Brewer,17.0,0.0,0.0,0.0,,,,,,,,,,,,,,,,,,,,,,,,,,,,,,,,,,,,,0.0,1.0,1.0,0.0,0.0,0.0,0.0,0.0,0.0,0.0,0.0,0.0,0.0,0.0,0.0,0.0,0.0,0.0,0.0,0.0,,,,,,,,,,,,,,,,,,,,,,,,,,,,,,,,,,,,,,,,,,,2025,0.0,0.0,0.0
15153,Johnny Hekker,17.0,0.0,0.0,0.0,,,,,,,,,,,,,,,,,,,,,,,,,,,,,,,,,,,,,3.0,1.0,4.0,0.0,0.0,0.0,0.0,0.0,0.0,0.0,0.0,,,,,,,,,,,,,,,,,,,,,0.0,0.0,0.0,0.0,0.0,0.0,0.0,0.0,0.0,0.0,0.0,0.0,0.0,0.0,0.0,0.0,0.0,78.0,3653.0,65.0,46.83300018310547,40.34600067138672,0.0,22.0,7.0,21.0,38.0,366.0,9.631999969482422,MIN,P,2025,0.0,0.0,0.0
15151,Josh Harris,8.0,0.0,0.0,0.0,,,,,,,,,,,,,,,,,,,,,,,,,,,,,,,,,,,,,0.0,1.0,1.0,0.0,0.0,0.0,0.0,0.0,0.0,0.0,0.0,0.0,0.0,0.0,0.0,0.0,0.0,0.0,0.0,0.0,,,,,,,,,,,,,,,,,,,,,,,,,,,,,,,,,,,,,,,,,LAC,LS,2025,0.0,0.0,0.0
14985,Lavonte David,17.0,2.0,2.0,0.0,,,,,,,,,,,,,,,,,,,,,,,,,,,,,,,,,,,,,61.0,53.0,114.0,3.5,27.0,8.0,3.0,3.0,1.0,3.0,0.0,,,,,,,,,,,,,,,,,,,,,,,,,,,,,,,,,,,,,,,,,,,,,,,,,,,,2025,0.0,0.0,0.0
14979,Bobby Wagner,17.0,0.0,0.0,0.0,,,,,,,,,,,,,,,,,,,,,,,,,,,,,,,,,,,,,79.0,83.0,162.0,4.5,22.5,8.0,4.0,6.0,2.0,7.0,0.0,,,,,,,,,,,,,,,,,,,,,,,,,,,,,,,,,,,,,,,,,,,,,,,,,,,,2025,0.0,0.0,0.0
14958,Demario Davis,17.0,2.0,1.0,0.0,,,,,,,,,,,,,,,,,,,,,,,,,,,,,,,,,,,,,64.0,79.0,143.0,0.5,4.0,6.0,3.0,0.0,0.0,0.0,0.0,,,,,,,,,,,,,,,,,,,,,,,,,,,,,,,,,,,,,,,,,,,,,,,,,,NYJ,LB,2025,0.0,0.0,0.0
14471,Nick Bellore,16.0,1.0,0.0,0.0,,,,,,,,,,,,,,,,,,,,,,,,,,,,,,,,,,,,,7.0,5.0,12.0,0.0,0.0,0.0,0.0,0.0,0.0,0.0,0.0,0.0,0.0,0.0,0.0,0.0,0.0,0.0,0.0,0.0,,,,,,,,,,,,,,,,,,,,,,,,,,,,,,,,,,,,,,,,,WSH,LB,2025,0.0,0.0,0.0
13977,Cameron Heyward,17.0,1.0,0.0,0.0,,,,,,,,,,,,,,,,,,,,,,,,,,,,,,,,,,,,,38.0,40.0,78.0,3.5,16.0,9.0,6.0,0.0,0.0,0.0,0.0,,,,,,,,,,,,,,,,,,,,,,,,,,,,,,,,,,,,,,,,,,,,,,,,,,PIT,DT,2025,0.0,0.0,0.0
4035004,Mecole Hardman Jr.,2.0,,,0.0,0.0,0.0,0.0,0.0,0.0,0.0,0.0,0.0,0.0,0.0,0.0,,39.58300018310547,,0.0,0.0,0.0,0.0,0.0,0.0,0.0,0.0,0.0,0.0,0.0,1.0,0.0,0.0,0.0,0.0,0.0,0.0,0.0,0.0,0.0,0.0,,,,,,,,,,,,,,,,,,,,,1.0,61.0,61.0,61.0,0.0,2.0,4.0,2.0,4.0,0.0,0.0,,,,,,,,,,,,,,,,,,,,,,,,,,,,,,BUF,WR,2025,0.0,0.0,0.0
13729,Jon Weeks,17.0,0.0,0.0,0.0,,,,,,,,,,,,,,,,,,,,,,,,,,,,,,,,,,,,,1.0,1.0,2.0,0.0,0.0,0.0,0.0,0.0,0.0,0.0,0.0,0.0,0.0,0.0,0.0,0.0,0.0,0.0,0.0,0.0,,,,,,,,,,,,,,,,,,,,,,,,,,,,,,,,,,,,,,,,,SF,LS,2025,0.0,0.0,0.0
13256,Jason Pierre-Paul,3.0,0.0,0.0,0.0,,,,,,,,,,,,,,,,,,,,,,,,,,,,,,,,,,,,,0.0,0.0,0.0,0.0,0.0,0.0,1.0,0.0,0.0,0.0,0.0,0.0,0.0,0.0,0.0,0.0,0.0,0.0,0.0,0.0,,,,,,,,,,,,,,,,,,,,,,,,,,,,,,,,,,,,,,,,,,,2025,0.0,0.0,0.0
13241,Trent Williams,16.0,0.0,0.0,0.0,,,,,,,,,,,,,,,,,,,,,,,,,,,,,,,,,,,,,2.0,0.0,2.0,0.0,0.0,0.0,0.0,0.0,0.0,0.0,0.0,0.0,0.0,0.0,0.0,0.0,0.0,0.0,0.0,0.0,,,,,,,,,,,,,,,,,,,,,,,,,,,,,,,,,,,,,,,,,SF,OT,2025,0.0,0.0,0.0
4426990,Jalen Moreno-Cropper,3.0,0.0,0.0,0.0,0.0,0.0,0.0,0.0,0.0,0.0,0.0,0.0,0.0,0.0,0.0,,39.58300018310547,,0.0,0.0,0.0,0.0,0.0,0.0,0.0,0.0,0.0,0.0,0.0,0.0,0.0,0.0,0.0,0.0,0.0,0.0,0.0,0.0,0.0,0.0,0.0,0.0,0.0,0.0,0.0,0.0,0.0,0.0,0.0,0.0,0.0,0.0,0.0,0.0,0.0,0.0,0.0,0.0,0.0,0.0,2.0,38.0,19.0,21.0,0.0,3.0,27.0,9.0,10.0,0.0,3.0,,,,,,,,,,,,,,,,,,,,,,,,,,,,,,NO,WR,2025,0.0,0.0,0.0
14945,Harrison Smith,15.0,1.0,1.0,0.0,,,,,,,,,,,,,,,,,,,,,,,,,,,,,,,,,,,,,37.0,17.0,54.0,1.0,7.0,3.0,10.0,11.0,2.0,12.0,0.0,0.0,0.0,0.0,0.0,0.0,0.0,0.0,0.0,0.0,,,,,,,,,,,,,,,,,,,,,,,,,,,,,,,,,,,,,,,,,,,2025,0.0,0.0,0.0
14931,Kevin Zeitler,16.0,0.0,0.0,0.0,,,,,,,,,,,,,,,,,,,,,,,,,,,,,,,,,,,,,1.0,0.0,1.0,0.0,0.0,0.0,0.0,0.0,0.0,0.0,0.0,0.0,0.0,0.0,0.0,0.0,0.0,0.0,0.0,0.0,,,,,,,,,,,,,,,,,,,,,,,,,,,,,,,,,,,,,,,,,,,2025,0.0,0.0,0.0
4426689,Ulysses Bentley IV,1.0,,,0.0,0.0,0.0,0.0,0.0,0.0,0.0,0.0,0.0,0.0,0.0,0.0,,39.58300018310547,,1.0,0.0,0.0,0.0,0.0,0.0,0.0,0.0,0.0,0.0,0.0,0.0,0.0,0.0,0.0,0.0,0.0,0.0,0.0,0.0,0.0,0.0,,,,,,,,,,,,,,,,,,,,,,,,,,,,,,,,,,,,,,,,,,,,,,,,,,,,,,,,,,,,,IND,RB,2025,0.0,0.0,0.0
4241555,Elijah Mitchell,1.0,,,0.0,0.0,0.0,0.0,0.0,0.0,0.0,0.0,0.0,0.0,0.0,0.0,,39.58300018310547,,0.0,0.0,0.0,0.0,0.0,0.0,0.0,0.0,0.0,0.0,0.0,1.0,0.0,0.0,0.0,0.0,0.0,0.0,0.0,0.0,0.0,0.0,,,,,,,,,,,,,,,,,,,,,,,,,,,,,,,,,,,,,,,,,,,,,,,,,,,,,,,,,,,,,PHI,RB,2025,0.0,0.0,0.0
13239,Brandon Graham,9.0,0.0,0.0,0.0,,,,,,,,,,,,,,,,,,,,,,,,,,,,,,,,,,,,,4.0,4.0,8.0,3.0,17.0,2.0,0.0,0.0,0.0,0.0,0.0,0.0,0.0,0.0,0.0,0.0,0.0,0.0,0.0,0.0,,,,,,,,,,,,,,,,,,,,,,,,,,,,,,,,,,,,,,,,,,,2025,0.0,0.0,0.0
11284,Calais Campbell,17.0,0.0,0.0,0.0,,,,,,,,,,,,,,,,,,,,,,,,,,,,,,,,,,,,,23.0,20.0,43.0,6.5,50.0,9.0,2.0,0.0,0.0,0.0,0.0,,,,,,,,,,,,,,,,,,,,,,,,,,,,,,,,,,,,,,,,,,,,,,,,,,BAL,DE,2025,0.0,0.0,0.0
3722362,Brett Rypien,1.0,,,0.0,0.0,0.0,0.0,0.0,0.0,0.0,0.0,0.0,0.0,1.0,2.0,0.0,39.58300018310547,0.0,0.0,0.0,0.0,0.0,0.0,0.0,0.0,0.0,0.0,0.0,0.0,0.0,0.0,0.0,0.0,0.0,0.0,0.0,0.0,0.0,0.0,0.0,,,,,,,,,,,,,,,,,,,,,,,,,,,,,,,,,,,,,,,,,,,,,,,,,,,,,,,,,,,,,,,2025,0.0,0.0,0.0
4578436,Coleman Owen,2.0,,,0.0,0.0,0.0,0.0,0.0,0.0,0.0,0.0,0.0,0.0,0.0,0.0,,39.58300018310547,,0.0,0.0,0.0,0.0,0.0,0.0,0.0,0.0,0.0,0.0,0.0,1.0,0.0,0.0,0.0,0.0,0.0,0.0,0.0,0.0,0.0,0.0,,,,,,,,,,,,,,,,,,,,,5.0,141.0,28.200000762939453,33.0,0.0,1.0,2.0,2.0,2.0,0.0,2.0,,,,,,,,,,,,,,,,,,,,,,,,,,,,,,IND,WR,2025,0.0,0.0,0.0
13976,Von Miller,17.0,0.0,0.0,0.0,,,,,,,,,,,,,,,,,,,,,,,,,,,,,,,,,,,,,16.0,10.0,26.0,9.0,66.0,6.0,0.0,0.0,0.0,0.0,0.0,0.0,0.0,0.0,0.0,0.0,0.0,0.0,0.0,0.0,,,,,,,,,,,,,,,,,,,,,,,,,,,,,,,,,,,,,,,,,,,2025,0.0,0.0,0.0
3054857,A'Shawn Robinson,17.0,0.0,1.0,0.0,0.0,0.0,0.0,0.0,0.0,0.0,0.0,0.0,0.0,0.0,0.0,,39.58300018310547,,0.0,0.0,0.0,0.0,0.0,0.0,0.0,0.0,0.0,0.0,0.0,0.0,0.0,0.0,0.0,0.0,0.0,0.0,0.0,0.0,0.0,0.0,21.0,44.0,65.0,2.5,28.0,3.0,3.0,0.0,0.0,0.0,0.0,,,,,,,,,,,,,,,,,,,,,,,,,,,,,,,,,,,,,,,,,,,,,,,,,,TB,DT,2025,0.0,0.0,0.0
4686362,Marcus Mbow,13.0,,,0.0,,,,,,,,,,,,,,,,,,,,,,,,,,,,,,,,,,,,,,,,,,,,,,,,0.0,0.0,0.0,0.0,0.0,0.0,0.0,0.0,0.0,,,,,,,,,,,,,,,,,,,,,,,,,,,,,,,,,,,,,,,,,NYG,OT,2025,0.0,0.0,0.0
4685590,Cameron Williams,1.0,,,0.0,,,,,,,,,,,,,,,,,,,,,,,,,,,,,,,,,,,,,,,,,,,,,,,,0.0,0.0,0.0,0.0,0.0,0.0,0.0,0.0,0.0,,,,,,,,,,,,,,,,,,,,,,,,,,,,,,,,,,,,,,,,,PHI,OT,2025,0.0,0.0,0.0
4685397,Jordan James,3.0,,,0.0,,,,,,,,,,,,,,,,,,,,,,,,,,,,,,,,,,,,,,,,,,,,,,,,0.0,0.0,0.0,0.0,0.0,0.0,0.0,0.0,0.0,,,,,,,,,,,,,,,,,,,,,,,,,,,,,,,,,,,,,,,,,SF,RB,2025,0.0,0.0,0.0
4685263,Tyler Booker,14.0,,,0.0,,,,,,,,,,,,,,,,,,,,,,,,,,,,,,,,,,,,,,,,,,,,,,,,0.0,0.0,0.0,0.0,0.0,0.0,0.0,0.0,0.0,,,,,,,,,,,,,,,,,,,,,,,,,,,,,,,,,,,,,,,,,DAL,G,2025,0.0,0.0,0.0
4683487,Joe Alt,6.0,,,0.0,,,,,,,,,,,,,,,,,,,,,,,,,,,,,,,,,,,,,,,,,,,,,,,,0.0,0.0,0.0,0.0,0.0,0.0,0.0,0.0,0.0,,,,,,,,,,,,,,,,,,,,,,,,,,,,,,,,,,,,,,,,,LAC,OT,2025,0.0,0.0,0.0
4682831,Kyle Hinton,17.0,,,0.0,,,,,,,,,,,,,,,,,,,,,,,,,,,,,,,,,,,,,,,,,,,,,,,,0.0,0.0,0.0,0.0,0.0,0.0,0.0,0.0,0.0,,,,,,,,,,,,,,,,,,,,,,,,,,,,,,,,,,,,,,,,,ATL,G,2025,0.0,0.0,0.0
4612077,Bryce Cabeldue,8.0,,,0.0,,,,,,,,,,,,,,,,,,,,,,,,,,,,,,,,,,,,,,,,,,,,,,,,0.0,0.0,0.0,0.0,0.0,0.0,0.0,0.0,0.0,,,,,,,,,,,,,,,,,,,,,,,,,,,,,,,,,,,,,,,,,SEA,G,2025,0.0,0.0,0.0
4611506,Ben Bartch,6.0,,,0.0,,,,,,,,,,,,,,,,,,,,,,,,,,,,,,,,,,,,,,,,,,,,,,,,0.0,0.0,0.0,0.0,0.0,0.0,0.0,0.0,0.0,,,,,,,,,,,,,,,,,,,,,,,,,,,,,,,,,,,,,,,,,DET,G,2025,0.0,0.0,0.0
4690210,Joe Huber,12.0,,,0.0,,,,,,,,,,,,,,,,,,,,,,,,,,,,,,,,,,,,,,,,,,,,,,,,0.0,0.0,0.0,0.0,0.0,0.0,0.0,0.0,0.0,,,,,,,,,,,,,,,,,,,,,,,,,,,,,,,,,,,,,,,,,MIN,G,2025,0.0,0.0,0.0
4689804,Jimmy Ciarlo,1.0,,,0.0,,,,,,,,,,,,,,,,,,,,,,,,,,,,,,,,,,,,,,,,,,,,,,,,0.0,0.0,0.0,0.0,0.0,0.0,0.0,0.0,0.0,,,,,,,,,,,,,,,,,,,,,,,,,,,,,,,,,,,,,,,,,BUF,LB,2025,0.0,0.0,0.0
4241385,Creed Humphrey,17.0,,,0.0,0.0,0.0,0.0,0.0,0.0,0.0,0.0,0.0,0.0,0.0,0.0,,39.58300018310547,,0.0,0.0,0.0,0.0,0.0,0.0,0.0,1.0,0.0,0.0,0.0,0.0,0.0,0.0,0.0,0.0,0.0,0.0,0.0,0.0,0.0,0.0,,,,,,,,,,,,0.0,0.0,0.0,0.0,0.0,0.0,0.0,0.0,0.0,,,,,,,,,,,,,,,,,,,,,,,,,,,,,,,,,,,,,,,,,KC,C,2025,0.0,0.0,0.0
4686553,Tre Hawkins III,1.0,,,0.0,,,,,,,,,,,,,,,,,,,,,,,,,,,,,,,,,,,,,,,,,,,,,,,,0.0,0.0,0.0,0.0,0.0,0.0,0.0,0.0,0.0,,,,,,,,,,,,,,,,,,,,,,,,,,,,,,,,,,,,,,,,,WSH,CB,2025,0.0,0.0,0.0
4596545,CJ Dippre,2.0,,,0.0,,,,,,,,,,,,,,,,,,,,,,,,,,,,,,,,,,,,,,,,,,,,,,,,0.0,0.0,0.0,0.0,0.0,0.0,0.0,0.0,0.0,,,,,,,,,,,,,,,,,,,,,,,,,,,,,,,,,,,,,,,,,NE,TE,2025,0.0,0.0,0.0
4596439,Dominic Lovett,12.0,,,0.0,,,,,,,,,,,,,,,,,,,,,,,,,,,,,,,,,,,,,,,,,,,,,,,,0.0,0.0,0.0,0.0,0.0,0.0,0.0,0.0,0.0,1.0,22.0,22.0,22.0,0.0,0.0,0.0,0.0,0.0,0.0,1.0,,,,,,,,,,,,,,,,,,,,,,,,,,,,,,DET,WR,2025,0.0,0.0,0.0
4576075,Corey Bullock,16.0,,,0.0,,,,,,,,,,,,,,,,,,,,,,,,,,,,,,,,,,,,,,,,,,,,,,,,0.0,0.0,0.0,0.0,0.0,0.0,0.0,0.0,0.0,,,,,,,,,,,,,,,,,,,,,,,,,,,,,,,,,,,,,,,,,BAL,C,2025,0.0,0.0,0.0
4685260,Kelvin Banks Jr.,17.0,,,0.0,,,,,,,,,,,,,,,,,,,,,,,,,,,,,,,,,,,,,,,,,,,,,,,,0.0,0.0,0.0,0.0,0.0,0.0,0.0,0.0,0.0,,,,,,,,,,,,,,,,,,,,,,,,,,,,,,,,,,,,,,,,,NO,OT,2025,0.0,0.0,0.0
4685183,JP Richardson,1.0,,,0.0,,,,,,,,,,,,,,,,,,,,,,,,,,,,,,,,,,,,,,,,,,,,,,,,0.0,0.0,0.0,0.0,0.0,0.0,0.0,0.0,0.0,,,,,,,,,,,,,,,,,,,,,,,,,,,,,,,,,,,,,,,,,CHI,WR,2025,0.0,0.0,0.0
4685120,T.J. Bass,16.0,,,0.0,,,,,,,,,,,,,,,,,,,,,,,,,,,,,,,,,,,,,,,,,,,,,,,,0.0,0.0,0.0,0.0,0.0,0.0,0.0,0.0,0.0,,,,,,,,,,,,,,,,,,,,,,,,,,,,,,,,,,,,,,,,,DAL,G,2025,0.0,0.0,0.0
4685030,Brandon Coleman,12.0,,,0.0,,,,,,,,,,,,,,,,,,,,,,,,,,,,,,,,,,,,,,,,,,,,,,,,0.0,0.0,0.0,0.0,0.0,0.0,0.0,0.0,0.0,,,,,,,,,,,,,,,,,,,,,,,,,,,,,,,,,,,,,,,,,WSH,G,2025,0.0,0.0,0.0
4696203,Ajani Cornelius,1.0,,,0.0,,,,,,,,,,,,,,,,,,,,,,,,,,,,,,,,,,,,,,,,,,,,,,,,0.0,0.0,0.0,0.0,0.0,0.0,0.0,0.0,0.0,,,,,,,,,,,,,,,,,,,,,,,,,,,,,,,,,,,,,,,,,DAL,OT,2025,0.0,0.0,0.0
4602788,Jackson Meeks,2.0,,,0.0,,,,,,,,,,,,,,,,,,,,,,,,,,,,,,,,,,,,,,,,,,,,,,,,0.0,0.0,0.0,0.0,0.0,0.0,0.0,0.0,0.0,,,,,,,,,,,,,,,,,,,,,,,,,,,,,,,,,,,,,,,,,DET,WR,2025,0.0,0.0,0.0
3134448,Tremon Smith,17.0,0.0,0.0,0.0,0.0,0.0,0.0,0.0,0.0,0.0,0.0,0.0,0.0,0.0,0.0,,39.58300018310547,,0.0,0.0,0.0,0.0,0.0,0.0,0.0,0.0,0.0,0.0,0.0,0.0,0.0,0.0,0.0,0.0,0.0,0.0,0.0,0.0,0.0,0.0,13.0,10.0,23.0,0.0,0.0,1.0,2.0,0.0,0.0,0.0,0.0,0.0,0.0,0.0,0.0,0.0,0.0,0.0,0.0,0.0,18.0,435.0,24.16666603088379,37.0,0.0,0.0,0.0,0.0,0.0,0.0,0.0,,,,,,,,,,,,,,,,,,,,,,,,,,,,,,HOU,CB,2025,0.0,0.0,0.0
16713,Jake Matthews,17.0,0.0,0.0,0.0,0.0,0.0,0.0,0.0,0.0,0.0,0.0,0.0,0.0,0.0,0.0,,39.58300018310547,,0.0,0.0,0.0,0.0,0.0,0.0,0.0,0.0,0.0,0.0,0.0,1.0,0.0,0.0,0.0,0.0,0.0,0.0,0.0,0.0,0.0,0.0,0.0,1.0,1.0,0.0,0.0,0.0,0.0,0.0,0.0,0.0,0.0,0.0,0.0,0.0,0.0,0.0,0.0,0.0,0.0,0.0,,,,,,,,,,,,,,,,,,,,,,,,,,,,,,,,,,,,,,,,,ATL,OT,2025,0.0,0.0,0.0
4686884,Luke Haggard,11.0,,,0.0,,,,,,,,,,,,,,,,,,,,,,,,,,,,,,,,,,,,,,,,,,,,,,,,0.0,0.0,0.0,0.0,0.0,0.0,0.0,0.0,0.0,,,,,,,,,,,,,,,,,,,,,,,,,,,,,,,,,,,,,,,,,TB,G,2025,0.0,0.0,0.0
4035662,Garett Bolles,17.0,,,0.0,0.0,0.0,0.0,0.0,0.0,0.0,0.0,0.0,0.0,0.0,0.0,,39.58300018310547,,0.0,0.0,0.0,0.0,0.0,0.0,0.0,0.0,0.0,0.0,0.0,1.0,0.0,0.0,0.0,0.0,0.0,0.0,0.0,0.0,0.0,0.0,,,,,,,,,,,,0.0,0.0,0.0,0.0,0.0,0.0,0.0,0.0,0.0,,,,,,,,,,,,,,,,,,,,,,,,,,,,,,,,,,,,,,,,,DEN,OT,2025,0.0,0.0,0.0
4428414,Mike Sainristil,17.0,1.0,0.0,0.0,0.0,0.0,0.0,0.0,0.0,0.0,0.0,0.0,0.0,0.0,0.0,,39.58300018310547,,0.0,0.0,0.0,0.0,0.0,0.0,0.0,0.0,0.0,0.0,0.0,0.0,0.0,0.0,0.0,0.0,0.0,0.0,0.0,0.0,0.0,0.0,51.0,34.0,85.0,0.0,0.0,1.0,12.0,55.0,4.0,78.0,0.0,,,,,,,,,,0.0,0.0,0.0,0.0,0.0,1.0,0.0,0.0,0.0,0.0,0.0,,,,,,,,,,,,,,,,,,,,,,,,,,,,,,WSH,CB,2025,0.0,0.0,0.0
4426411,Sean Rhyan,17.0,0.0,0.0,0.0,0.0,0.0,0.0,0.0,0.0,0.0,0.0,0.0,0.0,0.0,0.0,,39.58300018310547,,0.0,0.0,0.0,0.0,0.0,0.0,0.0,0.0,0.0,0.0,0.0,0.0,0.0,0.0,0.0,0.0,0.0,0.0,0.0,0.0,0.0,0.0,1.0,0.0,1.0,0.0,0.0,0.0,0.0,0.0,0.0,0.0,0.0,0.0,0.0,0.0,0.0,0.0,0.0,0.0,0.0,0.0,,,,,,,,,,,,,,,,,,,,,,,,,,,,,,,,,,,,,,,,,GB,G,2025,0.0,0.0,0.0
4242000,Josh Myers,17.0,,,-1.0,0.0,0.0,0.0,0.0,0.0,0.0,0.0,0.0,0.0,0.0,0.0,,39.58300018310547,,0.0,0.0,0.0,0.0,0.0,0.0,0.0,2.0,0.0,0.0,0.0,0.0,0.0,0.0,0.0,0.0,0.0,0.0,0.0,0.0,0.0,0.0,,,,,,,,,,,,0.0,0.0,0.0,0.0,0.0,0.0,0.0,0.0,0.0,,,,,,,,,,,,,,,,,,,,,,,,,,,,,,,,,,,,,,,,,NYJ,C,2025,0.0,0.0,0.0
3059021,Alex Cappa,17.0,,,0.0,0.0,0.0,0.0,0.0,0.0,0.0,0.0,0.0,0.0,0.0,0.0,,39.58300018310547,,0.0,0.0,0.0,0.0,0.0,0.0,0.0,0.0,0.0,0.0,0.0,1.0,0.0,0.0,0.0,0.0,0.0,0.0,0.0,0.0,0.0,0.0,,,,,,,,,,,,0.0,0.0,0.0,0.0,0.0,0.0,0.0,0.0,0.0,,,,,,,,,,,,,,,,,,,,,,,,,,,,,,,,,,,,,,,,,,,2025,0.0,0.0,0.0
4242553,Drew Dalman,17.0,0.0,0.0,-18.0,0.0,0.0,0.0,0.0,0.0,0.0,0.0,0.0,0.0,0.0,0.0,,39.58300018310547,,0.0,0.0,0.0,0.0,0.0,0.0,0.0,1.0,0.0,0.0,0.0,0.0,0.0,0.0,0.0,0.0,0.0,0.0,0.0,0.0,0.0,0.0,0.0,0.0,0.0,0.0,0.0,0.0,0.0,0.0,0.0,0.0,0.0,0.0,0.0,0.0,0.0,0.0,0.0,0.0,0.0,0.0,,,,,,,,,,,,,,,,,,,,,,,,,,,,,,,,,,,,,,,,,,,2025,0.0,0.0,0.0
4242488,Deommodore Lenoir,17.0,0.0,0.0,0.0,0.0,0.0,0.0,0.0,0.0,0.0,0.0,0.0,0.0,0.0,0.0,,39.58300018310547,,0.0,0.0,0.0,0.0,0.0,0.0,0.0,0.0,0.0,0.0,0.0,0.0,0.0,0.0,0.0,0.0,0.0,0.0,0.0,0.0,0.0,0.0,39.0,22.0,61.0,0.0,0.0,4.0,5.0,64.0,2.0,90.0,0.0,,,,,,,,,,,,,,,,,,,,,,,,,,,,,,,,,,,,,,,,,,,,,,,,,,SF,CB,2025,0.0,0.0,0.0
4567462,Ja'Quan McMillian,17.0,2.0,0.0,0.0,0.0,0.0,0.0,0.0,0.0,0.0,0.0,0.0,0.0,0.0,0.0,,39.58300018310547,,0.0,0.0,0.0,0.0,0.0,0.0,0.0,0.0,0.0,0.0,0.0,0.0,0.0,0.0,0.0,0.0,0.0,0.0,0.0,0.0,0.0,0.0,40.0,16.0,56.0,4.0,25.0,5.0,9.0,45.0,2.0,61.0,1.0,0.0,0.0,0.0,0.0,0.0,0.0,0.0,0.0,0.0,,,,,,,,,,,,,,,,,,,,,,,,,,,,,,,,,,,,,,,,,DEN,CB,2025,0.0,0.0,0.0
4248899,Marte Mapu,17.0,1.0,0.0,0.0,0.0,0.0,0.0,0.0,0.0,0.0,0.0,0.0,0.0,1.0,0.0,,39.58300018310547,,0.0,0.0,0.0,0.0,0.0,0.0,0.0,0.0,0.0,0.0,0.0,0.0,0.0,0.0,0.0,0.0,0.0,0.0,0.0,0.0,0.0,0.0,18.0,7.0,25.0,0.0,0.0,0.0,5.0,20.0,1.0,20.0,0.0,0.0,0.0,0.0,0.0,0.0,0.0,0.0,0.0,0.0,,,,,,,,,,,,,,,,,,,,,,,,,,,,,,,,,,,,,,,,,HOU,LB,2025,0.0,0.0,0.0
4243176,Brady Russell,17.0,0.0,0.0,3.0,0.0,0.0,0.0,0.0,0.0,0.0,0.0,0.0,0.0,0.0,0.0,,39.58300018310547,,0.0,0.0,0.0,0.0,0.0,0.0,0.0,0.0,0.0,0.0,0.0,1.0,0.0,0.0,0.0,0.0,0.0,0.0,0.0,0.0,0.0,0.0,10.0,4.0,14.0,0.0,0.0,0.0,0.0,0.0,0.0,0.0,0.0,0.0,0.0,0.0,0.0,0.0,0.0,0.0,0.0,0.0,,,,,,,,,,,,,,,,,,,,,,,,,,,,,,,,,,,,,,,,,SEA,FB,2025,0.0,0.0,0.0
4430806,Luke Wypler,17.0,0.0,0.0,0.0,0.0,0.0,0.0,0.0,0.0,0.0,0.0,0.0,0.0,0.0,0.0,,39.58300018310547,,0.0,0.0,0.0,0.0,0.0,0.0,0.0,0.0,0.0,0.0,0.0,1.0,0.0,0.0,0.0,0.0,0.0,0.0,0.0,0.0,0.0,0.0,1.0,1.0,2.0,0.0,0.0,0.0,0.0,0.0,0.0,0.0,0.0,0.0,0.0,0.0,0.0,0.0,0.0,0.0,0.0,0.0,,,,,,,,,,,,,,,,,,,,,,,,,,,,,,,,,,,,,,,,,CLE,C,2025,0.0,0.0,0.0
4429251,Graham Barton,17.0,0.0,0.0,-11.0,0.0,0.0,0.0,0.0,0.0,0.0,0.0,0.0,0.0,0.0,0.0,,39.58300018310547,,0.0,0.0,0.0,0.0,0.0,0.0,0.0,1.0,0.0,0.0,0.0,0.0,0.0,0.0,0.0,0.0,0.0,0.0,0.0,0.0,0.0,0.0,2.0,0.0,2.0,0.0,0.0,0.0,0.0,0.0,0.0,0.0,0.0,0.0,0.0,0.0,0.0,0.0,0.0,0.0,0.0,0.0,,,,,,,,,,,,,,,,,,,,,,,,,,,,,,,,,,,,,,,,,TB,C,2025,0.0,0.0,0.0
3116729,Garrett Bradbury,17.0,0.0,0.0,-27.0,0.0,0.0,0.0,0.0,0.0,0.0,0.0,0.0,0.0,0.0,0.0,,39.58300018310547,,0.0,0.0,0.0,0.0,0.0,0.0,0.0,2.0,0.0,0.0,0.0,0.0,0.0,0.0,0.0,0.0,0.0,0.0,0.0,0.0,0.0,0.0,1.0,0.0,1.0,0.0,0.0,0.0,0.0,0.0,0.0,0.0,0.0,0.0,0.0,0.0,0.0,0.0,0.0,0.0,0.0,0.0,,,,,,,,,,,,,,,,,,,,,,,,,,,,,,,,,,,,,,,,,CHI,C,2025,0.0,0.0,0.0
4568986,Matt Lee,5.0,,,0.0,,,,,,,,,,,,,,,,,,,,,,,,,,,,,,,,,,,,,,,,,,,,,,,,0.0,0.0,0.0,0.0,0.0,0.0,0.0,0.0,0.0,,,,,,,,,,,,,,,,,,,,,,,,,,,,,,,,,,,,,,,,,,,2025,0.0,0.0,0.0
4567802,Drew Kendall,7.0,,,0.0,,,,,,,,,,,,,,,,,,,,,,,,,,,,,,,,,,,,,,,,,,,,,,,,0.0,0.0,0.0,0.0,0.0,0.0,0.0,0.0,0.0,,,,,,,,,,,,,,,,,,,,,,,,,,,,,,,,,,,,,,,,,PHI,C,2025,0.0,0.0,0.0
4567410,Kingsley Eguakun,4.0,,,0.0,,,,,,,,,,,,,,,,,,,,,,,,,,,,,,,,,,,,,,,,,,,,,,,,0.0,0.0,0.0,0.0,0.0,0.0,0.0,0.0,0.0,,,,,,,,,,,,,,,,,,,,,,,,,,,,,,,,,,,,,,,,,CLE,C,2025,0.0,0.0,0.0
4609048,Tyler Guyton,10.0,,,0.0,,,,,,,,,,,,,,,,,,,,,,,,,,,,,,,,,,,,,,,,,,,,,,,,0.0,0.0,0.0,0.0,0.0,0.0,0.0,0.0,0.0,,,,,,,,,,,,,,,,,,,,,,,,,,,,,,,,,,,,,,,,,DAL,OT,2025,0.0,0.0,0.0
4608890,Miles Frazier,5.0,,,0.0,,,,,,,,,,,,,,,,,,,,,,,,,,,,,,,,,,,,,,,,,,,,,,,,0.0,0.0,0.0,0.0,0.0,0.0,0.0,0.0,0.0,,,,,,,,,,,,,,,,,,,,,,,,,,,,,,,,,,,,,,,,,DET,G,2025,0.0,0.0,0.0
4606683,DJ Glaze,17.0,,,0.0,,,,,,,,,,,,,,,,,,,,,,,,,,,,,,,,,,,,,,,,,,,,,,,,0.0,0.0,0.0,0.0,0.0,0.0,0.0,0.0,0.0,,,,,,,,,,,,,,,,,,,,,,,,,,,,,,,,,,,,,,,,,LV,OT,2025,0.0,0.0,0.0
4605478,Jared Ivey,2.0,,,0.0,,,,,,,,,,,,,,,,,,,,,,,,,,,,,,,,,,,,,,,,,,,,,,,,0.0,0.0,0.0,0.0,0.0,0.0,0.0,0.0,0.0,,,,,,,,,,,,,,,,,,,,,,,,,,,,,,,,,,,,,,,,,SEA,LB,2025,0.0,0.0,0.0
4574551,Isaiah Land,1.0,,,0.0,,,,,,,,,,,,,,,,,,,,,,,,,,,,,,,,,,,,,,,,,,,,,,,,0.0,0.0,0.0,0.0,0.0,0.0,0.0,0.0,0.0,,,,,,,,,,,,,,,,,,,,,,,,,,,,,,,,,,,,,,,,,DAL,LB,2025,0.0,0.0,0.0
4571810,C.J. Hanson,3.0,,,0.0,,,,,,,,,,,,,,,,,,,,,,,,,,,,,,,,,,,,,,,,,,,,,,,,0.0,0.0,0.0,0.0,0.0,0.0,0.0,0.0,0.0,,,,,,,,,,,,,,,,,,,,,,,,,,,,,,,,,,,,,,,,,KC,G,2025,0.0,0.0,0.0
4570577,Wanya Morris,12.0,,,0.0,,,,,,,,,,,,,,,,,,,,,,,,,,,,,,,,,,,,,,,,,,,,,,,,0.0,0.0,0.0,0.0,0.0,0.0,0.0,0.0,0.0,,,,,,,,,,,,,,,,,,,,,,,,,,,,,,,,,,,,,,,,,ATL,OT,2025,0.0,0.0,0.0
4570561,Eric Gray,4.0,,,0.0,,,,,,,,,,,,,,,,,,,,,,,,,,,,,,,,,,,,,,,,,,,,,,,,0.0,0.0,0.0,0.0,0.0,0.0,0.0,0.0,0.0,2.0,41.0,20.5,26.0,0.0,0.0,0.0,0.0,0.0,0.0,0.0,,,,,,,,,,,,,,,,,,,,,,,,,,,,,,NYG,RB,2025,0.0,0.0,0.0
4259493,Keisean Nixon,17.0,0.0,1.0,0.0,0.0,0.0,0.0,0.0,0.0,0.0,0.0,0.0,0.0,0.0,0.0,,39.58300018310547,,0.0,0.0,0.0,0.0,0.0,0.0,0.0,0.0,0.0,0.0,0.0,0.0,0.0,0.0,0.0,0.0,0.0,0.0,0.0,0.0,0.0,0.0,58.0,14.0,72.0,0.0,0.0,3.0,17.0,0.0,1.0,0.0,0.0,,,,,,,,,,0.0,0.0,0.0,0.0,0.0,3.0,3.0,1.0,3.0,0.0,1.0,,,,,,,,,,,,,,,,,,,,,,,,,,,,,,GB,CB,2025,0.0,0.0,0.0
4569448,Jordan Jefferson,2.0,,,0.0,,,,,,,,,,,,,,,,,,,,,,,,,,,,,,,,,,,,,,,,,,,,,,,,0.0,0.0,0.0,0.0,0.0,0.0,0.0,0.0,0.0,,,,,,,,,,,,,,,,,,,,,,,,,,,,,,,,,,,,,,,,,CIN,DT,2025,0.0,0.0,0.0
2987743,Elandon Roberts,17.0,0.0,1.0,0.0,,,,,,,,,,,,,,,,,,,,,,,,,,,,,,,,,,,,,42.0,48.0,90.0,0.0,0.0,6.0,1.0,0.0,0.0,0.0,0.0,,,,,,,,,,,,,,,,,,,,,,,,,,,,,,,,,,,,,,,,,,,,,,,,,,,,2025,0.0,0.0,0.0
2983155,Thomas Hennessy,17.0,0.0,0.0,0.0,,,,,,,,,,,,,,,,,,,,,,,,,,,,,,,,,,,,,1.0,1.0,2.0,0.0,0.0,0.0,0.0,0.0,0.0,0.0,0.0,0.0,0.0,0.0,0.0,0.0,0.0,0.0,0.0,0.0,,,,,,,,,,,,,,,,,,,,,,,,,,,,,,,,,,,,,,,,,NYJ,LS,2025,0.0,0.0,0.0
2983055,Javon Hargrave,16.0,1.0,1.0,0.0,,,,,,,,,,,,,,,,,,,,,,,,,,,,,,,,,,,,,18.0,34.0,52.0,3.5,22.5,4.0,0.0,0.0,0.0,0.0,0.0,0.0,0.0,0.0,0.0,0.0,0.0,0.0,0.0,0.0,,,,,,,,,,,,,,,,,,,,,,,,,,,,,,,,,,,,,,,,,GB,DT,2025,0.0,0.0,0.0
2982313,Tanoh Kpassagnon,4.0,0.0,0.0,0.0,,,,,,,,,,,,,,,,,,,,,,,,,,,,,,,,,,,,,4.0,1.0,5.0,1.0,6.0,1.0,0.0,0.0,0.0,0.0,0.0,,,,,,,,,,,,,,,,,,,,,,,,,,,,,,,,,,,,,,,,,,,,,,,,,,,,2025,0.0,0.0,0.0
2980504,Haason Reddick,13.0,1.0,0.0,0.0,,,,,,,,,,,,,,,,,,,,,,,,,,,,,,,,,,,,,18.0,13.0,31.0,2.5,20.5,6.0,1.0,0.0,0.0,0.0,0.0,,,,,,,,,,,,,,,,,,,,,,,,,,,,,,,,,,,,,,,,,,,,,,,,,,,,2025,0.0,0.0,0.0
2980383,Mike Hilton,2.0,1.0,0.0,0.0,,,,,,,,,,,,,,,,,,,,,,,,,,,,,,,,,,,,,4.0,1.0,5.0,0.0,0.0,1.0,0.0,0.0,0.0,0.0,0.0,,,,,,,,,,,,,,,,,,,,,,,,,,,,,,,,,,,,,,,,,,,,,,,,,,,,2025,0.0,0.0,0.0
2980206,Pat O'Connor,8.0,0.0,0.0,0.0,,,,,,,,,,,,,,,,,,,,,,,,,,,,,,,,,,,,,5.0,5.0,10.0,0.0,0.0,0.0,1.0,0.0,0.0,0.0,0.0,0.0,0.0,0.0,0.0,0.0,0.0,0.0,0.0,0.0,,,,,,,,,,,,,,,,,,,,,,,,,,,,,,,,,,,,,,,,,,,2025,0.0,0.0,0.0
2980153,Ronnie Stanley,16.0,0.0,0.0,0.0,,,,,,,,,,,,,,,,,,,,,,,,,,,,,,,,,,,,,1.0,0.0,1.0,0.0,0.0,0.0,0.0,0.0,0.0,0.0,0.0,0.0,0.0,0.0,0.0,0.0,0.0,0.0,0.0,0.0,,,,,,,,,,,,,,,,,,,,,,,,,,,,,,,,,,,,,,,,,BAL,OT,2025,0.0,0.0,0.0
2980138,Scott Daly,17.0,0.0,0.0,0.0,,,,,,,,,,,,,,,,,,,,,,,,,,,,,,,,,,,,,0.0,3.0,3.0,0.0,0.0,0.0,0.0,0.0,0.0,0.0,0.0,0.0,0.0,0.0,0.0,0.0,0.0,0.0,0.0,0.0,,,,,,,,,,,,,,,,,,,,,,,,,,,,,,,,,,,,,,,,,TB,LS,2025,0.0,0.0,0.0
2980110,Marcus Maye,1.0,0.0,0.0,0.0,,,,,,,,,,,,,,,,,,,,,,,,,,,,,,,,,,,,,1.0,4.0,5.0,0.0,0.0,0.0,0.0,0.0,0.0,0.0,0.0,,,,,,,,,,,,,,,,,,,,,,,,,,,,,,,,,,,,,,,,,,,,,,,,,,,,2025,0.0,0.0,0.0
2980100,Dante Fowler Jr.,17.0,0.0,0.0,0.0,,,,,,,,,,,,,,,,,,,,,,,,,,,,,,,,,,,,,10.0,5.0,15.0,3.0,21.0,4.0,3.0,0.0,0.0,0.0,0.0,0.0,0.0,0.0,0.0,0.0,0.0,0.0,0.0,0.0,,,,,,,,,,,,,,,,,,,,,,,,,,,,,,,,,,,,,,,,,SEA,LB,2025,0.0,0.0,0.0
15846,John Jenkins,17.0,2.0,1.0,0.0,,,,,,,,,,,,,,,,,,,,,,,,,,,,,,,,,,,,,16.0,23.0,39.0,1.0,9.0,3.0,1.0,0.0,0.0,0.0,0.0,0.0,0.0,0.0,0.0,0.0,0.0,0.0,0.0,0.0,,,,,,,,,,,,,,,,,,,,,,,,,,,,,,,,,,,,,,,,,BAL,DT,2025,0.0,0.0,0.0
2980080,Deatrich Wise Jr.,2.0,0.0,0.0,0.0,,,,,,,,,,,,,,,,,,,,,,,,,,,,,,,,,,,,,2.0,2.0,4.0,0.0,0.0,1.0,0.0,0.0,0.0,0.0,0.0,,,,,,,,,,,,,,,,,,,,,,,,,,,,,,,,,,,,,,,,,,,,,,,,,,WSH,DE,2025,0.0,0.0,0.0
2979860,Dalvin Tomlinson,17.0,0.0,0.0,0.0,,,,,,,,,,,,,,,,,,,,,,,,,,,,,,,,,,,,,13.0,13.0,26.0,1.0,4.0,3.0,1.0,0.0,0.0,0.0,0.0,0.0,0.0,0.0,0.0,0.0,0.0,0.0,0.0,0.0,,,,,,,,,,,,,,,,,,,,,,,,,,,,,,,,,,,,,,,,,LAC,DT,2025,0.0,0.0,0.0
2979632,Josh Tupou,3.0,0.0,0.0,0.0,,,,,,,,,,,,,,,,,,,,,,,,,,,,,,,,,,,,,1.0,4.0,5.0,0.0,0.0,0.0,0.0,0.0,0.0,0.0,0.0,0.0,0.0,0.0,0.0,0.0,0.0,0.0,0.0,0.0,,,,,,,,,,,,,,,,,,,,,,,,,,,,,,,,,,,,,,,,,NYG,DT,2025,0.0,0.0,0.0
2979591,Austin Johnson,14.0,1.0,0.0,0.0,,,,,,,,,,,,,,,,,,,,,,,,,,,,,,,,,,,,,4.0,8.0,12.0,1.0,0.0,0.0,1.0,0.0,0.0,0.0,0.0,0.0,0.0,0.0,0.0,0.0,0.0,0.0,0.0,0.0,,,,,,,,,,,,,,,,,,,,,,,,,,,,,,,,,,,,,,,,,,,2025,0.0,0.0,0.0
2979534,Jack Conklin,8.0,0.0,0.0,0.0,,,,,,,,,,,,,,,,,,,,,,,,,,,,,,,,,,,,,0.0,1.0,1.0,0.0,0.0,0.0,0.0,0.0,0.0,0.0,0.0,0.0,0.0,0.0,0.0,0.0,0.0,0.0,0.0,0.0,,,,,,,,,,,,,,,,,,,,,,,,,,,,,,,,,,,,,,,,,,,2025,0.0,0.0,0.0
2978935,Xavien Howard,4.0,0.0,1.0,0.0,,,,,,,,,,,,,,,,,,,,,,,,,,,,,,,,,,,,,7.0,4.0,11.0,0.0,0.0,0.0,0.0,0.0,0.0,0.0,0.0,,,,,,,,,,,,,,,,,,,,,,,,,,,,,,,,,,,,,,,,,,,,,,,,,,,,2025,0.0,0.0,0.0
2978524,Christian Kuntz,17.0,0.0,0.0,0.0,,,,,,,,,,,,,,,,,,,,,,,,,,,,,,,,,,,,,2.0,0.0,2.0,0.0,0.0,0.0,0.0,0.0,0.0,0.0,0.0,0.0,0.0,0.0,0.0,0.0,0.0,0.0,0.0,0.0,,,,,,,,,,,,,,,,,,,,,,,,,,,,,,,,,,,,,,,,,PIT,LS,2025,0.0,0.0,0.0
2978313,Shaq Thompson,12.0,1.0,0.0,0.0,,,,,,,,,,,,,,,,,,,,,,,,,,,,,,,,,,,,,33.0,23.0,56.0,1.0,2.0,6.0,2.0,0.0,0.0,0.0,0.0,,,,,,,,,,,,,,,,,,,,,,,,,,,,,,,,,,,,,,,,,,,,,,,,,,,,2025,0.0,0.0,0.0
2977740,Emmanuel Ogbah,13.0,0.0,1.0,0.0,,,,,,,,,,,,,,,,,,,,,,,,,,,,,,,,,,,,,6.0,9.0,15.0,0.5,2.5,2.0,1.0,0.0,0.0,0.0,0.0,0.0,0.0,0.0,0.0,0.0,0.0,0.0,0.0,0.0,,,,,,,,,,,,,,,,,,,,,,,,,,,,,,,,,,,,,,,,,,,2025,0.0,0.0,0.0
2977680,Bradley Pinion,17.0,0.0,0.0,0.0,,,,,,,,,,,,,,,,,,,,,,,,,,,,,,,,,,,,,1.0,0.0,1.0,0.0,0.0,0.0,0.0,0.0,0.0,0.0,0.0,0.0,0.0,0.0,0.0,0.0,0.0,0.0,0.0,0.0,,,,,,,,,,,,0.0,0.0,0.0,0.0,0.0,0.0,0.0,0.0,0.0,0.0,0.0,0.0,0.0,0.0,0.0,0.0,0.0,64.0,2889.0,69.0,45.14099884033203,40.59400177001953,0.0,34.0,3.0,17.0,30.0,231.0,7.699999809265137,MIA,P,2025,0.0,0.0,0.0
2977670,DJ Reader,17.0,0.0,0.0,0.0,,,,,,,,,,,,,,,,,,,,,,,,,,,,,,,,,,,,,11.0,17.0,28.0,0.0,0.0,0.0,0.0,0.0,0.0,0.0,0.0,0.0,0.0,0.0,0.0,0.0,0.0,0.0,0.0,0.0,,,,,,,,,,,,,,,,,,,,,,,,,,,,,,,,,,,,,,,,,NYG,DT,2025,0.0,0.0,0.0
2977615,Chris Wormley,5.0,0.0,0.0,0.0,,,,,,,,,,,,,,,,,,,,,,,,,,,,,,,,,,,,,4.0,3.0,7.0,1.0,9.0,1.0,0.0,0.0,0.0,0.0,0.0,0.0,0.0,0.0,0.0,0.0,0.0,0.0,0.0,0.0,,,,,,,,,,,,,,,,,,,,,,,,,,,,,,,,,,,,,,,,,,,2025,0.0,0.0,0.0
2980097,Jonathan Bullard,15.0,0.0,0.0,0.0,,,,,,,,,,,,,,,,,,,,,,,,,,,,,,,,,,,,,12.0,14.0,26.0,0.0,0.0,4.0,2.0,0.0,0.0,0.0,0.0,0.0,0.0,0.0,0.0,0.0,0.0,0.0,0.0,0.0,,,,,,,,,,,,,,,,,,,,,,,,,,,,,,,,,,,,,,,,,DAL,DT,2025,0.0,0.0,0.0
3049339,Aaron Stinnie,17.0,0.0,0.0,0.0,,,,,,,,,,,,,,,,,,,,,,,,,,,,,,,,,,,,,1.0,0.0,1.0,0.0,0.0,0.0,0.0,0.0,0.0,0.0,0.0,0.0,0.0,0.0,0.0,0.0,0.0,0.0,0.0,0.0,,,,,,,,,,,,,,,,,,,,,,,,,,,,,,,,,,,,,,,,,NYG,G,2025,0.0,0.0,0.0
3047495,Sebastian Joseph-Day,17.0,0.0,1.0,0.0,,,,,,,,,,,,,,,,,,,,,,,,,,,,,,,,,,,,,22.0,19.0,41.0,2.0,19.0,6.0,0.0,0.0,0.0,0.0,0.0,0.0,0.0,0.0,0.0,0.0,0.0,0.0,0.0,0.0,,,,,,,,,,,,,,,,,,,,,,,,,,,,,,,,,,,,,,,,,PIT,DT,2025,0.0,0.0,0.0
3046287,Matt Milano,12.0,1.0,0.0,0.0,,,,,,,,,,,,,,,,,,,,,,,,,,,,,,,,,,,,,36.0,31.0,67.0,3.5,17.0,7.0,0.0,0.0,0.0,0.0,0.0,,,,,,,,,,,,,,,,,,,,,,,,,,,,,,,,,,,,,,,,,,,,,,,,,,,,2025,0.0,0.0,0.0
3045527,Samson Ebukam,14.0,0.0,1.0,0.0,,,,,,,,,,,,,,,,,,,,,,,,,,,,,,,,,,,,,22.0,11.0,33.0,2.0,13.0,5.0,0.0,0.0,0.0,0.0,0.0,,,,,,,,,,,,,,,,,,,,,,,,,,,,,,,,,,,,,,,,,,,,,,,,,,ATL,DE,2025,0.0,0.0,0.0
3045474,Wyatt Teller,13.0,0.0,0.0,0.0,,,,,,,,,,,,,,,,,,,,,,,,,,,,,,,,,,,,,0.0,0.0,0.0,0.0,0.0,0.0,0.0,0.0,0.0,0.0,0.0,0.0,0.0,0.0,0.0,0.0,0.0,0.0,0.0,0.0,,,,,,,,,,,,,,,,,,,,,,,,,,,,,,,,,,,,,,,,,HOU,G,2025,0.0,0.0,0.0
3045463,Chuck Clark,15.0,1.0,0.0,0.0,,,,,,,,,,,,,,,,,,,,,,,,,,,,,,,,,,,,,31.0,20.0,51.0,0.0,0.0,2.0,3.0,0.0,0.0,0.0,0.0,0.0,0.0,0.0,0.0,0.0,0.0,0.0,0.0,0.0,,,,,,,,,,,,,,,,,,,,,,,,,,,,,,,,,,,,,,,,,DET,S,2025,0.0,0.0,0.0
3045377,DeMarcus Walker,1.0,0.0,0.0,0.0,,,,,,,,,,,,,,,,,,,,,,,,,,,,,,,,,,,,,0.0,2.0,2.0,0.0,0.0,0.0,0.0,0.0,0.0,0.0,0.0,,,,,,,,,,,,,,,,,,,,,,,,,,,,,,,,,,,,,,,,,,,,,,,,,,,,2025,0.0,0.0,0.0
3045373,Jalen Ramsey,17.0,0.0,0.0,0.0,,,,,,,,,,,,,,,,,,,,,,,,,,,,,,,,,,,,,53.0,35.0,88.0,3.0,23.0,4.0,8.0,2.0,1.0,2.0,0.0,,,,,,,,,,,,,,,,,,,,,,,,,,,,,,,,,,,,,,,,,,,,,,,,,,PIT,CB,2025,0.0,0.0,0.0
3045282,T.J. Watt,14.0,3.0,2.0,0.0,,,,,,,,,,,,,,,,,,,,,,,,,,,,,,,,,,,,,23.0,32.0,55.0,7.0,41.0,10.0,8.0,13.0,2.0,13.0,0.0,,,,,,,,,,,,,,,,,,,,,,,,,,,,,,,,,,,,,,,,,,,,,,,,,,PIT,LB,2025,0.0,0.0,0.0
3045220,Maurice Hurst II,2.0,0.0,0.0,0.0,,,,,,,,,,,,,,,,,,,,,,,,,,,,,,,,,,,,,0.0,1.0,1.0,0.0,0.0,0.0,1.0,0.0,0.0,0.0,0.0,,,,,,,,,,,,,,,,,,,,,,,,,,,,,,,,,,,,,,,,,,,,,,,,,,,,2025,0.0,0.0,0.0
3045207,Jourdan Lewis,12.0,0.0,1.0,0.0,,,,,,,,,,,,,,,,,,,,,,,,,,,,,,,,,,,,,21.0,18.0,39.0,0.0,0.0,5.0,10.0,6.0,2.0,6.0,0.0,,,,,,,,,,,,,,,,,,,,,,,,,,,,,,,,,,,,,,,,,,,,,,,,,,JAX,CB,2025,0.0,0.0,0.0
3040008,Joseph Noteboom,10.0,0.0,0.0,0.0,,,,,,,,,,,,,,,,,,,,,,,,,,,,,,,,,,,,,1.0,0.0,1.0,0.0,0.0,0.0,0.0,0.0,0.0,0.0,0.0,0.0,0.0,0.0,0.0,0.0,0.0,0.0,0.0,0.0,,,,,,,,,,,,,,,,,,,,,,,,,,,,,,,,,,,,,,,,,,,2025,0.0,0.0,0.0
3044859,Chris Jones,17.0,0.0,0.0,0.0,,,,,,,,,,,,,,,,,,,,,,,,,,,,,,,,,,,,,15.0,14.0,29.0,7.0,39.0,12.0,2.0,0.0,0.0,0.0,0.0,,,,,,,,,,,,,,,,,,,,,,,,,,,,,,,,,,,,,,,,,,,,,,,,,,KC,DT,2025,0.0,0.0,0.0
3044729,Jalen Reeves-Maybin,3.0,0.0,0.0,0.0,,,,,,,,,,,,,,,,,,,,,,,,,,,,,,,,,,,,,2.0,0.0,2.0,0.0,0.0,0.0,0.0,0.0,0.0,0.0,0.0,0.0,0.0,0.0,0.0,0.0,0.0,0.0,0.0,0.0,,,,,,,,,,,,,,,,,,,,,,,,,,,,,,,,,,,,,,,,,,,2025,0.0,0.0,0.0
3043168,Za'Darius Smith,5.0,0.0,0.0,0.0,,,,,,,,,,,,,,,,,,,,,,,,,,,,,,,,,,,,,3.0,7.0,10.0,1.5,18.5,2.0,0.0,0.0,0.0,0.0,0.0,0.0,0.0,0.0,0.0,0.0,0.0,0.0,0.0,0.0,,,,,,,,,,,,,,,,,,,,,,,,,,,,,,,,,,,,,,,,,,,2025,0.0,0.0,0.0
3043136,Leonard Floyd,15.0,0.0,0.0,0.0,,,,,,,,,,,,,,,,,,,,,,,,,,,,,,,,,,,,,6.0,13.0,19.0,3.5,20.0,5.0,1.0,0.0,0.0,0.0,0.0,0.0,0.0,0.0,0.0,0.0,0.0,0.0,0.0,0.0,,,,,,,,,,,,,,,,,,,,,,,,,,,,,,,,,,,,,,,,,,,2025,0.0,0.0,0.0
3043107,Alex Anzalone,16.0,0.0,0.0,0.0,,,,,,,,,,,,,,,,,,,,,,,,,,,,,,,,,,,,,52.0,43.0,95.0,2.5,15.0,4.0,9.0,14.0,1.0,14.0,0.0,,,,,,,,,,,,,,,,,,,,,,,,,,,,,,,,,,,,,,,,,,,,,,,,,,TB,LB,2025,0.0,0.0,0.0
3042717,Tre'Davious White,16.0,0.0,0.0,0.0,,,,,,,,,,,,,,,,,,,,,,,,,,,,,,,,,,,,,29.0,11.0,40.0,0.0,0.0,6.0,10.0,0.0,1.0,0.0,0.0,,,,,,,,,,,,,,,,,,,,,,,,,,,,,,,,,,,,,,,,,,,,,,,,,,,,2025,0.0,0.0,0.0
3042476,Dawuane Smoot,17.0,0.0,0.0,0.0,,,,,,,,,,,,,,,,,,,,,,,,,,,,,,,,,,,,,10.0,13.0,23.0,2.0,19.0,3.0,0.0,0.0,0.0,0.0,0.0,0.0,0.0,0.0,0.0,0.0,0.0,0.0,0.0,0.0,,,,,,,,,,,,,,,,,,,,,,,,,,,,,,,,,,,,,,,,,,,2025,0.0,0.0,0.0
3041098,Parry Nickerson,5.0,0.0,0.0,0.0,,,,,,,,,,,,,,,,,,,,,,,,,,,,,,,,,,,,,2.0,0.0,2.0,0.0,0.0,0.0,0.0,0.0,0.0,0.0,0.0,0.0,0.0,0.0,0.0,0.0,0.0,0.0,0.0,0.0,,,,,,,,,,,,,,,,,,,,,,,,,,,,,,,,,,,,,,,,,,,2025,0.0,0.0,0.0
3040572,Xavier Woods,11.0,0.0,0.0,0.0,,,,,,,,,,,,,,,,,,,,,,,,,,,,,,,,,,,,,23.0,16.0,39.0,1.0,0.0,0.0,3.0,35.0,2.0,51.0,0.0,0.0,0.0,0.0,0.0,0.0,0.0,0.0,0.0,0.0,,,,,,,,,,,,,,,,,,,,,,,,,,,,,,,,,,,,,,,,,,,2025,0.0,0.0,0.0
3040513,Tyquan Lewis,13.0,0.0,0.0,0.0,,,,,,,,,,,,,,,,,,,,,,,,,,,,,,,,,,,,,5.0,6.0,11.0,3.0,18.0,4.0,1.0,0.0,0.0,0.0,0.0,0.0,0.0,0.0,0.0,0.0,0.0,0.0,0.0,0.0,,,,,,,,,,,,,,,,,,,,,,,,,,,,,,,,,,,,,,,,,,,2025,0.0,0.0,0.0
3040506,Eli Apple,2.0,0.0,0.0,0.0,,,,,,,,,,,,,,,,,,,,,,,,,,,,,,,,,,,,,1.0,0.0,1.0,0.0,0.0,0.0,0.0,0.0,0.0,0.0,0.0,0.0,0.0,0.0,0.0,0.0,0.0,0.0,0.0,0.0,,,,,,,,,,,,,,,,,,,,,,,,,,,,,,,,,,,,,,,,,SF,CB,2025,0.0,0.0,0.0
3040471,Maliek Collins,12.0,0.0,1.0,0.0,,,,,,,,,,,,,,,,,,,,,,,,,,,,,,,,,,,,,15.0,10.0,25.0,6.5,36.0,7.0,0.0,0.0,0.0,0.0,0.0,0.0,0.0,0.0,0.0,0.0,0.0,0.0,0.0,0.0,,,,,,,,,,,,,,,,,,,,,,,,,,,,,,,,,,,,,,,,,CLE,DT,2025,0.0,0.0,0.0
3045172,Folorunso Fatukasi,4.0,0.0,0.0,0.0,,,,,,,,,,,,,,,,,,,,,,,,,,,,,,,,,,,,,5.0,3.0,8.0,1.5,10.0,1.0,0.0,0.0,0.0,0.0,0.0,,,,,,,,,,,,,,,,,,,,,,,,,,,,,,,,,,,,,,,,,,,,,,,,,,,,2025,0.0,0.0,0.0
2575453,Rakeem Nunez-Roches,9.0,0.0,0.0,0.0,,,,,,,,,,,,,,,,,,,,,,,,,,,,,,,,,,,,,6.0,17.0,23.0,3.0,22.0,3.0,1.0,0.0,0.0,0.0,0.0,,,,,,,,,,,,,,,,,,,,,,,,,,,,,,,,,,,,,,,,,,,,,,,,,,TB,DT,2025,0.0,0.0,0.0
2575164,Miles Killebrew,5.0,0.0,0.0,0.0,,,,,,,,,,,,,,,,,,,,,,,,,,,,,,,,,,,,,3.0,2.0,5.0,0.0,0.0,0.0,0.0,0.0,0.0,0.0,0.0,0.0,0.0,0.0,0.0,0.0,0.0,0.0,0.0,0.0,,,,,,,,,,,,,,,,,,,,,,,,,,,,,,,,,,,,,,,,,TB,S,2025,0.0,0.0,0.0
2574891,Roy Robertson-Harris,17.0,0.0,0.0,0.0,,,,,,,,,,,,,,,,,,,,,,,,,,,,,,,,,,,,,19.0,16.0,35.0,0.0,0.0,3.0,1.0,0.0,0.0,0.0,0.0,0.0,0.0,0.0,0.0,0.0,0.0,0.0,0.0,0.0,,,,,,,,,,,,,,,,,,,,,,,,,,,,,,,,,,,,,,,,,NYG,DT,2025,0.0,0.0,0.0
2574056,Kevin Byard,17.0,0.0,0.0,0.0,,,,,,,,,,,,,,,,,,,,,,,,,,,,,,,,,,,,,61.0,32.0,93.0,0.0,0.0,4.0,8.0,35.0,7.0,91.0,0.0,,,,,,,,,,,,,,,,,,,,,,,,,,,,,,,,,,,,,,,,,,,,,,,,,,NE,S,2025,0.0,0.0,0.0
2566045,Luke Rhodes,17.0,0.0,0.0,0.0,,,,,,,,,,,,,,,,,,,,,,,,,,,,,,,,,,,,,1.0,1.0,2.0,0.0,0.0,0.0,0.0,0.0,0.0,0.0,0.0,0.0,0.0,0.0,0.0,0.0,0.0,0.0,0.0,0.0,,,,,,,,,,,,,,,,,,,,,,,,,,,,,,,,,,,,,,,,,IND,LS,2025,0.0,0.0,0.0
2512477,Laken Tomlinson,10.0,1.0,0.0,0.0,,,,,,,,,,,,,,,,,,,,,,,,,,,,,,,,,,,,,1.0,0.0,1.0,0.0,0.0,0.0,0.0,0.0,0.0,0.0,0.0,0.0,0.0,0.0,0.0,0.0,0.0,0.0,0.0,0.0,,,,,,,,,,,,,,,,,,,,,,,,,,,,,,,,,,,,,,,,,,,2025,0.0,0.0,0.0
2510863,Eric Kendricks,3.0,0.0,0.0,0.0,,,,,,,,,,,,,,,,,,,,,,,,,,,,,,,,,,,,,3.0,3.0,6.0,0.0,0.0,0.0,0.0,0.0,0.0,0.0,0.0,0.0,0.0,0.0,0.0,0.0,0.0,0.0,0.0,0.0,,,,,,,,,,,,,,,,,,,,,,,,,,,,,,,,,,,,,,,,,,,2025,0.0,0.0,0.0
17474,C.J. Goodwin,17.0,0.0,0.0,0.0,,,,,,,,,,,,,,,,,,,,,,,,,,,,,,,,,,,,,10.0,8.0,18.0,0.0,0.0,0.0,0.0,0.0,0.0,0.0,0.0,0.0,0.0,0.0,0.0,0.0,0.0,0.0,0.0,0.0,,,,,,,,,,,,,,,,,,,,,,,,,,,,,,,,,,,,,,,,,,,2025,0.0,0.0,0.0
17447,Denico Autry,12.0,1.0,0.0,0.0,,,,,,,,,,,,,,,,,,,,,,,,,,,,,,,,,,,,,5.0,3.0,8.0,3.5,22.5,3.0,1.0,0.0,0.0,0.0,0.0,0.0,0.0,0.0,0.0,0.0,0.0,0.0,0.0,0.0,,,,,,,,,,,,,,,,,,,,,,,,,,,,,,,,,,,,,,,,,,,2025,0.0,0.0,0.0
17230,Mike Pennel,16.0,0.0,0.0,0.0,,,,,,,,,,,,,,,,,,,,,,,,,,,,,,,,,,,,,8.0,18.0,26.0,0.0,0.0,1.0,0.0,0.0,0.0,0.0,0.0,0.0,0.0,0.0,0.0,0.0,0.0,0.0,0.0,0.0,,,,,,,,,,,,,,,,,,,,,,,,,,,,,,,,,,,,,,,,,,,2025,0.0,0.0,0.0
16910,DaQuan Jones,12.0,1.0,0.0,0.0,,,,,,,,,,,,,,,,,,,,,,,,,,,,,,,,,,,,,11.0,11.0,22.0,3.0,8.0,3.0,2.0,1.0,1.0,1.0,0.0,,,,,,,,,,,,,,,,,,,,,,,,,,,,,,,,,,,,,,,,,,,,,,,,,,,,2025,0.0,0.0,0.0
2976560,Danielle Hunter,17.0,3.0,1.0,0.0,,,,,,,,,,,,,,,,,,,,,,,,,,,,,,,,,,,,,28.0,26.0,54.0,15.0,117.0,15.0,3.0,0.0,0.0,0.0,0.0,0.0,0.0,0.0,0.0,0.0,0.0,0.0,0.0,0.0,,,,,,,,,,,,,,,,,,,,,,,,,,,,,,,,,,,,,,,,,HOU,DE,2025,0.0,0.0,0.0
16831,Brent Urban,15.0,0.0,0.0,0.0,,,,,,,,,,,,,,,,,,,,,,,,,,,,,,,,,,,,,7.0,12.0,19.0,0.5,3.0,3.0,0.0,0.0,0.0,0.0,0.0,0.0,0.0,0.0,0.0,0.0,0.0,0.0,0.0,0.0,,,,,,,,,,,,,,,,,,,,,,,,,,,,,,,,,,,,,,,,,,,2025,0.0,0.0,0.0
16802,DeMarcus Lawrence,16.0,3.0,3.0,2.0,,,,,,,,,,,,,,,,,,,,,,,,,,,,,,,,,,,,,24.0,29.0,53.0,6.0,42.0,11.0,1.0,0.0,0.0,0.0,0.0,,,,,,,,,,,,,,,,,,,,,,,,,,,,,,,,,,,,,,,,,,,,,,,,,,SEA,LB,2025,0.0,0.0,0.0
16772,Kyle Van Noy,15.0,0.0,0.0,0.0,,,,,,,,,,,,,,,,,,,,,,,,,,,,,,,,,,,,,12.0,8.0,20.0,2.0,15.0,4.0,4.0,11.0,1.0,11.0,0.0,0.0,0.0,0.0,0.0,0.0,0.0,0.0,0.0,0.0,,,,,,,,,,,,,,,,,,,,,,,,,,,,,,,,,,,,,,,,,,,2025,0.0,0.0,0.0
16740,Joel Bitonio,17.0,0.0,0.0,0.0,,,,,,,,,,,,,,,,,,,,,,,,,,,,,,,,,,,,,1.0,0.0,1.0,0.0,0.0,0.0,0.0,0.0,0.0,0.0,0.0,0.0,0.0,0.0,0.0,0.0,0.0,0.0,0.0,0.0,,,,,,,,,,,,,,,,,,,,,,,,,,,,,,,,,,,,,,,,,,,2025,0.0,0.0,0.0
16734,Jadeveon Clowney,13.0,1.0,2.0,0.0,,,,,,,,,,,,,,,,,,,,,,,,,,,,,,,,,,,,,24.0,17.0,41.0,8.5,42.0,12.0,4.0,0.0,0.0,0.0,0.0,0.0,0.0,0.0,0.0,0.0,0.0,0.0,0.0,0.0,,,,,,,,,,,,,,,,,,,,,,,,,,,,,,,,,,,,,,,,,,,2025,0.0,0.0,0.0
16710,Khalil Mack,12.0,4.0,0.0,0.0,,,,,,,,,,,,,,,,,,,,,,,,,,,,,,,,,,,,,19.0,13.0,32.0,5.5,34.0,6.0,0.0,0.0,0.0,0.0,0.0,,,,,,,,,,,,,,,,,,,,,,,,,,,,,,,,,,,,,,,,,,,,,,,,,,LAC,LB,2025,0.0,0.0,0.0
16665,James Winchester,17.0,0.0,0.0,0.0,,,,,,,,,,,,,,,,,,,,,,,,,,,,,,,,,,,,,2.0,1.0,3.0,0.0,0.0,0.0,0.0,0.0,0.0,0.0,0.0,0.0,0.0,0.0,0.0,0.0,0.0,0.0,0.0,0.0,,,,,,,,,,,,,,,,,,,,,,,,,,,,,,,,,,,,,,,,,KC,LS,2025,0.0,0.0,0.0
16195,Tony Jefferson,13.0,0.0,0.0,0.0,,,,,,,,,,,,,,,,,,,,,,,,,,,,,,,,,,,,,37.0,20.0,57.0,0.0,0.0,1.0,7.0,3.0,4.0,5.0,0.0,0.0,0.0,0.0,0.0,0.0,0.0,0.0,0.0,0.0,,,,,,,,,,,,,,,,,,,,,,,,,,,,,,,,,,,,,,,,,LAC,S,2025,0.0,0.0,0.0
16076,Chris Hubbard,1.0,0.0,0.0,0.0,,,,,,,,,,,,,,,,,,,,,,,,,,,,,,,,,,,,,0.0,1.0,1.0,0.0,0.0,0.0,0.0,0.0,0.0,0.0,0.0,,,,,,,,,,,,,,,,,,,,,,,,,,,,,,,,,,,,,,,,,,,,,,,,,,,,2025,0.0,0.0,0.0
15979,Jordan Poyer,10.0,0.0,0.0,0.0,,,,,,,,,,,,,,,,,,,,,,,,,,,,,,,,,,,,,31.0,39.0,70.0,0.5,4.0,1.0,3.0,10.0,1.0,10.0,0.0,,,,,,,,,,,,,,,,,,,,,,,,,,,,,,,,,,,,,,,,,,,,,,,,,,,,2025,0.0,0.0,0.0
15928,Sam Martin,17.0,0.0,0.0,0.0,,,,,,,,,,,,,,,,,,,,,,,,,,,,,,,,,,,,,1.0,0.0,1.0,0.0,0.0,0.0,0.0,0.0,0.0,0.0,0.0,,,,,,,,,,,,,,,,,,,,,0.0,0.0,0.0,0.0,0.0,0.0,0.0,0.0,0.0,0.0,0.0,0.0,0.0,0.0,0.0,0.0,0.0,56.0,2642.0,68.0,47.17900085449219,40.518001556396484,0.0,27.0,3.0,16.0,24.0,313.0,13.041999816894531,CAR,P,2025,0.0,0.0,0.0
15863,Darius Slay,10.0,0.0,1.0,0.0,,,,,,,,,,,,,,,,,,,,,,,,,,,,,,,,,,,,,28.0,8.0,36.0,0.0,0.0,1.0,3.0,0.0,0.0,0.0,0.0,,,,,,,,,,,,,,,,,,,,,,,,,,,,,,,,,,,,,,,,,,,,,,,,,,,,2025,0.0,0.0,0.0
16837,Shelby Harris,17.0,0.0,0.0,0.0,,,,,,,,,,,,,,,,,,,,,,,,,,,,,,,,,,,,,15.0,17.0,32.0,1.0,5.5,7.0,4.0,0.0,0.0,0.0,0.0,,,,,,,,,,,,,,,,,,,,,,,,,,,,,,,,,,,,,,,,,,,,,,,,,,NYG,DT,2025,0.0,0.0,0.0
2976545,Deion Jones,17.0,0.0,0.0,0.0,,,,,,,,,,,,,,,,,,,,,,,,,,,,,,,,,,,,,16.0,13.0,29.0,0.0,0.0,0.0,0.0,0.0,0.0,0.0,0.0,0.0,0.0,0.0,0.0,0.0,0.0,0.0,0.0,0.0,,,,,,,,,,,,,,,,,,,,,,,,,,,,,,,,,,,,,,,,,,,2025,0.0,0.0,0.0
2976540,Jalen Mills,7.0,0.0,0.0,0.0,,,,,,,,,,,,,,,,,,,,,,,,,,,,,,,,,,,,,3.0,7.0,10.0,0.0,0.0,0.0,1.0,0.0,0.0,0.0,0.0,0.0,0.0,0.0,0.0,0.0,0.0,0.0,0.0,0.0,,,,,,,,,,,,,,,,,,,,,,,,,,,,,,,,,,,,,,,,,,,2025,0.0,0.0,0.0
2976194,Sheldon Day,10.0,0.0,0.0,0.0,,,,,,,,,,,,,,,,,,,,,,,,,,,,,,,,,,,,,6.0,7.0,13.0,0.0,0.0,0.0,0.0,0.0,0.0,0.0,0.0,0.0,0.0,0.0,0.0,0.0,0.0,0.0,0.0,0.0,,,,,,,,,,,,,,,,,,,,,,,,,,,,,,,,,,,,,,,,,,,2025,0.0,0.0,0.0
2973051,Taylor Moton,16.0,0.0,0.0,0.0,,,,,,,,,,,,,,,,,,,,,,,,,,,,,,,,,,,,,1.0,0.0,1.0,0.0,0.0,0.0,0.0,0.0,0.0,0.0,0.0,0.0,0.0,0.0,0.0,0.0,0.0,0.0,0.0,0.0,,,,,,,,,,,,,,,,,,,,,,,,,,,,,,,,,,,,,,,,,CAR,OT,2025,0.0,0.0,0.0
2972342,Adam Butler,15.0,0.0,1.0,0.0,,,,,,,,,,,,,,,,,,,,,,,,,,,,,,,,,,,,,20.0,30.0,50.0,1.0,9.0,3.0,0.0,0.0,0.0,0.0,0.0,,,,,,,,,,,,,,,,,,,,,,,,,,,,,,,,,,,,,,,,,,,,,,,,,,LV,DT,2025,0.0,0.0,0.0
2971622,Leonard Williams,17.0,0.0,0.0,0.0,,,,,,,,,,,,,,,,,,,,,,,,,,,,,,,,,,,,,33.0,29.0,62.0,7.0,44.5,9.0,1.0,0.0,0.0,0.0,0.0,0.0,0.0,0.0,0.0,0.0,0.0,0.0,0.0,0.0,,,,,,,,,,,,,,,,,,,,,,,,,,,,,,,,,,,,,,,,,SEA,DT,2025,0.0,0.0,0.0
2971586,Fabian Moreau,11.0,0.0,0.0,0.0,,,,,,,,,,,,,,,,,,,,,,,,,,,,,,,,,,,,,13.0,4.0,17.0,0.0,0.0,0.0,2.0,0.0,0.0,0.0,0.0,0.0,0.0,0.0,0.0,0.0,0.0,0.0,0.0,0.0,,,,,,,,,,,,,,,,,,,,,,,,,,,,,,,,,,,,,,,,,,,2025,0.0,0.0,0.0
2971498,Adam Gotsis,2.0,0.0,0.0,0.0,,,,,,,,,,,,,,,,,,,,,,,,,,,,,,,,,,,,,0.0,0.0,0.0,0.0,0.0,0.0,0.0,0.0,0.0,0.0,0.0,0.0,0.0,0.0,0.0,0.0,0.0,0.0,0.0,0.0,,,,,,,,,,,,,,,,,,,,,,,,,,,,,,,,,,,,,,,,,,,2025,0.0,0.0,0.0
2971282,DeForest Buckner,10.0,0.0,0.0,0.0,,,,,,,,,,,,,,,,,,,,,,,,,,,,,,,,,,,,,30.0,17.0,47.0,4.0,36.0,9.0,0.0,0.0,0.0,0.0,0.0,,,,,,,,,,,,,,,,,,,,,,,,,,,,,,,,,,,,,,,,,,,,,,,,,,IND,DT,2025,0.0,0.0,0.0
2971275,Arik Armstead,16.0,1.0,0.0,0.0,,,,,,,,,,,,,,,,,,,,,,,,,,,,,,,,,,,,,13.0,15.0,28.0,5.5,37.0,7.0,0.0,0.0,0.0,0.0,0.0,0.0,0.0,0.0,0.0,0.0,0.0,0.0,0.0,0.0,,,,,,,,,,,,,,,,,,,,,,,,,,,,,,,,,,,,,,,,,JAX,DT,2025,0.0,0.0,0.0
2971027,Jonathan Jones,12.0,0.0,0.0,0.0,,,,,,,,,,,,,,,,,,,,,,,,,,,,,,,,,,,,,30.0,11.0,41.0,1.0,12.0,1.0,5.0,0.0,0.0,0.0,0.0,0.0,0.0,0.0,0.0,0.0,0.0,0.0,0.0,0.0,,,,,,,,,,,,,,,,,,,,,,,,,,,,,,,,,,,,,,,,,PHI,CB,2025,0.0,0.0,0.0
2970716,Eric Murray,12.0,1.0,0.0,0.0,,,,,,,,,,,,,,,,,,,,,,,,,,,,,,,,,,,,,32.0,22.0,54.0,1.0,11.0,2.0,6.0,12.0,1.0,12.0,0.0,,,,,,,,,,,,,,,,,,,,,,,,,,,,,,,,,,,,,,,,,,,,,,,,,,JAX,S,2025,0.0,0.0,0.0
2575788,Zach Wood,17.0,0.0,0.0,0.0,,,,,,,,,,,,,,,,,,,,,,,,,,,,,,,,,,,,,1.0,1.0,2.0,0.0,0.0,0.0,0.0,0.0,0.0,0.0,0.0,0.0,0.0,0.0,0.0,0.0,0.0,0.0,0.0,0.0,,,,,,,,,,,,,,,,,,,,,,,,,,,,,,,,,,,,,,,,,NO,LS,2025,0.0,0.0,0.0
2969961,Rayshawn Jenkins,17.0,1.0,1.0,0.0,,,,,,,,,,,,,,,,,,,,,,,,,,,,,,,,,,,,,19.0,26.0,45.0,0.0,0.0,0.0,1.0,9.0,1.0,9.0,0.0,0.0,0.0,0.0,0.0,0.0,0.0,0.0,0.0,0.0,,,,,,,,,,,,,,,,,,,,,,,,,,,,,,,,,,,,,,,,,,,2025,0.0,0.0,0.0
2969924,Eddie Goldman,13.0,0.0,0.0,0.0,,,,,,,,,,,,,,,,,,,,,,,,,,,,,,,,,,,,,10.0,16.0,26.0,0.0,0.0,4.0,0.0,0.0,0.0,0.0,0.0,0.0,0.0,0.0,0.0,0.0,0.0,0.0,0.0,0.0,,,,,,,,,,,,,,,,,,,,,,,,,,,,,,,,,,,,,,,,,,,2025,0.0,0.0,0.0
2969921,Mario Edwards Jr.,14.0,0.0,0.0,0.0,,,,,,,,,,,,,,,,,,,,,,,,,,,,,,,,,,,,,6.0,7.0,13.0,1.5,19.5,2.0,0.0,0.0,0.0,0.0,0.0,0.0,0.0,0.0,0.0,0.0,0.0,0.0,0.0,0.0,,,,,,,,,,,,,,,,,,,,,,,,,,,,,,,,,,,,,,,,,,,2025,0.0,0.0,0.0
2612151,Alex Singleton,16.0,1.0,0.0,0.0,,,,,,,,,,,,,,,,,,,,,,,,,,,,,,,,,,,,,54.0,81.0,135.0,1.0,1.0,3.0,4.0,0.0,0.0,0.0,0.0,,,,,,,,,,,,,,,,,,,,,,,,,,,,,,,,,,,,,,,,,,,,,,,,,,DEN,LB,2025,0.0,0.0,0.0
2579621,Denzel Perryman,10.0,0.0,0.0,0.0,,,,,,,,,,,,,,,,,,,,,,,,,,,,,,,,,,,,,30.0,17.0,47.0,0.0,0.0,4.0,3.0,0.0,0.0,0.0,0.0,0.0,0.0,0.0,0.0,0.0,0.0,0.0,0.0,0.0,,,,,,,,,,,,,,,,,,,,,,,,,,,,,,,,,,,,,,,,,LAC,LB,2025,0.0,0.0,0.0
2577553,Quandre Diggs,10.0,0.0,0.0,0.0,,,,,,,,,,,,,,,,,,,,,,,,,,,,,,,,,,,,,17.0,13.0,30.0,0.0,0.0,0.0,1.0,0.0,0.0,0.0,0.0,0.0,0.0,0.0,0.0,0.0,0.0,0.0,0.0,0.0,,,,,,,,,,,,,,,,,,,,,,,,,,,,,,,,,,,,,,,,,,,2025,0.0,0.0,0.0
2577466,Jordan Phillips,11.0,0.0,0.0,0.0,,,,,,,,,,,,,,,,,,,,,,,,,,,,,,,,,,,,,5.0,4.0,9.0,1.0,7.0,2.0,1.0,0.0,0.0,0.0,0.0,0.0,0.0,0.0,0.0,0.0,0.0,0.0,0.0,0.0,,,,,,,,,,,,,,,,,,,,,,,,,,,,,,,,,,,,,,,,,,,2025,0.0,0.0,0.0
2577446,Preston Smith,13.0,0.0,0.0,0.0,,,,,,,,,,,,,,,,,,,,,,,,,,,,,,,,,,,,,8.0,16.0,24.0,0.5,1.5,2.0,1.0,0.0,0.0,0.0,0.0,0.0,0.0,0.0,0.0,0.0,0.0,0.0,0.0,0.0,,,,,,,,,,,,,,,,,,,,,,,,,,,,,,,,,,,,,,,,,,,2025,0.0,0.0,0.0
2576702,Bud Dupree,16.0,0.0,0.0,0.0,,,,,,,,,,,,,,,,,,,,,,,,,,,,,,,,,,,,,9.0,7.0,16.0,2.0,8.0,2.0,1.0,0.0,0.0,0.0,0.0,0.0,0.0,0.0,0.0,0.0,0.0,0.0,0.0,0.0,,,,,,,,,,,,,,,,,,,,,,,,,,,,,,,,,,,,,,,,,LAC,LB,2025,0.0,0.0,0.0
2576492,Grady Jarrett,14.0,0.0,0.0,0.0,,,,,,,,,,,,,,,,,,,,,,,,,,,,,,,,,,,,,14.0,25.0,39.0,1.5,6.5,1.0,3.0,0.0,0.0,0.0,0.0,0.0,0.0,0.0,0.0,0.0,0.0,0.0,0.0,0.0,,,,,,,,,,,,,,,,,,,,,,,,,,,,,,,,,,,,,,,,,CHI,DE,2025,0.0,0.0,0.0
2576245,Graham Glasgow,15.0,0.0,0.0,0.0,,,,,,,,,,,,,,,,,,,,,,,,,,,,,,,,,,,,,0.0,1.0,1.0,0.0,0.0,0.0,0.0,0.0,0.0,0.0,0.0,0.0,0.0,0.0,0.0,0.0,0.0,0.0,0.0,0.0,,,,,,,,,,,,,,,,,,,,,,,,,,,,,,,,,,,,,,,,,,,2025,0.0,0.0,0.0
2575907,Joe Cardona,17.0,0.0,0.0,0.0,,,,,,,,,,,,,,,,,,,,,,,,,,,,,,,,,,,,,2.0,3.0,5.0,0.0,0.0,0.0,0.0,0.0,0.0,0.0,0.0,0.0,0.0,0.0,0.0,0.0,0.0,0.0,0.0,0.0,,,,,,,,,,,,,,,,,,,,,,,,,,,,,,,,,,,,,,,,,LAR,LS,2025,0.0,0.0,0.0
2970204,Sheldon Rankins,17.0,0.0,1.0,1.0,,,,,,,,,,,,,,,,,,,,,,,,,,,,,,,,,,,,,15.0,20.0,35.0,3.0,16.0,5.0,0.0,0.0,0.0,0.0,0.0,0.0,0.0,0.0,0.0,0.0,0.0,0.0,0.0,0.0,,,,,,,,,,,,,,,,,,,,,,,,,,,,,,,,,,,,,,,,,HOU,DT,2025,0.0,0.0,0.0
4360413,Shaka Heyward,12.0,0.0,0.0,0.0,,,,,,,,,,,,,,,,,,,,,,,,,,,,,,,,,,,,,4.0,12.0,16.0,0.0,0.0,0.0,0.0,0.0,0.0,0.0,0.0,0.0,0.0,0.0,0.0,0.0,0.0,0.0,0.0,0.0,,,,,,,,,,,,,,,,,,,,,,,,,,,,,,,,,,,,,,,,,CIN,LB,2025,0.0,0.0,0.0
4360386,Sydney Brown,17.0,0.0,0.0,0.0,,,,,,,,,,,,,,,,,,,,,,,,,,,,,,,,,,,,,17.0,17.0,34.0,0.0,0.0,0.0,0.0,0.0,0.0,0.0,0.0,0.0,0.0,0.0,0.0,0.0,0.0,0.0,0.0,0.0,,,,,,,,,,,,,,,,,,,,,,,,,,,,,,,,,,,,,,,,,ATL,S,2025,0.0,0.0,0.0
4360383,Kerby Joseph,6.0,0.0,0.0,0.0,,,,,,,,,,,,,,,,,,,,,,,,,,,,,,,,,,,,,14.0,4.0,18.0,0.0,0.0,0.0,4.0,1.0,3.0,1.0,0.0,,,,,,,,,,,,,,,,,,,,,,,,,,,,,,,,,,,,,,,,,,,,,,,,,,DET,S,2025,0.0,0.0,0.0
4360378,Quan Martin,17.0,1.0,0.0,0.0,,,,,,,,,,,,,,,,,,,,,,,,,,,,,,,,,,,,,52.0,47.0,99.0,0.0,0.0,1.0,3.0,0.0,0.0,0.0,0.0,,,,,,,,,,,,,,,,,,,,,,,,,,,,,,,,,,,,,,,,,,,,,,,,,,WSH,S,2025,0.0,0.0,0.0
4360307,Derion Kendrick,15.0,0.0,0.0,0.0,,,,,,,,,,,,,,,,,,,,,,,,,,,,,,,,,,,,,7.0,3.0,10.0,0.0,0.0,1.0,5.0,0.0,2.0,0.0,0.0,0.0,0.0,0.0,0.0,0.0,0.0,0.0,0.0,0.0,,,,,,,,,,,,,,,,,,,,,,,,,,,,,,,,,,,,,,,,,DAL,CB,2025,0.0,0.0,0.0
4360287,Delarrin Turner-Yell,1.0,0.0,0.0,0.0,,,,,,,,,,,,,,,,,,,,,,,,,,,,,,,,,,,,,0.0,1.0,1.0,0.0,0.0,0.0,0.0,0.0,0.0,0.0,0.0,,,,,,,,,,,,,,,,,,,,,,,,,,,,,,,,,,,,,,,,,,,,,,,,,,,,2025,0.0,0.0,0.0
4360277,Jalen Redmond,17.0,1.0,2.0,0.0,,,,,,,,,,,,,,,,,,,,,,,,,,,,,,,,,,,,,33.0,29.0,62.0,6.0,42.0,12.0,5.0,0.0,0.0,0.0,0.0,,,,,,,,,,,,,,,,,,,,,,,,,,,,,,,,,,,,,,,,,,,,,,,,,,MIN,DT,2025,0.0,0.0,0.0
4360259,Nik Bonitto,17.0,2.0,0.0,0.0,,,,,,,,,,,,,,,,,,,,,,,,,,,,,,,,,,,,,31.0,15.0,46.0,14.0,92.5,14.0,1.0,0.0,0.0,0.0,0.0,,,,,,,,,,,,,,,,,,,,,,,,,,,,,,,,,,,,,,,,,,,,,,,,,,DEN,LB,2025,0.0,0.0,0.0
4360203,Elijah Jones,10.0,0.0,0.0,0.0,,,,,,,,,,,,,,,,,,,,,,,,,,,,,,,,,,,,,0.0,3.0,3.0,0.0,0.0,0.0,2.0,0.0,0.0,0.0,0.0,0.0,0.0,0.0,0.0,0.0,0.0,0.0,0.0,0.0,,,,,,,,,,,,,,,,,,,,,,,,,,,,,,,,,,,,,,,,,ARI,CB,2025,0.0,0.0,0.0
4360189,Logan Hall,17.0,1.0,0.0,0.0,,,,,,,,,,,,,,,,,,,,,,,,,,,,,,,,,,,,,18.0,21.0,39.0,1.5,14.0,2.0,1.0,0.0,0.0,0.0,0.0,,,,,,,,,,,,,,,,,,,,,,,,,,,,,,,,,,,,,,,,,,,,,,,,,,HOU,DE,2025,0.0,0.0,0.0
4334405,Tavierre Thomas,17.0,1.0,0.0,0.0,,,,,,,,,,,,,,,,,,,,,,,,,,,,,,,,,,,,,11.0,12.0,23.0,0.0,0.0,0.0,0.0,0.0,0.0,0.0,0.0,0.0,0.0,0.0,0.0,0.0,0.0,0.0,0.0,0.0,,,,,,,,,,,,,,,,,,,,,,,,,,,,,,,,,,,,,,,,,MIN,S,2025,0.0,0.0,0.0
4034530,Chris Williams,14.0,0.0,0.0,0.0,,,,,,,,,,,,,,,,,,,,,,,,,,,,,,,,,,,,,6.0,8.0,14.0,1.0,0.0,1.0,0.0,0.0,0.0,0.0,0.0,0.0,0.0,0.0,0.0,0.0,0.0,0.0,0.0,0.0,,,,,,,,,,,,,,,,,,,,,,,,,,,,,,,,,,,,,,,,,ATL,DT,2025,0.0,0.0,0.0
4331768,Jonathan Owens,17.0,0.0,0.0,0.0,,,,,,,,,,,,,,,,,,,,,,,,,,,,,,,,,,,,,9.0,10.0,19.0,0.0,0.0,0.0,0.0,0.0,0.0,0.0,0.0,0.0,0.0,0.0,0.0,0.0,0.0,0.0,0.0,0.0,,,,,,,,,,,,,,,,,,,,,,,,,,,,,,,,,,,,,,,,,IND,S,2025,0.0,0.0,0.0
4280416,Samuel Womack III,6.0,0.0,0.0,0.0,,,,,,,,,,,,,,,,,,,,,,,,,,,,,,,,,,,,,6.0,5.0,11.0,0.0,0.0,0.0,2.0,0.0,0.0,0.0,0.0,0.0,0.0,0.0,0.0,0.0,0.0,0.0,0.0,0.0,,,,,,,,,,,,,,,,,,,,,,,,,,,,,,,,,,,,,,,,,NYJ,CB,2025,0.0,0.0,0.0
4262199,Sam Cosmi,9.0,0.0,0.0,0.0,,,,,,,,,,,,,,,,,,,,,,,,,,,,,,,,,,,,,0.0,1.0,1.0,0.0,0.0,0.0,0.0,0.0,0.0,0.0,0.0,0.0,0.0,0.0,0.0,0.0,0.0,0.0,0.0,0.0,,,,,,,,,,,,,,,,,,,,,,,,,,,,,,,,,,,,,,,,,WSH,G,2025,0.0,0.0,0.0
4262197,Ta'Quon Graham,2.0,0.0,0.0,0.0,,,,,,,,,,,,,,,,,,,,,,,,,,,,,,,,,,,,,3.0,1.0,4.0,0.0,0.0,1.0,0.0,0.0,0.0,0.0,0.0,0.0,0.0,0.0,0.0,0.0,0.0,0.0,0.0,0.0,,,,,,,,,,,,,,,,,,,,,,,,,,,,,,,,,,,,,,,,,PHI,DE,2025,0.0,0.0,0.0
4261606,Darren Hall,13.0,0.0,0.0,0.0,,,,,,,,,,,,,,,,,,,,,,,,,,,,,,,,,,,,,8.0,13.0,21.0,0.0,0.0,0.0,0.0,0.0,0.0,0.0,0.0,0.0,0.0,0.0,0.0,0.0,0.0,0.0,0.0,0.0,,,,,,,,,,,,,,,,,,,,,,,,,,,,,,,,,,,,,,,,,ATL,CB,2025,0.0,0.0,0.0
4261090,Jordan Jackson,5.0,0.0,0.0,0.0,,,,,,,,,,,,,,,,,,,,,,,,,,,,,,,,,,,,,3.0,4.0,7.0,0.0,0.0,0.0,0.0,0.0,0.0,0.0,0.0,0.0,0.0,0.0,0.0,0.0,0.0,0.0,0.0,0.0,,,,,,,,,,,,,,,,,,,,,,,,,,,,,,,,,,,,,,,,,DEN,DT,2025,0.0,0.0,0.0
4260703,Segun Olubi,17.0,1.0,0.0,0.0,,,,,,,,,,,,,,,,,,,,,,,,,,,,,,,,,,,,,9.0,2.0,11.0,0.0,0.0,0.0,0.0,0.0,0.0,0.0,0.0,0.0,0.0,0.0,0.0,0.0,0.0,0.0,0.0,0.0,,,,,,,,,,,,,,,,,,,,,,,,,,,,,,,,,,,,,,,,,LV,LB,2025,0.0,0.0,0.0
4260409,Derrick Barnes,17.0,0.0,0.0,0.0,,,,,,,,,,,,,,,,,,,,,,,,,,,,,,,,,,,,,40.0,38.0,78.0,4.0,17.0,6.0,3.0,23.0,1.0,23.0,0.0,,,,,,,,,,,,,,,,,,,,,,,,,,,,,,,,,,,,,,,,,,,,,,,,,,DET,LB,2025,0.0,0.0,0.0
4260224,Jordan Stout,17.0,0.0,0.0,0.0,,,,,,,,,,,,,,,,,,,,,,,,,,,,,,,,,,,,,1.0,0.0,1.0,0.0,0.0,0.0,0.0,0.0,0.0,0.0,0.0,,,,,,,,,,,,,,,,,,,,,,,,,,,,,,,,,,,,,,53.0,2657.0,74.0,50.13199996948242,44.86800003051758,0.0,24.0,6.0,6.0,23.0,159.0,6.913000106811523,NYG,P,2025,0.0,0.0,0.0
4259978,Quinton Bohanna,6.0,0.0,0.0,0.0,,,,,,,,,,,,,,,,,,,,,,,,,,,,,,,,,,,,,1.0,4.0,5.0,0.0,0.0,0.0,0.0,0.0,0.0,0.0,0.0,0.0,0.0,0.0,0.0,0.0,0.0,0.0,0.0,0.0,,,,,,,,,,,,,,,,,,,,,,,,,,,,,,,,,,,,,,,,,JAX,DT,2025,0.0,0.0,0.0
4259804,Willie Gay Jr.,17.0,0.0,0.0,0.0,,,,,,,,,,,,,,,,,,,,,,,,,,,,,,,,,,,,,10.0,10.0,20.0,2.0,5.0,3.0,2.0,0.0,0.0,0.0,0.0,0.0,0.0,0.0,0.0,0.0,0.0,0.0,0.0,0.0,,,,,,,,,,,,,,,,,,,,,,,,,,,,,,,,,,,,,,,,,MIA,LB,2025,0.0,0.0,0.0
4259762,Jonathan Ford,9.0,0.0,0.0,0.0,,,,,,,,,,,,,,,,,,,,,,,,,,,,,,,,,,,,,2.0,4.0,6.0,0.0,0.0,0.0,0.0,0.0,0.0,0.0,0.0,0.0,0.0,0.0,0.0,0.0,0.0,0.0,0.0,0.0,,,,,,,,,,,,,,,,,,,,,,,,,,,,,,,,,,,,,,,,,GB,DT,2025,0.0,0.0,0.0
4334300,Dennis Gardeck,17.0,1.0,0.0,0.0,,,,,,,,,,,,,,,,,,,,,,,,,,,,,,,,,,,,,28.0,20.0,48.0,2.5,20.5,6.0,2.0,0.0,0.0,0.0,0.0,0.0,0.0,0.0,0.0,0.0,0.0,0.0,0.0,0.0,,,,,,,,,,,,,,,,,,,,,,,,,,,,,,,,,,,,,,,,,JAX,LB,2025,0.0,0.0,0.0
4361357,Javontae Jean-Baptiste,3.0,0.0,0.0,0.0,,,,,,,,,,,,,,,,,,,,,,,,,,,,,,,,,,,,,2.0,4.0,6.0,1.0,1.0,1.0,0.0,0.0,0.0,0.0,0.0,,,,,,,,,,,,,,,,,,,,,,,,,,,,,,,,,,,,,,,,,,,,,,,,,,WSH,LB,2025,0.0,0.0,0.0
4361331,Jamien Sherwood,17.0,0.0,0.0,0.0,,,,,,,,,,,,,,,,,,,,,,,,,,,,,,,,,,,,,71.0,83.0,154.0,2.0,19.0,8.0,8.0,0.0,0.0,0.0,0.0,,,,,,,,,,,,,,,,,,,,,,,,,,,,,,,,,,,,,,,,,,,,,,,,,,NYJ,LB,2025,0.0,0.0,0.0
4361272,Eku Leota,3.0,0.0,0.0,0.0,,,,,,,,,,,,,,,,,,,,,,,,,,,,,,,,,,,,,0.0,1.0,1.0,0.0,0.0,0.0,0.0,0.0,0.0,0.0,0.0,0.0,0.0,0.0,0.0,0.0,0.0,0.0,0.0,0.0,,,,,,,,,,,,,,,,,,,,,,,,,,,,,,,,,,,,,,,,,ARI,LB,2025,0.0,0.0,0.0
4361266,Greg Newsome II,17.0,0.0,0.0,0.0,,,,,,,,,,,,,,,,,,,,,,,,,,,,,,,,,,,,,41.0,11.0,52.0,0.0,0.0,2.0,9.0,0.0,1.0,0.0,0.0,0.0,0.0,0.0,0.0,0.0,0.0,0.0,0.0,0.0,,,,,,,,,,,,,,,,,,,,,,,,,,,,,,,,,,,,,,,,,NYG,CB,2025,0.0,0.0,0.0
4361196,Cam Taylor-Britt,8.0,0.0,0.0,0.0,,,,,,,,,,,,,,,,,,,,,,,,,,,,,,,,,,,,,12.0,9.0,21.0,0.0,0.0,1.0,5.0,0.0,0.0,0.0,0.0,,,,,,,,,,,,,,,,,,,,,,,,,,,,,,,,,,,,,,,,,,,,,,,,,,IND,CB,2025,0.0,0.0,0.0
4361194,Isaiah Stalbird,17.0,0.0,0.0,0.0,,,,,,,,,,,,,,,,,,,,,,,,,,,,,,,,,,,,,12.0,13.0,25.0,2.0,15.0,2.0,1.0,0.0,0.0,0.0,0.0,0.0,0.0,0.0,0.0,0.0,0.0,0.0,0.0,0.0,,,,,,,,,,,,,,,,,,,,,,,,,,,,,,,,,,,,,,,,,NO,LB,2025,0.0,0.0,0.0
4361114,Taki Taimani,2.0,0.0,0.0,0.0,,,,,,,,,,,,,,,,,,,,,,,,,,,,,,,,,,,,,0.0,1.0,1.0,0.0,0.0,0.0,0.0,0.0,0.0,0.0,0.0,0.0,0.0,0.0,0.0,0.0,0.0,0.0,0.0,0.0,,,,,,,,,,,,,,,,,,,,,,,,,,,,,,,,,,,,,,,,,MIN,DT,2025,0.0,0.0,0.0
4361101,Jackson Sirmon,1.0,0.0,0.0,0.0,,,,,,,,,,,,,,,,,,,,,,,,,,,,,,,,,,,,,1.0,0.0,1.0,0.0,0.0,0.0,0.0,0.0,0.0,0.0,0.0,,,,,,,,,,,,,,,,,,,,,,,,,,,,,,,,,,,,,,,,,,,,,,,,,,NO,LB,2025,0.0,0.0,0.0
4361093,Kyler Gordon,3.0,0.0,1.0,0.0,,,,,,,,,,,,,,,,,,,,,,,,,,,,,,,,,,,,,5.0,2.0,7.0,1.0,4.0,1.0,0.0,0.0,0.0,0.0,0.0,,,,,,,,,,,,,,,,,,,,,,,,,,,,,,,,,,,,,,,,,,,,,,,,,,CHI,CB,2025,0.0,0.0,0.0
4361090,Ale Kaho,8.0,0.0,0.0,0.0,,,,,,,,,,,,,,,,,,,,,,,,,,,,,,,,,,,,,3.0,1.0,4.0,0.0,0.0,0.0,0.0,0.0,0.0,0.0,0.0,0.0,0.0,0.0,0.0,0.0,0.0,0.0,0.0,0.0,,,,,,,,,,,,,,,,,,,,,,,,,,,,,,,,,,,,,,,,,WSH,LB,2025,0.0,0.0,0.0
4360949,Jordan Howden,16.0,0.0,1.0,1.0,,,,,,,,,,,,,,,,,,,,,,,,,,,,,,,,,,,,,18.0,11.0,29.0,0.0,0.0,1.0,0.0,0.0,0.0,0.0,0.0,0.0,0.0,0.0,0.0,0.0,0.0,0.0,0.0,0.0,,,,,,,,,,,,,,,,,,,,,,,,,,,,,,,,,,,,,,,,,NO,S,2025,0.0,0.0,0.0
4360475,Chigozie Anusiem,3.0,0.0,0.0,0.0,,,,,,,,,,,,,,,,,,,,,,,,,,,,,,,,,,,,,0.0,1.0,1.0,0.0,0.0,0.0,0.0,0.0,0.0,0.0,0.0,0.0,0.0,0.0,0.0,0.0,0.0,0.0,0.0,0.0,,,,,,,,,,,,,,,,,,,,,,,,,,,,,,,,,,,,,,,,,LV,CB,2025,0.0,0.0,0.0
4360807,Yasir Abdullah,10.0,0.0,0.0,0.0,,,,,,,,,,,,,,,,,,,,,,,,,,,,,,,,,,,,,6.0,3.0,9.0,0.0,0.0,0.0,0.0,0.0,0.0,0.0,0.0,0.0,0.0,0.0,0.0,0.0,0.0,0.0,0.0,0.0,,,,,,,,,,,,,,,,,,,,,,,,,,,,,,,,,,,,,,,,,JAX,LB,2025,0.0,0.0,0.0
4360773,Nick Hampton,12.0,0.0,0.0,0.0,,,,,,,,,,,,,,,,,,,,,,,,,,,,,,,,,,,,,4.0,6.0,10.0,0.0,0.0,0.0,0.0,0.0,0.0,0.0,0.0,0.0,0.0,0.0,0.0,0.0,0.0,0.0,0.0,0.0,,,,,,,,,,,,,,,,,,,,,,,,,,,,,,,,,,,,,,,,,CAR,LB,2025,0.0,0.0,0.0
4360749,Thomas Booker IV,17.0,1.0,1.0,0.0,,,,,,,,,,,,,,,,,,,,,,,,,,,,,,,,,,,,,16.0,28.0,44.0,0.0,0.0,1.0,5.0,0.0,0.0,0.0,0.0,,,,,,,,,,,,,,,,,,,,,,,,,,,,,,,,,,,,,,,,,,,,,,,,,,LV,DT,2025,0.0,0.0,0.0
4360746,Ethan Bonner,14.0,0.0,1.0,0.0,,,,,,,,,,,,,,,,,,,,,,,,,,,,,,,,,,,,,7.0,8.0,15.0,0.0,0.0,1.0,2.0,0.0,1.0,0.0,0.0,0.0,0.0,0.0,0.0,0.0,0.0,0.0,0.0,0.0,,,,,,,,,,,,,,,,,,,,,,,,,,,,,,,,,,,,,,,,,MIA,CB,2025,0.0,0.0,0.0
4360745,Kendall Williamson,17.0,0.0,0.0,0.0,,,,,,,,,,,,,,,,,,,,,,,,,,,,,,,,,,,,,8.0,6.0,14.0,0.0,0.0,0.0,0.0,0.0,0.0,0.0,0.0,0.0,0.0,0.0,0.0,0.0,0.0,0.0,0.0,0.0,,,,,,,,,,,,,,,,,,,,,,,,,,,,,,,,,,,,,,,,,LAC,S,2025,0.0,0.0,0.0
4360739,Simi Fehoko,8.0,0.0,0.0,0.0,,,,,,,,,,,,,,,,,,,,,,,,,,,,,,,,,,,,,3.0,4.0,7.0,0.0,0.0,0.0,0.0,0.0,0.0,0.0,0.0,0.0,0.0,0.0,0.0,0.0,0.0,0.0,0.0,0.0,,,,,,,,,,,,,,,,,,,,,,,,,,,,,,,,,,,,,,,,,ARI,WR,2025,0.0,0.0,0.0
4360677,Mekhi Blackmon,17.0,0.0,0.0,0.0,,,,,,,,,,,,,,,,,,,,,,,,,,,,,,,,,,,,,50.0,14.0,64.0,1.0,0.0,2.0,7.0,32.0,2.0,41.0,0.0,,,,,,,,,,,,,,,,,,,,,,,,,,,,,,,,,,,,,,,,,,,,,,,,,,IND,CB,2025,0.0,0.0,0.0
4360638,Durell Nchami,3.0,0.0,0.0,0.0,,,,,,,,,,,,,,,,,,,,,,,,,,,,,,,,,,,,,1.0,1.0,2.0,0.0,0.0,0.0,0.0,0.0,0.0,0.0,0.0,0.0,0.0,0.0,0.0,0.0,0.0,0.0,0.0,0.0,,,,,,,,,,,,,,,,,,,,,,,,,,,,,,,,,,,,,,,,,IND,DE,2025,0.0,0.0,0.0
4360590,Juanyeh Thomas,7.0,0.0,0.0,0.0,,,,,,,,,,,,,,,,,,,,,,,,,,,,,,,,,,,,,14.0,12.0,26.0,0.0,0.0,0.0,0.0,0.0,0.0,0.0,0.0,0.0,0.0,0.0,0.0,0.0,0.0,0.0,0.0,0.0,,,,,,,,,,,,,,,,,,,,,,,,,,,,,,,,,,,,,,,,,IND,S,2025,0.0,0.0,0.0
4360502,Kaevon Merriweather,13.0,0.0,0.0,0.0,,,,,,,,,,,,,,,,,,,,,,,,,,,,,,,,,,,,,6.0,5.0,11.0,0.0,0.0,1.0,0.0,0.0,0.0,0.0,0.0,0.0,0.0,0.0,0.0,0.0,0.0,0.0,0.0,0.0,,,,,,,,,,,,,,,,,,,,,,,,,,,,,,,,,,,,,,,,,HOU,S,2025,0.0,0.0,0.0
4360499,Tyler Linderbaum,17.0,0.0,0.0,0.0,,,,,,,,,,,,,,,,,,,,,,,,,,,,,,,,,,,,,1.0,0.0,1.0,0.0,0.0,0.0,0.0,0.0,0.0,0.0,0.0,0.0,0.0,0.0,0.0,0.0,0.0,0.0,0.0,0.0,,,,,,,,,,,,,,,,,,,,,,,,,,,,,,,,,,,,,,,,,LV,C,2025,0.0,0.0,0.0
4360488,JuJu Brents,7.0,0.0,1.0,0.0,,,,,,,,,,,,,,,,,,,,,,,,,,,,,,,,,,,,,10.0,4.0,14.0,0.0,0.0,0.0,1.0,0.0,0.0,0.0,0.0,0.0,0.0,0.0,0.0,0.0,0.0,0.0,0.0,0.0,,,,,,,,,,,,,,,,,,,,,,,,,,,,,,,,,,,,,,,,,MIA,CB,2025,0.0,0.0,0.0
4360853,Talanoa Hufanga,17.0,1.0,0.0,0.0,,,,,,,,,,,,,,,,,,,,,,,,,,,,,,,,,,,,,67.0,39.0,106.0,2.0,17.0,6.0,11.0,0.0,0.0,0.0,0.0,,,,,,,,,,,,,,,,,,,,,,,,,,,,,,,,,,,,,,,,,,,,,,,,,,DEN,S,2025,0.0,0.0,0.0
4250393,Tristin McCollum,16.0,0.0,0.0,0.0,,,,,,,,,,,,,,,,,,,,,,,,,,,,,,,,,,,,,11.0,3.0,14.0,0.0,0.0,2.0,1.0,0.0,0.0,0.0,0.0,0.0,0.0,0.0,0.0,0.0,0.0,0.0,0.0,0.0,,,,,,,,,,,,,,,,,,,,,,,,,,,,,,,,,,,,,,,,,LV,S,2025,0.0,0.0,0.0
4250392,Zyon McCollum,13.0,0.0,0.0,0.0,,,,,,,,,,,,,,,,,,,,,,,,,,,,,,,,,,,,,45.0,20.0,65.0,0.0,0.0,1.0,6.0,19.0,1.0,19.0,0.0,0.0,0.0,0.0,0.0,0.0,0.0,0.0,0.0,0.0,,,,,,,,,,,,,,,,,,,,,,,,,,,,,,,,,,,,,,,,,TB,CB,2025,0.0,0.0,0.0
4249766,Jack Cochrane,17.0,0.0,1.0,0.0,,,,,,,,,,,,,,,,,,,,,,,,,,,,,,,,,,,,,7.0,13.0,20.0,0.0,0.0,0.0,1.0,0.0,1.0,0.0,0.0,0.0,0.0,0.0,0.0,0.0,0.0,0.0,0.0,0.0,,,,,,,,,,,,,,,,,,,,,,,,,,,,,,,,,,,,,,,,,KC,LB,2025,0.0,0.0,0.0
4249739,Jack Gibbens,17.0,1.0,0.0,0.0,,,,,,,,,,,,,,,,,,,,,,,,,,,,,,,,,,,,,43.0,38.0,81.0,1.0,6.0,8.0,4.0,0.0,0.0,0.0,0.0,,,,,,,,,,,,,,,,,,,,,,,,,,,,,,,,,,,,,,,,,,,,,,,,,,ARI,LB,2025,0.0,0.0,0.0
4249342,Mark Robinson,8.0,0.0,0.0,0.0,,,,,,,,,,,,,,,,,,,,,,,,,,,,,,,,,,,,,4.0,1.0,5.0,0.0,0.0,0.0,0.0,0.0,0.0,0.0,0.0,0.0,0.0,0.0,0.0,0.0,0.0,0.0,0.0,0.0,,,,,,,,,,,,,,,,,,,,,,,,,,,,,,,,,,,,,,,,,,,2025,0.0,0.0,0.0
4249214,Andre Jones Jr.,3.0,0.0,0.0,0.0,,,,,,,,,,,,,,,,,,,,,,,,,,,,,,,,,,,,,1.0,4.0,5.0,0.0,0.0,0.0,0.0,0.0,0.0,0.0,0.0,0.0,0.0,0.0,0.0,0.0,0.0,0.0,0.0,0.0,,,,,,,,,,,,,,,,,,,,,,,,,,,,,,,,,,,,,,,,,BUF,DE,2025,0.0,0.0,0.0
4249128,Quentin Lake,10.0,1.0,1.0,0.0,,,,,,,,,,,,,,,,,,,,,,,,,,,,,,,,,,,,,37.0,24.0,61.0,1.0,13.0,2.0,10.0,0.0,1.0,0.0,0.0,,,,,,,,,,,,,,,,,,,,,,,,,,,,,,,,,,,,,,,,,,,,,,,,,,LAR,S,2025,0.0,0.0,0.0
4248911,DaRon Bland,12.0,0.0,0.0,0.0,,,,,,,,,,,,,,,,,,,,,,,,,,,,,,,,,,,,,45.0,28.0,73.0,0.0,0.0,3.0,6.0,68.0,1.0,68.0,1.0,,,,,,,,,,,,,,,,,,,,,,,,,,,,,,,,,,,,,,,,,,,,,,,,,,DAL,CB,2025,0.0,0.0,0.0
4248533,Josh Hayes,17.0,1.0,0.0,0.0,,,,,,,,,,,,,,,,,,,,,,,,,,,,,,,,,,,,,7.0,8.0,15.0,0.0,0.0,0.0,0.0,0.0,0.0,0.0,0.0,0.0,0.0,0.0,0.0,0.0,0.0,0.0,0.0,0.0,,,,,,,,,,,,,,,,,,,,,,,,,,,,,,,,,,,,,,,,,TB,CB,2025,0.0,0.0,0.0
4248047,John Ridgeway III,4.0,0.0,0.0,0.0,,,,,,,,,,,,,,,,,,,,,,,,,,,,,,,,,,,,,3.0,8.0,11.0,0.0,0.0,1.0,0.0,0.0,0.0,0.0,0.0,,,,,,,,,,,,,,,,,,,,,,,,,,,,,,,,,,,,,,,,,,,,,,,,,,NO,DT,2025,0.0,0.0,0.0
4247808,Ty Okada,17.0,0.0,1.0,0.0,,,,,,,,,,,,,,,,,,,,,,,,,,,,,,,,,,,,,46.0,19.0,65.0,1.5,11.5,3.0,6.0,0.0,1.0,0.0,0.0,0.0,0.0,0.0,0.0,0.0,0.0,0.0,0.0,0.0,,,,,,,,,,,,,,,,,,,,,,,,,,,,,,,,,,,,,,,,,SEA,S,2025,0.0,0.0,0.0
4259651,Brandon Pili,13.0,1.0,0.0,0.0,,,,,,,,,,,,,,,,,,,,,,,,,,,,,,,,,,,,,1.0,11.0,12.0,0.0,0.0,0.0,0.0,0.0,0.0,0.0,0.0,0.0,0.0,0.0,0.0,0.0,0.0,0.0,0.0,0.0,,,,,,,,,,,,,,,,,,,,,,,,,,,,,,,,,,,,,,,,,SEA,DT,2025,0.0,0.0,0.0
4245273,Christian Elliss,15.0,1.0,0.0,0.0,,,,,,,,,,,,,,,,,,,,,,,,,,,,,,,,,,,,,39.0,55.0,94.0,0.0,0.0,0.0,3.0,0.0,0.0,0.0,0.0,,,,,,,,,,,,,,,,,,,,,,,,,,,,,,,,,,,,,,,,,,,,,,,,,,NE,LB,2025,0.0,0.0,0.0
4245171,Abraham Lucas,17.0,0.0,0.0,0.0,,,,,,,,,,,,,,,,,,,,,,,,,,,,,,,,,,,,,2.0,0.0,2.0,0.0,0.0,0.0,0.0,0.0,0.0,0.0,0.0,0.0,0.0,0.0,0.0,0.0,0.0,0.0,0.0,0.0,,,,,,,,,,,,,,,,,,,,,,,,,,,,,,,,,,,,,,,,,SEA,OT,2025,0.0,0.0,0.0
4244607,Akayleb Evans,16.0,0.0,0.0,0.0,,,,,,,,,,,,,,,,,,,,,,,,,,,,,,,,,,,,,6.0,6.0,12.0,0.0,0.0,0.0,0.0,0.0,0.0,0.0,0.0,0.0,0.0,0.0,0.0,0.0,0.0,0.0,0.0,0.0,,,,,,,,,,,,,,,,,,,,,,,,,,,,,,,,,,,,,,,,,CAR,CB,2025,0.0,0.0,0.0
4244606,Zaven Collins,17.0,0.0,2.0,1.0,,,,,,,,,,,,,,,,,,,,,,,,,,,,,,,,,,,,,26.0,14.0,40.0,1.5,15.0,6.0,0.0,0.0,0.0,0.0,0.0,,,,,,,,,,,,,,,,,,,,,,,,,,,,,,,,,,,,,,,,,,,,,,,,,,ARI,LB,2025,0.0,0.0,0.0
4244310,Mike Brown,9.0,0.0,0.0,0.0,,,,,,,,,,,,,,,,,,,,,,,,,,,,,,,,,,,,,3.0,0.0,3.0,0.0,0.0,0.0,0.0,0.0,0.0,0.0,0.0,0.0,0.0,0.0,0.0,0.0,0.0,0.0,0.0,0.0,,,,,,,,,,,,,,,,,,,,,,,,,,,,,,,,,,,,,,,,,NE,S,2025,0.0,0.0,0.0
4244300,Dominique Robinson,12.0,0.0,0.0,0.0,,,,,,,,,,,,,,,,,,,,,,,,,,,,,,,,,,,,,12.0,7.0,19.0,1.5,13.0,3.0,0.0,0.0,0.0,0.0,0.0,0.0,0.0,0.0,0.0,0.0,0.0,0.0,0.0,0.0,,,,,,,,,,,,,,,,,,,,,,,,,,,,,,,,,,,,,,,,,HOU,DE,2025,0.0,0.0,0.0
4243956,Reed Blankenship,16.0,1.0,1.0,0.0,,,,,,,,,,,,,,,,,,,,,,,,,,,,,,,,,,,,,53.0,30.0,83.0,0.0,0.0,1.0,4.0,0.0,1.0,0.0,0.0,,,,,,,,,,,,,,,,,,,,,,,,,,,,,,,,,,,,,,,,,,,,,,,,,,HOU,S,2025,0.0,0.0,0.0
4243923,Cameron Sample,14.0,1.0,0.0,0.0,,,,,,,,,,,,,,,,,,,,,,,,,,,,,,,,,,,,,9.0,8.0,17.0,2.0,1.0,2.0,0.0,0.0,0.0,0.0,0.0,0.0,0.0,0.0,0.0,0.0,0.0,0.0,0.0,0.0,,,,,,,,,,,,,,,,,,,,,,,,,,,,,,,,,,,,,,,,,SF,DE,2025,0.0,0.0,0.0
4243916,Patrick Johnson,9.0,0.0,0.0,0.0,,,,,,,,,,,,,,,,,,,,,,,,,,,,,,,,,,,,,5.0,3.0,8.0,1.0,1.0,1.0,0.0,0.0,0.0,0.0,0.0,0.0,0.0,0.0,0.0,0.0,0.0,0.0,0.0,0.0,,,,,,,,,,,,,,,,,,,,,,,,,,,,,,,,,,,,,,,,,,,2025,0.0,0.0,0.0
4243831,Kemon Hall,4.0,1.0,0.0,0.0,,,,,,,,,,,,,,,,,,,,,,,,,,,,,,,,,,,,,9.0,0.0,9.0,0.0,0.0,2.0,0.0,0.0,0.0,0.0,0.0,0.0,0.0,0.0,0.0,0.0,0.0,0.0,0.0,0.0,,,,,,,,,,,,,,,,,,,,,,,,,,,,,,,,,,,,,,,,,TB,CB,2025,0.0,0.0,0.0
4243545,Alex Ward,8.0,0.0,0.0,0.0,,,,,,,,,,,,,,,,,,,,,,,,,,,,,,,,,,,,,0.0,1.0,1.0,0.0,0.0,0.0,0.0,0.0,0.0,0.0,0.0,0.0,0.0,0.0,0.0,0.0,0.0,0.0,0.0,0.0,,,,,,,,,,,,,,,,,,,,,,,,,,,,,,,,,,,,,,,,,LV,LS,2025,0.0,0.0,0.0
4243541,Kalia Davis,17.0,0.0,0.0,0.0,,,,,,,,,,,,,,,,,,,,,,,,,,,,,,,,,,,,,10.0,18.0,28.0,0.5,2.5,4.0,3.0,0.0,0.0,0.0,0.0,0.0,0.0,0.0,0.0,0.0,0.0,0.0,0.0,0.0,,,,,,,,,,,,,,,,,,,,,,,,,,,,,,,,,,,,,,,,,CLE,DT,2025,0.0,0.0,0.0
4247726,Bryan Cook,17.0,0.0,0.0,0.0,,,,,,,,,,,,,,,,,,,,,,,,,,,,,,,,,,,,,50.0,35.0,85.0,0.0,0.0,1.0,6.0,0.0,0.0,0.0,0.0,0.0,0.0,0.0,0.0,0.0,0.0,0.0,0.0,0.0,,,,,,,,,,,,,,,,,,,,,,,,,,,,,,,,,,,,,,,,,CIN,S,2025,0.0,0.0,0.0
4259647,Jay Tufele,12.0,0.0,0.0,0.0,,,,,,,,,,,,,,,,,,,,,,,,,,,,,,,,,,,,,5.0,7.0,12.0,0.0,0.0,0.0,0.0,0.0,0.0,0.0,0.0,0.0,0.0,0.0,0.0,0.0,0.0,0.0,0.0,0.0,,,,,,,,,,,,,,,,,,,,,,,,,,,,,,,,,,,,,,,,,DET,DT,2025,0.0,0.0,0.0
4259606,Chris Stoll,17.0,0.0,0.0,0.0,,,,,,,,,,,,,,,,,,,,,,,,,,,,,,,,,,,,,0.0,1.0,1.0,0.0,0.0,0.0,0.0,0.0,0.0,0.0,0.0,0.0,0.0,0.0,0.0,0.0,0.0,0.0,0.0,0.0,,,,,,,,,,,,,,,,,,,,,,,,,,,,,,,,,,,,,,,,,SEA,LS,2025,0.0,0.0,0.0
4259594,Yetur Gross-Matos,8.0,0.0,0.0,0.0,,,,,,,,,,,,,,,,,,,,,,,,,,,,,,,,,,,,,3.0,5.0,8.0,0.0,0.0,0.0,1.0,0.0,0.0,0.0,0.0,0.0,0.0,0.0,0.0,0.0,0.0,0.0,0.0,0.0,,,,,,,,,,,,,,,,,,,,,,,,,,,,,,,,,,,,,,,,,,,2025,0.0,0.0,0.0
4259566,Andrew Thomas,13.0,0.0,0.0,0.0,,,,,,,,,,,,,,,,,,,,,,,,,,,,,,,,,,,,,0.0,0.0,0.0,0.0,0.0,0.0,0.0,0.0,0.0,0.0,0.0,0.0,0.0,0.0,0.0,0.0,0.0,0.0,0.0,0.0,,,,,,,,,,,,,,,,,,,,,,,,,,,,,,,,,,,,,,,,,NYG,OT,2025,0.0,0.0,0.0
4259561,Eric Stokes,16.0,0.0,0.0,0.0,,,,,,,,,,,,,,,,,,,,,,,,,,,,,,,,,,,,,35.0,18.0,53.0,0.0,0.0,3.0,5.0,0.0,0.0,0.0,0.0,,,,,,,,,,,,,,,,,,,,,,,,,,,,,,,,,,,,,,,,,,,,,,,,,,LV,CB,2025,0.0,0.0,0.0
4259558,Robert Beal Jr.,7.0,0.0,0.0,0.0,,,,,,,,,,,,,,,,,,,,,,,,,,,,,,,,,,,,,3.0,11.0,14.0,0.0,0.0,0.0,0.0,0.0,0.0,0.0,0.0,0.0,0.0,0.0,0.0,0.0,0.0,0.0,0.0,0.0,,,,,,,,,,,,,,,,,,,,,,,,,,,,,,,,,,,,,,,,,MIA,DE,2025,0.0,0.0,0.0
4259546,Ameer Speed,2.0,0.0,0.0,0.0,,,,,,,,,,,,,,,,,,,,,,,,,,,,,,,,,,,,,1.0,1.0,2.0,0.0,0.0,0.0,0.0,0.0,0.0,0.0,0.0,,,,,,,,,,,,,,,,,,,,,,,,,,,,,,,,,,,,,,,,,,,,,,,,,,DAL,CB,2025,0.0,0.0,0.0
4259491,Javon Kinlaw,17.0,1.0,0.0,0.0,,,,,,,,,,,,,,,,,,,,,,,,,,,,,,,,,,,,,24.0,19.0,43.0,0.0,0.0,5.0,0.0,0.0,0.0,0.0,0.0,0.0,0.0,0.0,0.0,0.0,0.0,0.0,0.0,0.0,,,,,,,,,,,,,,,,,,,,,,,,,,,,,,,,,,,,,,,,,WSH,DT,2025,0.0,0.0,0.0
4259324,Travis Vokolek,5.0,0.0,0.0,0.0,,,,,,,,,,,,,,,,,,,,,,,,,,,,,,,,,,,,,2.0,0.0,2.0,0.0,0.0,0.0,0.0,0.0,0.0,0.0,0.0,0.0,0.0,0.0,0.0,0.0,0.0,0.0,0.0,0.0,,,,,,,,,,,,,,,,,,,,,,,,,,,,,,,,,,,,,,,,,,,2025,0.0,0.0,0.0
4259300,Tre Avery,10.0,0.0,0.0,0.0,,,,,,,,,,,,,,,,,,,,,,,,,,,,,,,,,,,,,6.0,7.0,13.0,0.0,0.0,0.0,0.0,0.0,0.0,0.0,0.0,0.0,0.0,0.0,0.0,0.0,0.0,0.0,0.0,0.0,,,,,,,,,,,,,,,,,,,,,,,,,,,,,,,,,,,,,,,,,CLE,CB,2025,0.0,0.0,0.0
4259252,James Pierre,14.0,0.0,1.0,1.0,,,,,,,,,,,,,,,,,,,,,,,,,,,,,,,,,,,,,14.0,16.0,30.0,0.0,0.0,1.0,11.0,9.0,1.0,9.0,0.0,0.0,0.0,0.0,0.0,0.0,0.0,0.0,0.0,0.0,,,,,,,,,,,,,,,,,,,,,,,,,,,,,,,,,,,,,,,,,MIN,CB,2025,0.0,0.0,0.0
4259181,James Lynch,17.0,0.0,0.0,0.0,,,,,,,,,,,,,,,,,,,,,,,,,,,,,,,,,,,,,14.0,11.0,25.0,0.5,3.0,1.0,1.0,0.0,0.0,0.0,0.0,0.0,0.0,0.0,0.0,0.0,0.0,0.0,0.0,0.0,,,,,,,,,,,,,,,,,,,,,,,,,,,,,,,,,,,,,,,,,CHI,DT,2025,0.0,0.0,0.0
4250510,Andre' Sam,3.0,0.0,0.0,0.0,,,,,,,,,,,,,,,,,,,,,,,,,,,,,,,,,,,,,1.0,0.0,1.0,0.0,0.0,0.0,0.0,0.0,0.0,0.0,0.0,0.0,0.0,0.0,0.0,0.0,0.0,0.0,0.0,0.0,,,,,,,,,,,,,,,,,,,,,,,,,,,,,,,,,,,,,,,,,PHI,S,2025,0.0,0.0,0.0
4258485,Jon Rhattigan,13.0,0.0,0.0,0.0,,,,,,,,,,,,,,,,,,,,,,,,,,,,,,,,,,,,,1.0,5.0,6.0,0.0,0.0,0.0,0.0,0.0,0.0,0.0,0.0,0.0,0.0,0.0,0.0,0.0,0.0,0.0,0.0,0.0,,,,,,,,,,,,,,,,,,,,,,,,,,,,,,,,,,,,,,,,,CHI,LB,2025,0.0,0.0,0.0
4258237,Raheem Layne,3.0,0.0,0.0,0.0,,,,,,,,,,,,,,,,,,,,,,,,,,,,,,,,,,,,,7.0,2.0,9.0,0.0,0.0,1.0,0.0,0.0,0.0,0.0,0.0,,,,,,,,,,,,,,,,,,,,,,,,,,,,,,,,,,,,,,,,,,,,,,,,,,NYG,S,2025,0.0,0.0,0.0
4258206,Benjamin St-Juste,16.0,0.0,0.0,0.0,,,,,,,,,,,,,,,,,,,,,,,,,,,,,,,,,,,,,22.0,15.0,37.0,0.0,0.0,0.0,7.0,0.0,1.0,0.0,0.0,0.0,0.0,0.0,0.0,0.0,0.0,0.0,0.0,0.0,,,,,,,,,,,,,,,,,,,,,,,,,,,,,,,,,,,,,,,,,GB,CB,2025,0.0,0.0,0.0
4258199,Cesar Ruiz,14.0,0.0,0.0,0.0,,,,,,,,,,,,,,,,,,,,,,,,,,,,,,,,,,,,,0.0,0.0,0.0,0.0,0.0,0.0,0.0,0.0,0.0,0.0,0.0,0.0,0.0,0.0,0.0,0.0,0.0,0.0,0.0,0.0,,,,,,,,,,,,,,,,,,,,,,,,,,,,,,,,,,,,,,,,,NO,G,2025,0.0,0.0,0.0
4258194,Kwity Paye,17.0,0.0,0.0,0.0,,,,,,,,,,,,,,,,,,,,,,,,,,,,,,,,,,,,,15.0,24.0,39.0,4.0,19.0,5.0,1.0,0.0,0.0,0.0,0.0,0.0,0.0,0.0,0.0,0.0,0.0,0.0,0.0,0.0,,,,,,,,,,,,,,,,,,,,,,,,,,,,,,,,,,,,,,,,,LV,DE,2025,0.0,0.0,0.0
4257591,Arnold Ebiketie,17.0,0.0,0.0,0.0,,,,,,,,,,,,,,,,,,,,,,,,,,,,,,,,,,,,,17.0,19.0,36.0,2.0,16.0,5.0,1.0,0.0,0.0,0.0,0.0,0.0,0.0,0.0,0.0,0.0,0.0,0.0,0.0,0.0,,,,,,,,,,,,,,,,,,,,,,,,,,,,,,,,,,,,,,,,,PHI,LB,2025,0.0,0.0,0.0
4257580,Christian Braswell,17.0,0.0,0.0,0.0,,,,,,,,,,,,,,,,,,,,,,,,,,,,,,,,,,,,,11.0,3.0,14.0,0.0,0.0,2.0,3.0,0.0,0.0,0.0,0.0,0.0,0.0,0.0,0.0,0.0,0.0,0.0,0.0,0.0,,,,,,,,,,,,,,,,,,,,,,,,,,,,,,,,,,,,,,,,,JAX,CB,2025,0.0,0.0,0.0
4257240,Tycen Anderson,17.0,0.0,0.0,0.0,,,,,,,,,,,,,,,,,,,,,,,,,,,,,,,,,,,,,10.0,13.0,23.0,0.0,0.0,0.0,1.0,0.0,0.0,0.0,0.0,0.0,0.0,0.0,0.0,0.0,0.0,0.0,0.0,0.0,,,,,,,,,,,,,,,,,,,,,,,,,,,,,,,,,,,,,,,,,DEN,S,2025,0.0,0.0,0.0
4256224,Claudin Cherelus,14.0,0.0,0.0,0.0,,,,,,,,,,,,,,,,,,,,,,,,,,,,,,,,,,,,,14.0,18.0,32.0,0.0,0.0,0.0,1.0,0.0,0.0,0.0,0.0,0.0,0.0,0.0,0.0,0.0,0.0,0.0,0.0,0.0,,,,,,,,,,,,,,,,,,,,,,,,,,,,,,,,,,,,,,,,,CAR,LB,2025,0.0,0.0,0.0
4256074,Khyiris Tonga,14.0,0.0,0.0,0.0,,,,,,,,,,,,,,,,,,,,,,,,,,,,,,,,,,,,,9.0,15.0,24.0,0.0,0.0,2.0,2.0,0.0,0.0,0.0,0.0,0.0,0.0,0.0,0.0,0.0,0.0,0.0,0.0,0.0,,,,,,,,,,,,,,,,,,,,,,,,,,,,,,,,,,,,,,,,,KC,DT,2025,0.0,0.0,0.0
4256062,Brady Christensen,8.0,0.0,0.0,0.0,,,,,,,,,,,,,,,,,,,,,,,,,,,,,,,,,,,,,0.0,1.0,1.0,0.0,0.0,0.0,0.0,0.0,0.0,0.0,0.0,0.0,0.0,0.0,0.0,0.0,0.0,0.0,0.0,0.0,,,,,,,,,,,,,,,,,,,,,,,,,,,,,,,,,,,,,,,,,CAR,G,2025,0.0,0.0,0.0
4250621,Kobie Turner,17.0,0.0,1.0,0.0,,,,,,,,,,,,,,,,,,,,,,,,,,,,,,,,,,,,,24.0,24.0,48.0,7.0,61.0,9.0,3.0,10.0,1.0,10.0,0.0,,,,,,,,,,,,,,,,,,,,,,,,,,,,,,,,,,,,,,,,,,,,,,,,,,LAR,DE,2025,0.0,0.0,0.0
4259166,Terrel Bernard,12.0,0.0,2.0,0.0,,,,,,,,,,,,,,,,,,,,,,,,,,,,,,,,,,,,,44.0,21.0,65.0,0.0,0.0,7.0,3.0,24.0,1.0,24.0,0.0,,,,,,,,,,,,,,,,,,,,,,,,,,,,,,,,,,,,,,,,,,,,,,,,,,BUF,LB,2025,0.0,0.0,0.0
4372561,Isaac Guerendo,14.0,1.0,0.0,0.0,,,,,,,,,,,,,,,,,,,,,,,,,,,,,,,,,,,,,2.0,2.0,4.0,0.0,0.0,0.0,0.0,0.0,0.0,0.0,0.0,0.0,0.0,0.0,0.0,0.0,0.0,0.0,0.0,0.0,5.0,100.0,20.0,25.0,0.0,0.0,0.0,0.0,0.0,0.0,0.0,,,,,,,,,,,,,,,,,,,,,,,,,,,,,,SF,RB,2025,0.0,0.0,0.0
4372533,Tyree Wilson,17.0,2.0,1.0,0.0,,,,,,,,,,,,,,,,,,,,,,,,,,,,,,,,,,,,,25.0,10.0,35.0,4.0,41.0,8.0,1.0,0.0,0.0,0.0,0.0,0.0,0.0,0.0,0.0,0.0,0.0,0.0,0.0,0.0,,,,,,,,,,,,,,,,,,,,,,,,,,,,,,,,,,,,,,,,,NO,DE,2025,0.0,0.0,0.0
4372518,Bobby Brown III,17.0,0.0,0.0,0.0,,,,,,,,,,,,,,,,,,,,,,,,,,,,,,,,,,,,,13.0,18.0,31.0,0.5,3.0,3.0,1.0,0.0,0.0,0.0,0.0,0.0,0.0,0.0,0.0,0.0,0.0,0.0,0.0,0.0,,,,,,,,,,,,,,,,,,,,,,,,,,,,,,,,,,,,,,,,,CAR,DT,2025,0.0,0.0,0.0
4372459,Christian Izien,14.0,1.0,0.0,0.0,,,,,,,,,,,,,,,,,,,,,,,,,,,,,,,,,,,,,16.0,9.0,25.0,0.0,0.0,1.0,0.0,0.0,0.0,0.0,0.0,0.0,0.0,0.0,0.0,0.0,0.0,0.0,0.0,0.0,,,,,,,,,,,,,,,,,,,,,,,,,,,,,,,,,,,,,,,,,DET,DB,2025,0.0,0.0,0.0
4372418,Keidron Smith,3.0,0.0,0.0,0.0,,,,,,,,,,,,,,,,,,,,,,,,,,,,,,,,,,,,,7.0,8.0,15.0,0.0,0.0,0.0,0.0,0.0,0.0,0.0,0.0,0.0,0.0,0.0,0.0,0.0,0.0,0.0,0.0,0.0,,,,,,,,,,,,,,,,,,,,,,,,,,,,,,,,,,,,,,,,,NYJ,S,2025,0.0,0.0,0.0
4372413,Miles Battle,5.0,0.0,0.0,0.0,,,,,,,,,,,,,,,,,,,,,,,,,,,,,,,,,,,,,3.0,0.0,3.0,0.0,0.0,0.0,0.0,0.0,0.0,0.0,0.0,0.0,0.0,0.0,0.0,0.0,0.0,0.0,0.0,0.0,,,,,,,,,,,,,,,,,,,,,,,,,,,,,,,,,,,,,,,,,MIA,CB,2025,0.0,0.0,0.0
4372378,Anthony Goodlow,3.0,0.0,0.0,0.0,,,,,,,,,,,,,,,,,,,,,,,,,,,,,,,,,,,,,1.0,2.0,3.0,0.0,0.0,1.0,0.0,0.0,0.0,0.0,0.0,,,,,,,,,,,,,,,,,,,,,,,,,,,,,,,,,,,,,,,,,,,,,,,,,,PIT,DE,2025,0.0,0.0,0.0
4372099,Aidan Hutchinson,17.0,4.0,1.0,0.0,,,,,,,,,,,,,,,,,,,,,,,,,,,,,,,,,,,,,36.0,18.0,54.0,14.5,104.5,14.0,3.0,58.0,1.0,58.0,0.0,,,,,,,,,,,,,,,,,,,,,,,,,,,,,,,,,,,,,,,,,,,,,,,,,,DET,DE,2025,0.0,0.0,0.0
4372085,Cameron McGrone,5.0,0.0,0.0,0.0,,,,,,,,,,,,,,,,,,,,,,,,,,,,,,,,,,,,,1.0,1.0,2.0,0.0,0.0,0.0,0.0,0.0,0.0,0.0,0.0,0.0,0.0,0.0,0.0,0.0,0.0,0.0,0.0,0.0,,,,,,,,,,,,,,,,,,,,,,,,,,,,,,,,,,,,,,,,,LV,LB,2025,0.0,0.0,0.0
4372030,Christian Barmore,17.0,0.0,0.0,0.0,,,,,,,,,,,,,,,,,,,,,,,,,,,,,,,,,,,,,15.0,14.0,29.0,2.0,16.0,4.0,0.0,0.0,0.0,0.0,0.0,0.0,0.0,0.0,0.0,0.0,0.0,0.0,0.0,0.0,,,,,,,,,,,,,,,,,,,,,,,,,,,,,,,,,,,,,,,,,NE,DT,2025,0.0,0.0,0.0
4372026,Cameron Latu,15.0,0.0,0.0,0.0,,,,,,,,,,,,,,,,,,,,,,,,,,,,,,,,,,,,,7.0,4.0,11.0,0.0,0.0,0.0,0.0,0.0,0.0,0.0,0.0,0.0,0.0,0.0,0.0,0.0,0.0,0.0,0.0,0.0,,,,,,,,,,,,,,,,,,,,,,,,,,,,,,,,,,,,,,,,,PHI,TE,2025,0.0,0.0,0.0
4361366,Tommy Togiai,15.0,0.0,1.0,1.0,,,,,,,,,,,,,,,,,,,,,,,,,,,,,,,,,,,,,27.0,32.0,59.0,1.5,13.5,6.0,4.0,0.0,0.0,0.0,0.0,,,,,,,,,,,,,,,,,,,,,,,,,,,,,,,,,,,,,,,,,,,,,,,,,,HOU,DT,2025,0.0,0.0,0.0
4372017,Jalyn Armour-Davis,11.0,0.0,0.0,0.0,,,,,,,,,,,,,,,,,,,,,,,,,,,,,,,,,,,,,18.0,16.0,34.0,0.0,0.0,1.0,2.0,0.0,0.0,0.0,0.0,0.0,0.0,0.0,0.0,0.0,0.0,0.0,0.0,0.0,,,,,,,,,,,,,,,,,,,,,,,,,,,,,,,,,,,,,,,,,,,2025,0.0,0.0,0.0
4372012,Pat Surtain II,14.0,0.0,0.0,0.0,,,,,,,,,,,,,,,,,,,,,,,,,,,,,,,,,,,,,37.0,10.0,47.0,0.0,0.0,1.0,12.0,0.0,1.0,0.0,0.0,,,,,,,,,,,,,,,,,,,,,,,,,,,,,,,,,,,,,,,,,,,,,,,,,,DEN,CB,2025,0.0,0.0,0.0
4371973,Roger McCreary,14.0,0.0,0.0,0.0,,,,,,,,,,,,,,,,,,,,,,,,,,,,,,,,,,,,,23.0,14.0,37.0,1.0,9.0,1.0,2.0,0.0,1.0,0.0,0.0,0.0,0.0,0.0,0.0,0.0,0.0,0.0,0.0,0.0,,,,,,,,,,,,,,,,,,,,,,,,,,,,,,,,,,,,,,,,,DET,CB,2025,0.0,0.0,0.0
4371961,Micah McFadden,1.0,0.0,0.0,0.0,,,,,,,,,,,,,,,,,,,,,,,,,,,,,,,,,,,,,2.0,1.0,3.0,0.0,0.0,0.0,0.0,0.0,0.0,0.0,0.0,,,,,,,,,,,,,,,,,,,,,,,,,,,,,,,,,,,,,,,,,,,,,,,,,,NYG,LB,2025,0.0,0.0,0.0
4371959,Cam Jones,10.0,0.0,0.0,0.0,,,,,,,,,,,,,,,,,,,,,,,,,,,,,,,,,,,,,1.0,4.0,5.0,0.0,0.0,0.0,0.0,0.0,0.0,0.0,0.0,0.0,0.0,0.0,0.0,0.0,0.0,0.0,0.0,0.0,,,,,,,,,,,,,,,,,,,,,,,,,,,,,,,,,,,,,,,,,NYG,LB,2025,0.0,0.0,0.0
4371946,Reese Taylor,4.0,0.0,0.0,0.0,,,,,,,,,,,,,,,,,,,,,,,,,,,,,,,,,,,,,2.0,0.0,2.0,0.0,0.0,0.0,0.0,0.0,0.0,0.0,0.0,0.0,0.0,0.0,0.0,0.0,0.0,0.0,0.0,0.0,,,,,,,,,,,,,,,,,,,,,,,,,,,,,,,,,,,,,,,,,DEN,CB,2025,0.0,0.0,0.0
4371336,Shemar Bartholomew,1.0,0.0,0.0,0.0,,,,,,,,,,,,,,,,,,,,,,,,,,,,,,,,,,,,,4.0,0.0,4.0,0.0,0.0,1.0,0.0,0.0,0.0,0.0,0.0,,,,,,,,,,,,,,,,,,,,,,,,,,,,,,,,,,,,,,,,,,,,,,,,,,GB,CB,2025,0.0,0.0,0.0
4369886,Chris Blair,3.0,0.0,0.0,0.0,,,,,,,,,,,,,,,,,,,,,,,,,,,,,,,,,,,,,1.0,0.0,1.0,0.0,0.0,0.0,0.0,0.0,0.0,0.0,0.0,0.0,0.0,0.0,0.0,0.0,0.0,0.0,0.0,0.0,,,,,,,,,,,,,,,,,,,,,,,,,,,,,,,,,,,,,,,,,ATL,WR,2025,0.0,0.0,0.0
4369835,Alontae Taylor,17.0,0.0,0.0,0.0,,,,,,,,,,,,,,,,,,,,,,,,,,,,,,,,,,,,,59.0,24.0,83.0,2.0,23.0,7.0,11.0,11.0,2.0,21.0,0.0,,,,,,,,,,,,,,,,,,,,,,,,,,,,,,,,,,,,,,,,,,,,,,,,,,TEN,CB,2025,0.0,0.0,0.0
4368350,Rico Payton,9.0,0.0,0.0,0.0,,,,,,,,,,,,,,,,,,,,,,,,,,,,,,,,,,,,,5.0,7.0,12.0,0.0,0.0,0.0,1.0,0.0,0.0,0.0,0.0,0.0,0.0,0.0,0.0,0.0,0.0,0.0,0.0,0.0,,,,,,,,,,,,,,,,,,,,,,,,,,,,,,,,,,,,,,,,,NYG,CB,2025,0.0,0.0,0.0
4368113,Charles Woods,15.0,0.0,0.0,0.0,,,,,,,,,,,,,,,,,,,,,,,,,,,,,,,,,,,,,10.0,2.0,12.0,0.0,0.0,0.0,1.0,0.0,0.0,0.0,0.0,0.0,0.0,0.0,0.0,0.0,0.0,0.0,0.0,0.0,,,,,,,,,,,,,,,,,,,,,,,,,,,,,,,,,,,,,,,,,NE,CB,2025,0.0,0.0,0.0
4367828,Truman Jones,10.0,0.0,0.0,0.0,,,,,,,,,,,,,,,,,,,,,,,,,,,,,,,,,,,,,4.0,7.0,11.0,1.5,16.0,2.0,1.0,0.0,0.0,0.0,0.0,0.0,0.0,0.0,0.0,0.0,0.0,0.0,0.0,0.0,,,,,,,,,,,,,,,,,,,,,,,,,,,,,,,,,,,,,,,,,TEN,DE,2025,0.0,0.0,0.0
4372020,Josh Jobe,16.0,0.0,0.0,0.0,,,,,,,,,,,,,,,,,,,,,,,,,,,,,,,,,,,,,41.0,13.0,54.0,0.5,3.5,0.0,12.0,0.0,1.0,0.0,0.0,0.0,0.0,0.0,0.0,0.0,0.0,0.0,0.0,0.0,,,,,,,,,,,,,,,,,,,,,,,,,,,,,,,,,,,,,,,,,SEA,CB,2025,0.0,0.0,0.0
4401811,Kyle Dugger,16.0,0.0,0.0,0.0,,,,,,,,,,,,,,,,,,,,,,,,,,,,,,,,,,,,,29.0,30.0,59.0,1.0,5.0,2.0,5.0,73.0,2.0,73.0,1.0,,,,,,,,,,,,,,,,,,,,,,,,,,,,,,,,,,,,,,,,,,,,,,,,,,CIN,S,2025,0.0,0.0,0.0
4384595,Khristian Boyd,4.0,0.0,0.0,0.0,,,,,,,,,,,,,,,,,,,,,,,,,,,,,,,,,,,,,1.0,3.0,4.0,0.0,0.0,0.0,0.0,0.0,0.0,0.0,0.0,0.0,0.0,0.0,0.0,0.0,0.0,0.0,0.0,0.0,,,,,,,,,,,,,,,,,,,,,,,,,,,,,,,,,,,,,,,,,NO,DT,2025,0.0,0.0,0.0
4384549,Cobie Durant,17.0,0.0,1.0,0.0,,,,,,,,,,,,,,,,,,,,,,,,,,,,,,,,,,,,,30.0,10.0,40.0,0.0,0.0,1.0,7.0,50.0,3.0,60.0,1.0,,,,,,,,,,,,,,,,,,,,,,,,,,,,,,,,,,,,,,,,,,,,,,,,,,DAL,CB,2025,0.0,0.0,0.0
4382401,Riley Moss,17.0,0.0,0.0,0.0,,,,,,,,,,,,,,,,,,,,,,,,,,,,,,,,,,,,,57.0,23.0,80.0,1.0,1.0,3.0,19.0,0.0,1.0,0.0,0.0,,,,,,,,,,0.0,0.0,0.0,0.0,0.0,0.0,0.0,0.0,0.0,0.0,1.0,,,,,,,,,,,,,,,,,,,,,,,,,,,,,,DEN,CB,2025,0.0,0.0,0.0
4381558,Jordan Davis,17.0,0.0,0.0,0.0,,,,,,,,,,,,,,,,,,,,,,,,,,,,,,,,,,,,,34.0,38.0,72.0,4.5,13.5,9.0,6.0,0.0,0.0,0.0,0.0,,,,,,,,,,,,,,,,,,,,,,,,,,,,,,,,,,,,,,,,,,,,,,,,,,PHI,DT,2025,0.0,0.0,0.0
4379778,Christian Benford,14.0,0.0,2.0,1.0,,,,,,,,,,,,,,,,,,,,,,,,,,,,,,,,,,,,,32.0,11.0,43.0,2.0,14.0,4.0,4.0,63.0,2.0,63.0,1.0,,,,,,,,,,,,,,,,,,,,,,,,,,,,,,,,,,,,,,,,,,,,,,,,,,BUF,CB,2025,0.0,0.0,0.0
4379416,Quay Walker,14.0,0.0,0.0,0.0,,,,,,,,,,,,,,,,,,,,,,,,,,,,,,,,,,,,,58.0,70.0,128.0,2.5,11.5,8.0,5.0,0.0,0.0,0.0,0.0,,,,,,,,,,,,,,,,,,,,,,,,,,,,,,,,,,,,,,,,,,,,,,,,,,LV,LB,2025,0.0,0.0,0.0
4379414,Channing Tindall,7.0,0.0,0.0,0.0,,,,,,,,,,,,,,,,,,,,,,,,,,,,,,,,,,,,,4.0,4.0,8.0,0.0,0.0,0.0,0.0,0.0,0.0,0.0,0.0,0.0,0.0,0.0,0.0,0.0,0.0,0.0,0.0,0.0,,,,,,,,,,,,,,,,,,,,,,,,,,,,,,,,,,,,,,,,,ATL,LB,2025,0.0,0.0,0.0
4379413,Chris Smith II,14.0,0.0,0.0,0.0,,,,,,,,,,,,,,,,,,,,,,,,,,,,,,,,,,,,,1.0,2.0,3.0,0.0,0.0,0.0,0.0,0.0,0.0,0.0,0.0,0.0,0.0,0.0,0.0,0.0,0.0,0.0,0.0,0.0,,,,,,,,,,,,,,,,,,,,,,,,,,,,,,,,,,,,,,,,,,,2025,0.0,0.0,0.0
4379409,Azeez Ojulari,3.0,0.0,0.0,0.0,,,,,,,,,,,,,,,,,,,,,,,,,,,,,,,,,,,,,2.0,4.0,6.0,0.0,0.0,1.0,0.0,0.0,0.0,0.0,0.0,0.0,0.0,0.0,0.0,0.0,0.0,0.0,0.0,0.0,,,,,,,,,,,,,,,,,,,,,,,,,,,,,,,,,,,,,,,,,ATL,LB,2025,0.0,0.0,0.0
4379397,Tyson Campbell,17.0,2.0,0.0,0.0,,,,,,,,,,,,,,,,,,,,,,,,,,,,,,,,,,,,,54.0,33.0,87.0,0.0,0.0,2.0,18.0,34.0,1.0,34.0,1.0,,,,,,,,,,,,,,,,,,,,,,,,,,,,,,,,,,,,,,,,,,,,,,,,,,CLE,CB,2025,0.0,0.0,0.0
4372576,Jack Sanborn,6.0,0.0,0.0,0.0,,,,,,,,,,,,,,,,,,,,,,,,,,,,,,,,,,,,,16.0,18.0,34.0,0.0,0.0,1.0,1.0,0.0,0.0,0.0,0.0,0.0,0.0,0.0,0.0,0.0,0.0,0.0,0.0,0.0,,,,,,,,,,,,,,,,,,,,,,,,,,,,,,,,,,,,,,,,,CHI,LB,2025,0.0,0.0,0.0
4374269,Teair Tart,17.0,1.0,1.0,0.0,,,,,,,,,,,,,,,,,,,,,,,,,,,,,,,,,,,,,22.0,10.0,32.0,0.0,0.0,4.0,4.0,0.0,0.0,0.0,0.0,0.0,0.0,0.0,0.0,0.0,0.0,0.0,0.0,0.0,,,,,,,,,,,,,,,,,,,,,,,,,,,,,,,,,,,,,,,,,LAC,DT,2025,0.0,0.0,0.0
4374171,Austin Ajiake,16.0,0.0,0.0,0.0,,,,,,,,,,,,,,,,,,,,,,,,,,,,,,,,,,,,,13.0,19.0,32.0,0.5,0.5,0.0,0.0,0.0,0.0,0.0,0.0,0.0,0.0,0.0,0.0,0.0,0.0,0.0,0.0,0.0,,,,,,,,,,,,,,,,,,,,,,,,,,,,,,,,,,,,,,,,,IND,LB,2025,0.0,0.0,0.0
4374066,Dylan Horton,16.0,1.0,0.0,0.0,,,,,,,,,,,,,,,,,,,,,,,,,,,,,,,,,,,,,11.0,15.0,26.0,0.5,2.0,1.0,0.0,0.0,0.0,0.0,0.0,0.0,0.0,0.0,0.0,0.0,0.0,0.0,0.0,0.0,,,,,,,,,,,,,,,,,,,,,,,,,,,,,,,,,,,,,,,,,HOU,DE,2025,0.0,0.0,0.0
4374045,Teagan Quitoriano,17.0,0.0,0.0,0.0,,,,,,,,,,,,,,,,,,,,,,,,,,,,,,,,,,,,,1.0,0.0,1.0,0.0,0.0,0.0,0.0,0.0,0.0,0.0,0.0,0.0,0.0,0.0,0.0,0.0,0.0,0.0,0.0,0.0,,,,,,,,,,,,,,,,,,,,,,,,,,,,,,,,,,,,,,,,,ARI,TE,2025,0.0,0.0,0.0
4374037,Kitan Oladapo,17.0,0.0,0.0,0.0,,,,,,,,,,,,,,,,,,,,,,,,,,,,,,,,,,,,,7.0,3.0,10.0,0.0,0.0,0.0,1.0,0.0,0.0,0.0,0.0,0.0,0.0,0.0,0.0,0.0,0.0,0.0,0.0,0.0,,,,,,,,,,,,,,,,,,,,,,,,,,,,,,,,,,,,,,,,,GB,S,2025,0.0,0.0,0.0
4373956,Jonah Laulu,17.0,0.0,0.0,0.0,,,,,,,,,,,,,,,,,,,,,,,,,,,,,,,,,,,,,24.0,27.0,51.0,4.0,15.0,8.0,5.0,0.0,0.0,0.0,0.0,,,,,,,,,,,,,,,,,,,,,,,,,,,,,,,,,,,,,,,,,,,,,,,,,,LV,DT,2025,0.0,0.0,0.0
4373809,Jevon Holland,14.0,0.0,0.0,0.0,,,,,,,,,,,,,,,,,,,,,,,,,,,,,,,,,,,,,38.0,25.0,63.0,0.0,0.0,0.0,5.0,3.0,1.0,3.0,0.0,0.0,0.0,0.0,0.0,0.0,0.0,0.0,0.0,0.0,0.0,0.0,0.0,0.0,0.0,2.0,7.0,3.5,10.0,0.0,3.0,,,,,,,,,,,,,,,,,,,,,,,,,,,,,,NYG,S,2025,0.0,0.0,0.0
4373706,Markees Watts,15.0,0.0,0.0,0.0,,,,,,,,,,,,,,,,,,,,,,,,,,,,,,,,,,,,,2.0,7.0,9.0,0.5,4.0,0.0,0.0,0.0,0.0,0.0,0.0,0.0,0.0,0.0,0.0,0.0,0.0,0.0,0.0,0.0,,,,,,,,,,,,,,,,,,,,,,,,,,,,,,,,,,,,,,,,,,,2025,0.0,0.0,0.0
4373471,Brennan Jackson,3.0,0.0,0.0,0.0,,,,,,,,,,,,,,,,,,,,,,,,,,,,,,,,,,,,,2.0,1.0,3.0,0.0,0.0,0.0,0.0,0.0,0.0,0.0,0.0,0.0,0.0,0.0,0.0,0.0,0.0,0.0,0.0,0.0,,,,,,,,,,,,,,,,,,,,,,,,,,,,,,,,,,,,,,,,,LV,LB,2025,0.0,0.0,0.0
4373423,Karl Brooks,16.0,0.0,0.0,0.0,,,,,,,,,,,,,,,,,,,,,,,,,,,,,,,,,,,,,8.0,20.0,28.0,0.5,1.0,1.0,1.0,0.0,0.0,0.0,0.0,0.0,0.0,0.0,0.0,0.0,0.0,0.0,0.0,0.0,,,,,,,,,,,,,,,,,,,,,,,,,,,,,,,,,,,,,,,,,GB,DT,2025,0.0,0.0,0.0
4373320,Erick Hallett II,4.0,0.0,0.0,0.0,,,,,,,,,,,,,,,,,,,,,,,,,,,,,,,,,,,,,12.0,10.0,22.0,0.0,0.0,0.0,1.0,0.0,0.0,0.0,0.0,0.0,0.0,0.0,0.0,0.0,0.0,0.0,0.0,0.0,,,,,,,,,,,,,,,,,,,,,,,,,,,,,,,,,,,,,,,,,TEN,S,2025,0.0,0.0,0.0
4373079,KT Leveston,16.0,0.0,0.0,0.0,,,,,,,,,,,,,,,,,,,,,,,,,,,,,,,,,,,,,1.0,0.0,1.0,0.0,0.0,0.0,0.0,0.0,0.0,0.0,0.0,0.0,0.0,0.0,0.0,0.0,0.0,0.0,0.0,0.0,,,,,,,,,,,,,,,,,,,,,,,,,,,,,,,,,,,,,,,,,CLE,OT,2025,0.0,0.0,0.0
4376288,LaCale London,13.0,1.0,0.0,0.0,,,,,,,,,,,,,,,,,,,,,,,,,,,,,,,,,,,,,17.0,13.0,30.0,5.0,22.0,7.0,1.0,0.0,0.0,0.0,0.0,0.0,0.0,0.0,0.0,0.0,0.0,0.0,0.0,0.0,,,,,,,,,,,,,,,,,,,,,,,,,,,,,,,,,,,,,,,,,ATL,DE,2025,0.0,0.0,0.0
4362225,Dante Stills,17.0,0.0,0.0,0.0,,,,,,,,,,,,,,,,,,,,,,,,,,,,,,,,,,,,,17.0,17.0,34.0,0.0,0.0,2.0,1.0,0.0,0.0,0.0,0.0,0.0,0.0,0.0,0.0,0.0,0.0,0.0,0.0,0.0,,,,,,,,,,,,,,,,,,,,,,,,,,,,,,,,,,,,,,,,,ARI,DT,2025,0.0,0.0,0.0
4362139,Travis Jones,16.0,1.0,1.0,0.0,,,,,,,,,,,,,,,,,,,,,,,,,,,,,,,,,,,,,20.0,27.0,47.0,5.0,22.5,9.0,2.0,0.0,0.0,0.0,0.0,,,,,,,,,,,,,,,,,,,,,,,,,,,,,,,,,,,,,,,,,,,,,,,,,,BAL,DT,2025,0.0,0.0,0.0
4362116,Moro Ojomo,17.0,0.0,0.0,0.0,,,,,,,,,,,,,,,,,,,,,,,,,,,,,,,,,,,,,17.0,21.0,38.0,6.0,38.0,6.0,1.0,0.0,0.0,0.0,0.0,,,,,,,,,,,,,,,,,,,,,,,,,,,,,,,,,,,,,,,,,,,,,,,,,,PHI,DT,2025,0.0,0.0,0.0
4362094,Joseph Ossai,14.0,2.0,0.0,0.0,,,,,,,,,,,,,,,,,,,,,,,,,,,,,,,,,,,,,21.0,22.0,43.0,5.0,34.0,9.0,0.0,0.0,0.0,0.0,0.0,,,,,,,,,,,,,,,,,,,,,,,,,,,,,,,,,,,,,,,,,,,,,,,,,,NYJ,DE,2025,0.0,0.0,0.0
4362088,DeMarvion Overshown,6.0,0.0,0.0,0.0,,,,,,,,,,,,,,,,,,,,,,,,,,,,,,,,,,,,,15.0,13.0,28.0,0.0,0.0,1.0,0.0,0.0,0.0,0.0,0.0,,,,,,,,,,,,,,,,,,,,,,,,,,,,,,,,,,,,,,,,,,,,,,,,,,DAL,LB,2025,0.0,0.0,0.0
4361964,Chamarri Conner,17.0,2.0,0.0,0.0,,,,,,,,,,,,,,,,,,,,,,,,,,,,,,,,,,,,,75.0,42.0,117.0,2.0,14.0,4.0,2.0,1.0,1.0,1.0,0.0,,,,,,,,,,,,,,,,,,,,,,,,,,,,,,,,,,,,,,,,,,,,,,,,,,KC,S,2025,0.0,0.0,0.0
4361939,Andre Cisco,8.0,0.0,1.0,0.0,,,,,,,,,,,,,,,,,,,,,,,,,,,,,,,,,,,,,26.0,15.0,41.0,0.0,0.0,1.0,1.0,0.0,0.0,0.0,0.0,,,,,,,,,,,,,,,,,,,,,,,,,,,,,,,,,,,,,,,,,,,,,,,,,,NYJ,S,2025,0.0,0.0,0.0
4361861,Tyler Lacy,10.0,0.0,0.0,0.0,,,,,,,,,,,,,,,,,,,,,,,,,,,,,,,,,,,,,6.0,15.0,21.0,1.0,0.0,0.0,0.0,0.0,0.0,0.0,0.0,0.0,0.0,0.0,0.0,0.0,0.0,0.0,0.0,0.0,,,,,,,,,,,,,,,,,,,,,,,,,,,,,,,,,,,,,,,,,DET,DT,2025,0.0,0.0,0.0
4361834,Jarrick Bernard-Converse,10.0,0.0,0.0,0.0,,,,,,,,,,,,,,,,,,,,,,,,,,,,,,,,,,,,,0.0,4.0,4.0,0.0,0.0,0.0,0.0,0.0,0.0,0.0,0.0,0.0,0.0,0.0,0.0,0.0,0.0,0.0,0.0,0.0,,,,,,,,,,,,,,,,,,,,,,,,,,,,,,,,,,,,,,,,,NYG,CB,2025,0.0,0.0,0.0
4361791,Devonte Wyatt,10.0,0.0,0.0,0.0,,,,,,,,,,,,,,,,,,,,,,,,,,,,,,,,,,,,,15.0,12.0,27.0,4.0,25.0,6.0,2.0,0.0,0.0,0.0,0.0,0.0,0.0,0.0,0.0,0.0,0.0,0.0,0.0,0.0,,,,,,,,,,,,,,,,,,,,,,,,,,,,,,,,,,,,,,,,,GB,DT,2025,0.0,0.0,0.0
4361776,Brenton Cox Jr.,4.0,1.0,0.0,0.0,,,,,,,,,,,,,,,,,,,,,,,,,,,,,,,,,,,,,2.0,3.0,5.0,1.0,13.0,1.0,0.0,0.0,0.0,0.0,0.0,0.0,0.0,0.0,0.0,0.0,0.0,0.0,0.0,0.0,,,,,,,,,,,,,,,,,,,,,,,,,,,,,,,,,,,,,,,,,GB,DE,2025,0.0,0.0,0.0
4367699,Isaiah Johnson,4.0,0.0,0.0,0.0,,,,,,,,,,,,,,,,,,,,,,,,,,,,,,,,,,,,,3.0,0.0,3.0,0.0,0.0,0.0,0.0,0.0,0.0,0.0,0.0,0.0,0.0,0.0,0.0,0.0,0.0,0.0,0.0,0.0,,,,,,,,,,,,,,,,,,,,,,,,,,,,,,,,,,,,,,,,,,,2025,0.0,0.0,0.0
4361727,Evan Deckers,17.0,0.0,0.0,0.0,,,,,,,,,,,,,,,,,,,,,,,,,,,,,,,,,,,,,1.0,0.0,1.0,0.0,0.0,0.0,0.0,0.0,0.0,0.0,0.0,0.0,0.0,0.0,0.0,0.0,0.0,0.0,0.0,0.0,,,,,,,,,,,,,,,,,,,,,,,,,,,,,,,,,,,,,,,,,TB,LS,2025,0.0,0.0,0.0
4361707,Chad Muma,8.0,0.0,0.0,0.0,,,,,,,,,,,,,,,,,,,,,,,,,,,,,,,,,,,,,4.0,5.0,9.0,0.0,0.0,0.0,0.0,0.0,0.0,0.0,0.0,0.0,0.0,0.0,0.0,0.0,0.0,0.0,0.0,0.0,,,,,,,,,,,,,,,,,,,,,,,,,,,,,,,,,,,,,,,,,NE,LB,2025,0.0,0.0,0.0
4361691,Frank Crum,11.0,0.0,0.0,0.0,,,,,,,,,,,,,,,,,,,,,,,,,,,,,,,,,,,,,0.0,0.0,0.0,0.0,0.0,0.0,0.0,0.0,0.0,0.0,0.0,0.0,0.0,0.0,0.0,0.0,0.0,0.0,0.0,0.0,,,,,,,,,,,,,,,,,,,,,,,,,,,,,,,,,,,,,,,,,DEN,OT,2025,0.0,0.0,0.0
4361662,Alim McNeill,10.0,1.0,0.0,0.0,,,,,,,,,,,,,,,,,,,,,,,,,,,,,,,,,,,,,5.0,9.0,14.0,1.0,16.0,2.0,1.0,0.0,0.0,0.0,0.0,0.0,0.0,0.0,0.0,0.0,0.0,0.0,0.0,0.0,,,,,,,,,,,,,,,,,,,,,,,,,,,,,,,,,,,,,,,,,DET,DT,2025,0.0,0.0,0.0
4361652,Payton Wilson,17.0,0.0,1.0,0.0,,,,,,,,,,,,,,,,,,,,,,,,,,,,,,,,,,,,,74.0,52.0,126.0,2.0,19.0,6.0,2.0,17.0,1.0,17.0,0.0,,,,,,,,,,,,,,,,,,,,,,,,,,,,,,,,,,,,,,,,,,,,,,,,,,PIT,LB,2025,0.0,0.0,0.0
4361651,Tanner Ingle,3.0,0.0,0.0,0.0,,,,,,,,,,,,,,,,,,,,,,,,,,,,,,,,,,,,,1.0,1.0,2.0,0.0,0.0,0.0,0.0,0.0,0.0,0.0,0.0,0.0,0.0,0.0,0.0,0.0,0.0,0.0,0.0,0.0,,,,,,,,,,,,,,,,,,,,,,,,,,,,,,,,,,,,,,,,,LAR,S,2025,0.0,0.0,0.0
4361510,Cameron Thomas,17.0,0.0,0.0,0.0,,,,,,,,,,,,,,,,,,,,,,,,,,,,,,,,,,,,,7.0,21.0,28.0,2.5,15.5,1.0,0.0,0.0,0.0,0.0,0.0,0.0,0.0,0.0,0.0,0.0,0.0,0.0,0.0,0.0,,,,,,,,,,,,,,,,,,,,,,,,,,,,,,,,,,,,,,,,,ATL,DE,2025,0.0,0.0,0.0
4361429,Rasheed Walker,17.0,0.0,0.0,0.0,,,,,,,,,,,,,,,,,,,,,,,,,,,,,,,,,,,,,0.0,0.0,0.0,0.0,0.0,0.0,0.0,0.0,0.0,0.0,0.0,0.0,0.0,0.0,0.0,0.0,0.0,0.0,0.0,0.0,,,,,,,,,,,,,,,,,,,,,,,,,,,,,,,,,,,,,,,,,CAR,OT,2025,0.0,0.0,0.0
4361426,Justin Shorter,7.0,0.0,0.0,0.0,,,,,,,,,,,,,,,,,,,,,,,,,,,,,,,,,,,,,0.0,3.0,3.0,0.0,0.0,0.0,0.0,0.0,0.0,0.0,0.0,0.0,0.0,0.0,0.0,0.0,0.0,0.0,0.0,0.0,,,,,,,,,,,,,,,,,,,,,,,,,,,,,,,,,,,,,,,,,LV,WR,2025,0.0,0.0,0.0
4361423,Micah Parsons,14.0,2.0,0.0,0.0,,,,,,,,,,,,,,,,,,,,,,,,,,,,,,,,,,,,,19.0,22.0,41.0,12.5,80.5,12.0,1.0,0.0,0.0,0.0,0.0,,,,,,,,,,,,,,,,,,,,,,,,,,,,,,,,,,,,,,,,,,,,,,,,,,GB,DE,2025,0.0,0.0,0.0
4361422,Odafe Oweh,17.0,0.0,0.0,0.0,,,,,,,,,,,,,,,,,,,,,,,,,,,,,,,,,,,,,20.0,18.0,38.0,7.5,41.0,9.0,0.0,0.0,0.0,0.0,0.0,,,,,,,,,,,,,,,,,,,,,,,,,,,,,,,,,,,,,,,,,,,,,,,,,,WSH,LB,2025,0.0,0.0,0.0
4361421,PJ Mustipher,15.0,0.0,0.0,0.0,,,,,,,,,,,,,,,,,,,,,,,,,,,,,,,,,,,,,11.0,21.0,32.0,0.0,0.0,1.0,1.0,0.0,0.0,0.0,0.0,0.0,0.0,0.0,0.0,0.0,0.0,0.0,0.0,0.0,,,,,,,,,,,,,,,,,,,,,,,,,,,,,,,,,,,,,,,,,ARI,DT,2025,0.0,0.0,0.0
4361767,Will McDonald IV,15.0,0.0,0.0,0.0,,,,,,,,,,,,,,,,,,,,,,,,,,,,,,,,,,,,,19.0,11.0,30.0,8.0,51.0,10.0,0.0,0.0,0.0,0.0,0.0,0.0,0.0,0.0,0.0,0.0,0.0,0.0,0.0,0.0,,,,,,,,,,,,,,,,,,,,,,,,,,,,,,,,,,,,,,,,,NYJ,DE,2025,0.0,0.0,0.0
4367504,Jordan Colbert,5.0,0.0,0.0,0.0,,,,,,,,,,,,,,,,,,,,,,,,,,,,,,,,,,,,,4.0,1.0,5.0,0.0,0.0,0.0,0.0,0.0,0.0,0.0,0.0,0.0,0.0,0.0,0.0,0.0,0.0,0.0,0.0,0.0,,,,,,,,,,,,,,,,,,,,,,,,,,,,,,,,,,,,,,,,,,,2025,0.0,0.0,0.0
4367210,Otito Ogbonnia,9.0,0.0,0.0,0.0,,,,,,,,,,,,,,,,,,,,,,,,,,,,,,,,,,,,,7.0,3.0,10.0,0.5,2.0,3.0,0.0,0.0,0.0,0.0,0.0,0.0,0.0,0.0,0.0,0.0,0.0,0.0,0.0,0.0,,,,,,,,,,,,,,,,,,,,,,,,,,,,,,,,,,,,,,,,,DAL,DT,2025,0.0,0.0,0.0
4367199,Jon Gaines II,17.0,0.0,0.0,0.0,,,,,,,,,,,,,,,,,,,,,,,,,,,,,,,,,,,,,1.0,0.0,1.0,0.0,0.0,0.0,0.0,0.0,0.0,0.0,0.0,0.0,0.0,0.0,0.0,0.0,0.0,0.0,0.0,0.0,,,,,,,,,,,,,,,,,,,,,,,,,,,,,,,,,,,,,,,,,ARI,G,2025,0.0,0.0,0.0
4366349,Joe Andreessen,17.0,0.0,0.0,0.0,,,,,,,,,,,,,,,,,,,,,,,,,,,,,,,,,,,,,14.0,21.0,35.0,0.0,0.0,2.0,0.0,0.0,0.0,0.0,0.0,0.0,0.0,0.0,0.0,0.0,0.0,0.0,0.0,0.0,,,,,,,,,,,,,,,,,,,,,,,,,,,,,,,,,,,,,,,,,BUF,LB,2025,0.0,0.0,0.0
4365629,Daniel Hardy,17.0,0.0,0.0,0.0,,,,,,,,,,,,,,,,,,,,,,,,,,,,,,,,,,,,,7.0,15.0,22.0,0.0,0.0,0.0,0.0,0.0,0.0,0.0,0.0,0.0,0.0,0.0,0.0,0.0,0.0,0.0,0.0,0.0,,,,,,,,,,,,,,,,,,,,,,,,,,,,,,,,,,,,,,,,,CHI,DE,2025,0.0,0.0,0.0
4365319,Josh Newton,14.0,0.0,0.0,0.0,,,,,,,,,,,,,,,,,,,,,,,,,,,,,,,,,,,,,12.0,3.0,15.0,0.0,0.0,0.0,3.0,0.0,0.0,0.0,0.0,0.0,0.0,0.0,0.0,0.0,0.0,0.0,0.0,0.0,,,,,,,,,,,,,,,,,,,,,,,,,,,,,,,,,,,,,,,,,CIN,CB,2025,0.0,0.0,0.0
4364623,Patrick O'Connell,9.0,0.0,0.0,0.0,,,,,,,,,,,,,,,,,,,,,,,,,,,,,,,,,,,,,8.0,11.0,19.0,1.0,1.0,1.0,0.0,0.0,0.0,0.0,0.0,0.0,0.0,0.0,0.0,0.0,0.0,0.0,0.0,0.0,,,,,,,,,,,,,,,,,,,,,,,,,,,,,,,,,,,,,,,,,SEA,LB,2025,0.0,0.0,0.0
4363097,Percy Butler,16.0,0.0,0.0,0.0,,,,,,,,,,,,,,,,,,,,,,,,,,,,,,,,,,,,,8.0,6.0,14.0,0.0,0.0,0.0,0.0,0.0,0.0,0.0,0.0,0.0,0.0,0.0,0.0,0.0,0.0,0.0,0.0,0.0,,,,,,,,,,,,,,,,,,,,,,,,,,,,,,,,,,,,,,,,,WSH,S,2025,0.0,0.0,0.0
4363034,Asante Samuel Jr.,6.0,0.0,0.0,0.0,,,,,,,,,,,,,,,,,,,,,,,,,,,,,,,,,,,,,6.0,4.0,10.0,0.0,0.0,0.0,1.0,0.0,1.0,0.0,0.0,0.0,0.0,0.0,0.0,0.0,0.0,0.0,0.0,0.0,,,,,,,,,,,,,,,,,,,,,,,,,,,,,,,,,,,,,,,,,PIT,CB,2025,0.0,0.0,0.0
4362999,Spencer Burford,11.0,0.0,0.0,0.0,,,,,,,,,,,,,,,,,,,,,,,,,,,,,,,,,,,,,1.0,0.0,1.0,0.0,0.0,0.0,0.0,0.0,0.0,0.0,0.0,0.0,0.0,0.0,0.0,0.0,0.0,0.0,0.0,0.0,,,,,,,,,,,,,,,,,,,,,,,,,,,,,,,,,,,,,,,,,LV,G,2025,0.0,0.0,0.0
4362910,Jaden Crumedy,3.0,0.0,0.0,0.0,,,,,,,,,,,,,,,,,,,,,,,,,,,,,,,,,,,,,0.0,2.0,2.0,0.0,0.0,0.0,0.0,0.0,0.0,0.0,0.0,0.0,0.0,0.0,0.0,0.0,0.0,0.0,0.0,0.0,,,,,,,,,,,,,,,,,,,,,,,,,,,,,,,,,,,,,,,,,GB,DT,2025,0.0,0.0,0.0
4362851,Ernest Jones IV,15.0,0.0,0.0,0.0,,,,,,,,,,,,,,,,,,,,,,,,,,,,,,,,,,,,,60.0,66.0,126.0,0.5,0.0,4.0,7.0,85.0,5.0,150.0,1.0,,,,,,,,,,,,,,,,,,,,,,,,,,,,,,,,,,,,,,,,,,,,,,,,,,SEA,LB,2025,0.0,0.0,0.0
4362234,Zaire Barnes,11.0,0.0,0.0,0.0,,,,,,,,,,,,,,,,,,,,,,,,,,,,,,,,,,,,,17.0,12.0,29.0,1.0,4.0,2.0,0.0,0.0,0.0,0.0,0.0,0.0,0.0,0.0,0.0,0.0,0.0,0.0,0.0,0.0,,,,,,,,,,,,,,,,,,,,,,,,,,,,,,,,,,,,,,,,,NYG,LB,2025,0.0,0.0,0.0
4362840,Kingsley Enagbare,17.0,0.0,0.0,0.0,,,,,,,,,,,,,,,,,,,,,,,,,,,,,,,,,,,,,16.0,23.0,39.0,2.0,15.5,6.0,0.0,0.0,0.0,0.0,0.0,,,,,,,,,,,,,,,,,,,,,,,,,,,,,,,,,,,,,,,,,,,,,,,,,,NYJ,LB,2025,0.0,0.0,0.0
4362759,Nick Bolton,17.0,1.0,0.0,0.0,,,,,,,,,,,,,,,,,,,,,,,,,,,,,,,,,,,,,73.0,81.0,154.0,1.0,8.0,10.0,6.0,0.0,1.0,0.0,0.0,,,,,,,,,,,,,,,,,,,,,,,,,,,,,,,,,,,,,,,,,,,,,,,,,,KC,LB,2025,0.0,0.0,0.0
4362732,Jake Andrews,16.0,0.0,0.0,0.0,,,,,,,,,,,,,,,,,,,,,,,,,,,,,,,,,,,,,1.0,0.0,1.0,0.0,0.0,0.0,0.0,0.0,0.0,0.0,0.0,0.0,0.0,0.0,0.0,0.0,0.0,0.0,0.0,0.0,,,,,,,,,,,,,,,,,,,,,,,,,,,,,,,,,,,,,,,,,HOU,C,2025,0.0,0.0,0.0
4362647,Damien Lewis,16.0,0.0,1.0,0.0,,,,,,,,,,,,,,,,,,,,,,,,,,,,,,,,,,,,,0.0,0.0,0.0,0.0,0.0,0.0,0.0,0.0,0.0,0.0,0.0,0.0,0.0,0.0,0.0,0.0,0.0,0.0,0.0,0.0,,,,,,,,,,,,,,,,,,,,,,,,,,,,,,,,,,,,,,,,,CAR,G,2025,0.0,0.0,0.0
4362636,Damone Clark,14.0,0.0,0.0,0.0,,,,,,,,,,,,,,,,,,,,,,,,,,,,,,,,,,,,,14.0,14.0,28.0,0.0,0.0,0.0,0.0,0.0,0.0,0.0,0.0,0.0,0.0,0.0,0.0,0.0,0.0,0.0,0.0,0.0,,,,,,,,,,,,,,,,,,,,,,,,,,,,,,,,,,,,,,,,,DET,LB,2025,0.0,0.0,0.0
4362506,Greg Rousseau,16.0,1.0,0.0,0.0,,,,,,,,,,,,,,,,,,,,,,,,,,,,,,,,,,,,,24.0,22.0,46.0,7.0,41.5,6.0,2.0,0.0,0.0,0.0,0.0,,,,,,,,,,,,,,,,,,,,,,,,,,,,,,,,,,,,,,,,,,,,,,,,,,BUF,LB,2025,0.0,0.0,0.0
4362502,DJ Ivey,17.0,0.0,0.0,0.0,,,,,,,,,,,,,,,,,,,,,,,,,,,,,,,,,,,,,10.0,7.0,17.0,0.0,0.0,0.0,3.0,0.0,0.0,0.0,0.0,0.0,0.0,0.0,0.0,0.0,0.0,0.0,0.0,0.0,,,,,,,,,,,,,,,,,,,,,,,,,,,,,,,,,,,,,,,,,CIN,CB,2025,0.0,0.0,0.0
4362492,Ar'Darius Washington,4.0,1.0,0.0,0.0,,,,,,,,,,,,,,,,,,,,,,,,,,,,,,,,,,,,,3.0,4.0,7.0,1.0,2.0,1.0,0.0,0.0,0.0,0.0,0.0,,,,,,,,,,,,,,,,,,,,,,,,,,,,,,,,,,,,,,,,,,,,,,,,,,NYG,S,2025,0.0,0.0,0.0
4362487,Tre'von Moehrig,16.0,0.0,0.0,0.0,,,,,,,,,,,,,,,,,,,,,,,,,,,,,,,,,,,,,65.0,38.0,103.0,3.0,21.0,14.0,2.0,36.0,1.0,36.0,0.0,,,,,,,,,,,,,,,,,,,,,,,,,,,,,,,,,,,,,,,,,,,,,,,,,,CAR,S,2025,0.0,0.0,0.0
4362474,Steve Avila,15.0,0.0,0.0,0.0,,,,,,,,,,,,,,,,,,,,,,,,,,,,,,,,,,,,,1.0,0.0,1.0,0.0,0.0,0.0,0.0,0.0,0.0,0.0,0.0,0.0,0.0,0.0,0.0,0.0,0.0,0.0,0.0,0.0,,,,,,,,,,,,,,,,,,,,,,,,,,,,,,,,,,,,,,,,,LAR,G,2025,0.0,0.0,0.0
4362294,Desjuan Johnson,6.0,0.0,0.0,0.0,,,,,,,,,,,,,,,,,,,,,,,,,,,,,,,,,,,,,4.0,8.0,12.0,2.0,13.0,2.0,0.0,0.0,0.0,0.0,0.0,0.0,0.0,0.0,0.0,0.0,0.0,0.0,0.0,0.0,,,,,,,,,,,,,,,,,,,,,,,,,,,,,,,,,,,,,,,,,LAR,DE,2025,0.0,0.0,0.0
4362245,Braden Fiske,17.0,0.0,1.0,0.0,,,,,,,,,,,,,,,,,,,,,,,,,,,,,,,,,,,,,11.0,19.0,30.0,3.0,16.0,4.0,1.0,0.0,0.0,0.0,0.0,0.0,0.0,0.0,0.0,0.0,0.0,0.0,0.0,0.0,,,,,,,,,,,,,,,,,,,,,,,,,,,,,,,,,,,,,,,,,LAR,DE,2025,0.0,0.0,0.0
4362847,Jaycee Horn,16.0,0.0,0.0,0.0,,,,,,,,,,,,,,,,,,,,,,,,,,,,,,,,,,,,,26.0,11.0,37.0,0.0,0.0,1.0,8.0,22.0,5.0,46.0,0.0,0.0,0.0,0.0,0.0,0.0,0.0,0.0,0.0,0.0,,,,,,,,,,,,,,,,,,,,,,,,,,,,,,,,,,,,,,,,,CAR,CB,2025,0.0,0.0,0.0
4040805,Roy Lopez,17.0,0.0,0.0,0.0,,,,,,,,,,,,,,,,,,,,,,,,,,,,,,,,,,,,,11.0,19.0,30.0,2.0,16.0,4.0,1.0,0.0,0.0,0.0,0.0,0.0,0.0,0.0,0.0,0.0,0.0,0.0,0.0,0.0,,,,,,,,,,,,,,,,,,,,,,,,,,,,,,,,,,,,,,,,,ARI,DT,2025,0.0,0.0,0.0
4040726,Jonah Williams,9.0,0.0,0.0,0.0,,,,,,,,,,,,,,,,,,,,,,,,,,,,,,,,,,,,,1.0,0.0,1.0,0.0,0.0,0.0,0.0,0.0,0.0,0.0,0.0,0.0,0.0,0.0,0.0,0.0,0.0,0.0,0.0,0.0,,,,,,,,,,,,,,,,,,,,,,,,,,,,,,,,,,,,,,,,,,,2025,0.0,0.0,0.0
4040615,Malik Harrison,11.0,0.0,0.0,0.0,,,,,,,,,,,,,,,,,,,,,,,,,,,,,,,,,,,,,25.0,16.0,41.0,0.0,0.0,2.0,0.0,0.0,0.0,0.0,0.0,0.0,0.0,0.0,0.0,0.0,0.0,0.0,0.0,0.0,,,,,,,,,,,,,,,,,,,,,,,,,,,,,,,,,,,,,,,,,PIT,LB,2025,0.0,0.0,0.0
4040613,Jordan Fuller,6.0,0.0,0.0,0.0,,,,,,,,,,,,,,,,,,,,,,,,,,,,,,,,,,,,,2.0,0.0,2.0,0.0,0.0,0.0,0.0,0.0,0.0,0.0,0.0,0.0,0.0,0.0,0.0,0.0,0.0,0.0,0.0,0.0,,,,,,,,,,,,,,,,,,,,,,,,,,,,,,,,,,,,,,,,,,,2025,0.0,0.0,0.0
4040608,Jonathon Cooper,17.0,0.0,0.0,0.0,,,,,,,,,,,,,,,,,,,,,,,,,,,,,,,,,,,,,23.0,27.0,50.0,8.0,59.0,8.0,4.0,0.0,0.0,0.0,0.0,,,,,,,,,,,,,,,,,,,,,,,,,,,,,,,,,,,,,,,,,,,,,,,,,,DEN,LB,2025,0.0,0.0,0.0
4040605,Nick Bosa,3.0,2.0,1.0,0.0,,,,,,,,,,,,,,,,,,,,,,,,,,,,,,,,,,,,,9.0,8.0,17.0,2.0,9.0,4.0,0.0,0.0,0.0,0.0,0.0,,,,,,,,,,,,,,,,,,,,,,,,,,,,,,,,,,,,,,,,,,,,,,,,,,SF,DE,2025,0.0,0.0,0.0
4040537,Aaron Brewer,16.0,0.0,0.0,0.0,,,,,,,,,,,,,,,,,,,,,,,,,,,,,,,,,,,,,1.0,0.0,1.0,0.0,0.0,0.0,0.0,0.0,0.0,0.0,0.0,0.0,0.0,0.0,0.0,0.0,0.0,0.0,0.0,0.0,,,,,,,,,,,,,,,,,,,,,,,,,,,,,,,,,,,,,,,,,MIA,C,2025,0.0,0.0,0.0
4040432,L'Jarius Sneed,7.0,0.0,0.0,0.0,,,,,,,,,,,,,,,,,,,,,,,,,,,,,,,,,,,,,18.0,8.0,26.0,0.0,0.0,0.0,3.0,0.0,0.0,0.0,0.0,,,,,,,,,,,,,,,,,,,,,,,,,,,,,,,,,,,,,,,,,,,,,,,,,,KC,CB,2025,0.0,0.0,0.0
4039485,Jack Heflin,1.0,0.0,0.0,0.0,,,,,,,,,,,,,,,,,,,,,,,,,,,,,,,,,,,,,1.0,0.0,1.0,0.0,0.0,0.0,0.0,0.0,0.0,0.0,0.0,,,,,,,,,,,,,,,,,,,,,,,,,,,,,,,,,,,,,,,,,,,,,,,,,,NYJ,DT,2025,0.0,0.0,0.0
4039413,Alohi Gilman,17.0,1.0,2.0,0.0,,,,,,,,,,,,,,,,,,,,,,,,,,,,,,,,,,,,,50.0,40.0,90.0,0.0,0.0,1.0,9.0,0.0,0.0,84.0,1.0,,,,,,,,,,,,,,,,,,,,,,,,,,,,,,,,,,,,,,,,,,,,,,,,,,KC,S,2025,0.0,0.0,0.0
4039375,Bryce Huff,15.0,2.0,0.0,0.0,,,,,,,,,,,,,,,,,,,,,,,,,,,,,,,,,,,,,14.0,16.0,30.0,4.0,31.0,6.0,1.0,0.0,0.0,0.0,0.0,0.0,0.0,0.0,0.0,0.0,0.0,0.0,0.0,0.0,,,,,,,,,,,,,,,,,,,,,,,,,,,,,,,,,,,,,,,,,,,2025,0.0,0.0,0.0
4243493,Keion White,14.0,0.0,1.0,0.0,,,,,,,,,,,,,,,,,,,,,,,,,,,,,,,,,,,,,7.0,11.0,18.0,1.5,12.5,2.0,1.0,0.0,0.0,0.0,0.0,0.0,0.0,0.0,0.0,0.0,0.0,0.0,0.0,0.0,,,,,,,,,,,,,,,,,,,,,,,,,,,,,,,,,,,,,,,,,SF,DE,2025,0.0,0.0,0.0
4039254,Kyzir White,1.0,0.0,0.0,0.0,,,,,,,,,,,,,,,,,,,,,,,,,,,,,,,,,,,,,2.0,1.0,3.0,0.0,0.0,0.0,0.0,0.0,0.0,0.0,0.0,,,,,,,,,,,,,,,,,,,,,,,,,,,,,,,,,,,,,,,,,,,,,,,,,,,,2025,0.0,0.0,0.0
4039170,Elijah Garcia,7.0,0.0,0.0,0.0,,,,,,,,,,,,,,,,,,,,,,,,,,,,,,,,,,,,,2.0,7.0,9.0,1.0,9.0,1.0,0.0,0.0,0.0,0.0,0.0,0.0,0.0,0.0,0.0,0.0,0.0,0.0,0.0,0.0,,,,,,,,,,,,,,,,,,,,,,,,,,,,,,,,,,,,,,,,,,,2025,0.0,0.0,0.0
4039064,Malcolm Roach,12.0,0.0,0.0,0.0,,,,,,,,,,,,,,,,,,,,,,,,,,,,,,,,,,,,,15.0,26.0,41.0,4.0,21.0,3.0,0.0,0.0,0.0,0.0,0.0,,,,,,,,,,,,,,,,,,,,,,,,,,,,,,,,,,,,,,,,,,,,,,,,,,DEN,DT,2025,0.0,0.0,0.0
4039059,Brandon Jones,14.0,0.0,1.0,0.0,,,,,,,,,,,,,,,,,,,,,,,,,,,,,,,,,,,,,43.0,35.0,78.0,0.5,6.0,0.0,7.0,0.0,1.0,0.0,0.0,,,,,,,,,,,,,,,,,,,,,,,,,,,,,,,,,,,,,,,,,,,,,,,,,,DEN,S,2025,0.0,0.0,0.0
4039052,Jordan Elliott,16.0,0.0,0.0,0.0,,,,,,,,,,,,,,,,,,,,,,,,,,,,,,,,,,,,,8.0,23.0,31.0,0.0,0.0,1.0,1.0,0.0,0.0,0.0,0.0,0.0,0.0,0.0,0.0,0.0,0.0,0.0,0.0,0.0,,,,,,,,,,,,,,,,,,,,,,,,,,,,,,,,,,,,,,,,,TEN,DT,2025,0.0,0.0,0.0
4039029,Khalid Kareem,4.0,0.0,0.0,0.0,,,,,,,,,,,,,,,,,,,,,,,,,,,,,,,,,,,,,3.0,4.0,7.0,0.0,0.0,1.0,1.0,0.0,0.0,0.0,0.0,,,,,,,,,,,,,,,,,,,,,,,,,,,,,,,,,,,,,,,,,,,,,,,,,,NYG,LB,2025,0.0,0.0,0.0
4039018,Luke Wattenberg,15.0,0.0,0.0,0.0,,,,,,,,,,,,,,,,,,,,,,,,,,,,,,,,,,,,,0.0,1.0,1.0,0.0,0.0,0.0,0.0,0.0,0.0,0.0,0.0,0.0,0.0,0.0,0.0,0.0,0.0,0.0,0.0,0.0,,,,,,,,,,,,,,,,,,,,,,,,,,,,,,,,,,,,,,,,,DEN,C,2025,0.0,0.0,0.0
4039010,Myles Bryant,11.0,0.0,0.0,0.0,,,,,,,,,,,,,,,,,,,,,,,,,,,,,,,,,,,,,22.0,18.0,40.0,0.0,0.0,1.0,0.0,0.0,0.0,0.0,0.0,0.0,0.0,0.0,0.0,0.0,0.0,0.0,0.0,0.0,,,,,,,,,,,,,,,,,,,,,,,,,,,,,,,,,,,,,,,,,CLE,CB,2025,0.0,0.0,0.0
4039007,Taylor Rapp,6.0,0.0,0.0,0.0,,,,,,,,,,,,,,,,,,,,,,,,,,,,,,,,,,,,,17.0,9.0,26.0,0.0,0.0,0.0,0.0,0.0,0.0,0.0,0.0,,,,,,,,,,,,,,,,,,,,,,,,,,,,,,,,,,,,,,,,,,,,,,,,,,,,2025,0.0,0.0,0.0
4038999,Byron Murphy Jr.,17.0,0.0,1.0,0.0,,,,,,,,,,,,,,,,,,,,,,,,,,,,,,,,,,,,,48.0,23.0,71.0,0.0,0.0,3.0,7.0,15.0,2.0,15.0,0.0,,,,,,,,,,,,,,,,,,,,,,,,,,,,,,,,,,,,,,,,,,,,,,,,,,MIN,CB,2025,0.0,0.0,0.0
4038946,Troy Dye,16.0,1.0,1.0,0.0,,,,,,,,,,,,,,,,,,,,,,,,,,,,,,,,,,,,,28.0,30.0,58.0,1.0,0.0,5.0,4.0,0.0,0.0,0.0,0.0,0.0,0.0,0.0,0.0,0.0,0.0,0.0,0.0,0.0,0.0,0.0,0.0,0.0,0.0,1.0,0.0,0.0,0.0,0.0,0.0,,,,,,,,,,,,,,,,,,,,,,,,,,,,,,LAC,LB,2025,0.0,0.0,0.0
4038849,DJ Wonnum,16.0,0.0,1.0,0.0,,,,,,,,,,,,,,,,,,,,,,,,,,,,,,,,,,,,,19.0,23.0,42.0,3.0,13.0,4.0,3.0,0.0,1.0,0.0,0.0,,,,,,,,,,,,,,,,,,,,,,,,,,,,,,,,,,,,,,,,,,,,,,,,,,DET,LB,2025,0.0,0.0,0.0
4039303,Ed Oliver,3.0,1.0,0.0,0.0,,,,,,,,,,,,,,,,,,,,,,,,,,,,,,,,,,,,,10.0,2.0,12.0,3.0,37.0,7.0,0.0,0.0,0.0,0.0,0.0,,,,,,,,,,,,,,,,,,,,,,,,,,,,,,,,,,,,,,,,,,,,,,,,,,BUF,DT,2025,0.0,0.0,0.0
4048231,Ezra Cleveland,16.0,0.0,0.0,0.0,,,,,,,,,,,,,,,,,,,,,,,,,,,,,,,,,,,,,0.0,1.0,1.0,0.0,0.0,0.0,0.0,0.0,0.0,0.0,0.0,0.0,0.0,0.0,0.0,0.0,0.0,0.0,0.0,0.0,,,,,,,,,,,,,,,,,,,,,,,,,,,,,,,,,,,,,,,,,JAX,G,2025,0.0,0.0,0.0
4047941,Brenden Schooler,16.0,0.0,0.0,0.0,,,,,,,,,,,,,,,,,,,,,,,,,,,,,,,,,,,,,11.0,8.0,19.0,0.0,0.0,0.0,0.0,0.0,0.0,0.0,0.0,0.0,0.0,0.0,0.0,0.0,0.0,0.0,0.0,0.0,,,,,,,,,,,,,,,,,,,,,,,,,,,,,,,,,,,,,,,,,NE,S,2025,0.0,0.0,0.0
4047846,Chase Lucas,15.0,0.0,0.0,0.0,,,,,,,,,,,,,,,,,,,,,,,,,,,,,,,,,,,,,6.0,3.0,9.0,0.0,0.0,0.0,1.0,0.0,0.0,0.0,0.0,0.0,0.0,0.0,0.0,0.0,0.0,0.0,0.0,0.0,,,,,,,,,,,,,,,,,,,,,,,,,,,,,,,,,,,,,,,,,TB,CB,2025,0.0,0.0,0.0
4047655,Jaylon Jones,15.0,1.0,0.0,0.0,,,,,,,,,,,,,,,,,,,,,,,,,,,,,,,,,,,,,9.0,7.0,16.0,0.0,0.0,0.0,0.0,0.0,0.0,0.0,0.0,0.0,0.0,0.0,0.0,0.0,0.0,0.0,0.0,0.0,,,,,,,,,,,,,,,,,,,,,,,,,,,,,,,,,,,,,,,,,CHI,CB,2025,0.0,0.0,0.0
4046716,Naquan Jones,12.0,0.0,0.0,0.0,,,,,,,,,,,,,,,,,,,,,,,,,,,,,,,,,,,,,8.0,5.0,13.0,0.0,0.0,1.0,1.0,0.0,0.0,0.0,0.0,0.0,0.0,0.0,0.0,0.0,0.0,0.0,0.0,0.0,,,,,,,,,,,,,,,,,,,,,,,,,,,,,,,,,,,,,,,,,HOU,DT,2025,0.0,0.0,0.0
4046675,Julian Love,8.0,0.0,0.0,0.0,,,,,,,,,,,,,,,,,,,,,,,,,,,,,,,,,,,,,23.0,11.0,34.0,1.0,12.0,1.0,6.0,26.0,1.0,26.0,0.0,0.0,0.0,0.0,0.0,0.0,0.0,0.0,0.0,0.0,,,,,,,,,,,,,,,,,,,,,,,,,,,,,,,,,,,,,,,,,SEA,S,2025,0.0,0.0,0.0
4046545,Mike Onwenu,17.0,0.0,0.0,0.0,,,,,,,,,,,,,,,,,,,,,,,,,,,,,,,,,,,,,1.0,0.0,1.0,0.0,0.0,0.0,0.0,0.0,0.0,0.0,0.0,0.0,0.0,0.0,0.0,0.0,0.0,0.0,0.0,0.0,,,,,,,,,,,,,,,,,,,,,,,,,,,,,,,,,,,,,,,,,NE,G,2025,0.0,0.0,0.0
4046537,Joshua Metellus,14.0,0.0,0.0,0.0,,,,,,,,,,,,,,,,,,,,,,,,,,,,,,,,,,,,,42.0,44.0,86.0,0.5,0.0,1.0,6.0,0.0,2.0,0.0,0.0,,,,,,,,,,,,,,,,,,,,,,,,,,,,,,,,,,,,,,,,,,,,,,,,,,MIN,S,2025,0.0,0.0,0.0
4046528,Josh Uche,12.0,0.0,0.0,0.0,,,,,,,,,,,,,,,,,,,,,,,,,,,,,,,,,,,,,14.0,9.0,23.0,1.0,8.0,2.0,1.0,0.0,0.0,0.0,0.0,0.0,0.0,0.0,0.0,0.0,0.0,0.0,0.0,0.0,,,,,,,,,,,,,,,,,,,,,,,,,,,,,,,,,,,,,,,,,MIA,LB,2025,0.0,0.0,0.0
4046523,Rashan Gary,16.0,1.0,1.0,0.0,,,,,,,,,,,,,,,,,,,,,,,,,,,,,,,,,,,,,25.0,20.0,45.0,7.5,44.0,7.0,1.0,0.0,0.0,0.0,0.0,,,,,,,,,,,,,,,,,,,,,,,,,,,,,,,,,,,,,,,,,,,,,,,,,,DAL,LB,2025,0.0,0.0,0.0
4045299,Marcelino McCrary-Ball,5.0,1.0,0.0,0.0,,,,,,,,,,,,,,,,,,,,,,,,,,,,,,,,,,,,,11.0,12.0,23.0,0.0,0.0,1.0,0.0,0.0,0.0,0.0,0.0,,,,,,,,,,,,,,,,,,,,,,,,,,,,,,,,,,,,,,,,,,,,,,,,,,NYJ,LB,2025,0.0,0.0,0.0
4040945,Dillon Radunz,15.0,0.0,0.0,0.0,,,,,,,,,,,,,,,,,,,,,,,,,,,,,,,,,,,,,1.0,0.0,1.0,0.0,0.0,0.0,0.0,0.0,0.0,0.0,0.0,0.0,0.0,0.0,0.0,0.0,0.0,0.0,0.0,0.0,,,,,,,,,,,,,,,,,,,,,,,,,,,,,,,,,,,,,,,,,NO,G,2025,0.0,0.0,0.0
4044540,Isaiah Rodgers,17.0,2.0,1.0,1.0,,,,,,,,,,,,,,,,,,,,,,,,,,,,,,,,,,,,,47.0,19.0,66.0,0.0,0.0,4.0,4.0,87.0,1.0,87.0,1.0,,,,,,,,,,,,,,,,,,,,,,,,,,,,,,,,,,,,,,,,,,,,,,,,,,MIN,CB,2025,0.0,0.0,0.0
4044448,Curtis Robinson,14.0,0.0,0.0,0.0,,,,,,,,,,,,,,,,,,,,,,,,,,,,,,,,,,,,,19.0,23.0,42.0,0.0,0.0,1.0,1.0,0.0,0.0,0.0,0.0,0.0,0.0,0.0,0.0,0.0,0.0,0.0,0.0,0.0,,,,,,,,,,,,,,,,,,,,,,,,,,,,,,,,,,,,,,,,,DAL,LB,2025,0.0,0.0,0.0
4044133,Sam Franklin Jr.,17.0,0.0,0.0,0.0,,,,,,,,,,,,,,,,,,,,,,,,,,,,,,,,,,,,,10.0,3.0,13.0,0.0,0.0,0.0,0.0,0.0,0.0,0.0,0.0,0.0,0.0,0.0,0.0,0.0,0.0,0.0,0.0,0.0,,,,,,,,,,,,,,,,,,,,,,,,,,,,,,,,,,,,,,,,,BUF,S,2025,0.0,0.0,0.0
4043625,Nazeeh Johnson,2.0,0.0,0.0,0.0,,,,,,,,,,,,,,,,,,,,,,,,,,,,,,,,,,,,,1.0,1.0,2.0,0.0,0.0,0.0,0.0,0.0,0.0,0.0,0.0,0.0,0.0,0.0,0.0,0.0,0.0,0.0,0.0,0.0,,,,,,,,,,,,,,,,,,,,,,,,,,,,,,,,,,,,,,,,,,,2025,0.0,0.0,0.0
4043169,Jeremy Chinn,15.0,2.0,0.0,0.0,,,,,,,,,,,,,,,,,,,,,,,,,,,,,,,,,,,,,63.0,51.0,114.0,1.0,0.0,3.0,2.0,0.0,0.0,0.0,0.0,,,,,,,,,,,,,,,,,,,,,,,,,,,,,,,,,,,,,,,,,,,,,,,,,,LV,S,2025,0.0,0.0,0.0
4043130,Jordyn Brooks,17.0,1.0,1.0,0.0,,,,,,,,,,,,,,,,,,,,,,,,,,,,,,,,,,,,,99.0,84.0,183.0,3.5,25.0,13.0,3.0,0.0,0.0,0.0,0.0,,,,,,,,,,,,,,,,,,,,,,,,,,,,,,,,,,,,,,,,,,,,,,,,,,MIA,LB,2025,0.0,0.0,0.0
4043089,Jalen Thompson,15.0,1.0,0.0,0.0,,,,,,,,,,,,,,,,,,,,,,,,,,,,,,,,,,,,,58.0,37.0,95.0,1.0,5.0,2.0,6.0,0.0,0.0,0.0,0.0,,,,,,,,,,,,,,,,,,,,,,,,,,,,,,,,,,,,,,,,,,,,,,,,,,DAL,S,2025,0.0,0.0,0.0
4043039,Mike Caliendo,17.0,0.0,0.0,0.0,,,,,,,,,,,,,,,,,,,,,,,,,,,,,,,,,,,,,0.0,1.0,1.0,0.0,0.0,0.0,0.0,0.0,0.0,0.0,0.0,0.0,0.0,0.0,0.0,0.0,0.0,0.0,0.0,0.0,,,,,,,,,,,,,,,,,,,,,,,,,,,,,,,,,,,,,,,,,KC,G,2025,0.0,0.0,0.0
4042119,Richie Grant,1.0,0.0,0.0,0.0,,,,,,,,,,,,,,,,,,,,,,,,,,,,,,,,,,,,,1.0,0.0,1.0,0.0,0.0,0.0,0.0,0.0,0.0,0.0,0.0,,,,,,,,,,,,,,,,,,,,,,,,,,,,,,,,,,,,,,,,,,,,,,,,,,,,2025,0.0,0.0,0.0
4040983,Mack Wilson Sr.,8.0,1.0,0.0,0.0,,,,,,,,,,,,,,,,,,,,,,,,,,,,,,,,,,,,,34.0,26.0,60.0,0.0,0.0,3.0,6.0,9.0,1.0,9.0,0.0,,,,,,,,,,,,,,,,,,,,,,,,,,,,,,,,,,,,,,,,,,,,,,,,,,ARI,LB,2025,0.0,0.0,0.0
4040982,Quinnen Williams,15.0,3.0,0.0,0.0,,,,,,,,,,,,,,,,,,,,,,,,,,,,,,,,,,,,,26.0,27.0,53.0,2.5,15.5,10.0,1.0,0.0,1.0,0.0,0.0,,,,,,,,,,,,,,,,,,,,,,,,,,,,,,,,,,,,,,,,,,,,,,,,,,DAL,DT,2025,0.0,0.0,0.0
4040966,Trevon Diggs,9.0,0.0,0.0,0.0,,,,,,,,,,,,,,,,,,,,,,,,,,,,,,,,,,,,,20.0,7.0,27.0,0.0,0.0,1.0,0.0,0.0,0.0,0.0,0.0,,,,,,,,,,,,,,,,,,,,,,,,,,,,,,,,,,,,,,,,,,,,,,,,,,,,2025,0.0,0.0,0.0
4045176,Will Fries,17.0,0.0,0.0,0.0,,,,,,,,,,,,,,,,,,,,,,,,,,,,,,,,,,,,,0.0,1.0,1.0,0.0,0.0,0.0,0.0,0.0,0.0,0.0,0.0,0.0,0.0,0.0,0.0,0.0,0.0,0.0,0.0,0.0,,,,,,,,,,,,,,,,,,,,,,,,,,,,,,,,,,,,,,,,,MIN,G,2025,0.0,0.0,0.0
4035817,Krys Barnes,7.0,0.0,0.0,0.0,,,,,,,,,,,,,,,,,,,,,,,,,,,,,,,,,,,,,6.0,17.0,23.0,0.5,0.5,1.0,0.0,0.0,0.0,0.0,0.0,0.0,0.0,0.0,0.0,0.0,0.0,0.0,0.0,0.0,,,,,,,,,,,,,,,,,,,,,,,,,,,,,,,,,,,,,,,,,,,2025,0.0,0.0,0.0
4035686,Jack Jones,17.0,2.0,0.0,0.0,,,,,,,,,,,,,,,,,,,,,,,,,,,,,,,,,,,,,49.0,28.0,77.0,0.0,0.0,4.0,6.0,7.0,1.0,7.0,0.0,,,,,,,,,,,,,,,,,,,,,,,,,,,,,,,,,,,,,,,,,,,,,,,,,,SF,CB,2025,0.0,0.0,0.0
4035685,Mitch Wishnowsky,13.0,0.0,0.0,0.0,,,,,,,,,,,,,,,,,,,,,,,,,,,,,,,,,,,,,1.0,0.0,1.0,0.0,0.0,0.0,0.0,0.0,0.0,0.0,0.0,0.0,0.0,0.0,0.0,0.0,0.0,0.0,0.0,0.0,,,,,,,,,,,,0.0,0.0,0.0,0.0,0.0,0.0,0.0,0.0,0.0,0.0,0.0,0.0,0.0,0.0,0.0,0.0,0.0,38.0,1723.0,62.0,45.34199905395508,41.946998596191406,0.0,18.0,3.0,15.0,11.0,69.0,6.2729997634887695,BUF,P,2025,0.0,0.0,0.0
4035666,Leki Fotu,8.0,0.0,0.0,0.0,,,,,,,,,,,,,,,,,,,,,,,,,,,,,,,,,,,,,3.0,8.0,11.0,1.0,9.0,3.0,0.0,0.0,0.0,0.0,0.0,0.0,0.0,0.0,0.0,0.0,0.0,0.0,0.0,0.0,,,,,,,,,,,,,,,,,,,,,,,,,,,,,,,,,,,,,,,,,NYG,DT,2025,0.0,0.0,0.0
4035663,Terrell Burgess,16.0,0.0,0.0,0.0,,,,,,,,,,,,,,,,,,,,,,,,,,,,,,,,,,,,,10.0,12.0,22.0,0.0,0.0,0.0,3.0,0.0,0.0,0.0,0.0,0.0,0.0,0.0,0.0,0.0,0.0,0.0,0.0,0.0,,,,,,,,,,,,,,,,,,,,,,,,,,,,,,,,,,,,,,,,,NO,S,2025,0.0,0.0,0.0
4035661,Julian Blackmon,1.0,0.0,0.0,0.0,,,,,,,,,,,,,,,,,,,,,,,,,,,,,,,,,,,,,4.0,3.0,7.0,0.0,0.0,0.0,1.0,0.0,0.0,0.0,0.0,,,,,,,,,,,,,,,,,,,,,,,,,,,,,,,,,,,,,,,,,,,,,,,,,,NO,S,2025,0.0,0.0,0.0
4035631,Brian Burns,17.0,3.0,1.0,0.0,,,,,,,,,,,,,,,,,,,,,,,,,,,,,,,,,,,,,39.0,28.0,67.0,16.5,136.0,22.0,7.0,0.0,0.0,0.0,0.0,,,,,,,,,,,,,,,,,,,,,,,,,,,,,,,,,,,,,,,,,,,,,,,,,,NYG,LB,2025,0.0,0.0,0.0
4035505,Daniel Thomas,12.0,0.0,0.0,0.0,,,,,,,,,,,,,,,,,,,,,,,,,,,,,,,,,,,,,10.0,13.0,23.0,0.0,0.0,1.0,1.0,0.0,0.0,0.0,0.0,0.0,0.0,0.0,0.0,0.0,0.0,0.0,0.0,0.0,,,,,,,,,,,,,,,,,,,,,,,,,,,,,,,,,,,,,,,,,CLE,S,2025,0.0,0.0,0.0
4035495,Derrick Brown,17.0,1.0,0.0,0.0,,,,,,,,,,,,,,,,,,,,,,,,,,,,,,,,,,,,,33.0,40.0,73.0,5.0,32.5,5.0,7.0,0.0,0.0,0.0,0.0,0.0,0.0,0.0,0.0,0.0,0.0,0.0,0.0,0.0,,,,,,,,,,,,,,,,,,,,,,,,,,,,,,,,,,,,,,,,,CAR,DT,2025,0.0,0.0,0.0
4035494,Marlon Davidson,1.0,0.0,0.0,0.0,,,,,,,,,,,,,,,,,,,,,,,,,,,,,,,,,,,,,0.0,1.0,1.0,0.0,0.0,0.0,0.0,0.0,0.0,0.0,0.0,,,,,,,,,,,,,,,,,,,,,,,,,,,,,,,,,,,,,,,,,,,,,,,,,,,,2025,0.0,0.0,0.0
4035483,Dexter Lawrence II,17.0,0.0,0.0,0.0,,,,,,,,,,,,,,,,,,,,,,,,,,,,,,,,,,,,,14.0,17.0,31.0,0.5,3.5,4.0,4.0,37.0,1.0,37.0,0.0,0.0,0.0,0.0,0.0,0.0,0.0,0.0,0.0,0.0,,,,,,,,,,,,,,,,,,,,,,,,,,,,,,,,,,,,,,,,,CIN,DT,2025,0.0,0.0,0.0
4038457,Teven Jenkins,17.0,0.0,0.0,0.0,,,,,,,,,,,,,,,,,,,,,,,,,,,,,,,,,,,,,1.0,0.0,1.0,0.0,0.0,0.0,0.0,0.0,0.0,0.0,0.0,0.0,0.0,0.0,0.0,0.0,0.0,0.0,0.0,0.0,,,,,,,,,,,,,,,,,,,,,,,,,,,,,,,,,,,,,,,,,CLE,G,2025,0.0,0.0,0.0
4035462,Isaiah Simmons,5.0,0.0,0.0,0.0,,,,,,,,,,,,,,,,,,,,,,,,,,,,,,,,,,,,,1.0,1.0,2.0,0.0,0.0,0.0,0.0,0.0,0.0,0.0,0.0,0.0,0.0,0.0,0.0,0.0,0.0,0.0,0.0,0.0,,,,,,,,,,,,,,,,,,,,,,,,,,,,,,,,,,,,,,,,,CAR,S,2025,0.0,0.0,0.0
4035434,Devin White,17.0,1.0,0.0,0.0,,,,,,,,,,,,,,,,,,,,,,,,,,,,,,,,,,,,,95.0,79.0,174.0,2.5,18.5,11.0,3.0,0.0,1.0,0.0,0.0,,,,,,,,,,,,,,,,,,,,,,,,,,,,,,,,,,,,,,,,,,,,,,,,,,,,2025,0.0,0.0,0.0
4035433,Kristian Fulton,8.0,0.0,0.0,0.0,,,,,,,,,,,,,,,,,,,,,,,,,,,,,,,,,,,,,12.0,4.0,16.0,0.0,0.0,0.0,6.0,0.0,0.0,0.0,0.0,0.0,0.0,0.0,0.0,0.0,0.0,0.0,0.0,0.0,,,,,,,,,,,,,,,,,,,,,,,,,,,,,,,,,,,,,,,,,KC,CB,2025,0.0,0.0,0.0
4035299,Benito Jones,14.0,0.0,0.0,0.0,,,,,,,,,,,,,,,,,,,,,,,,,,,,,,,,,,,,,6.0,9.0,15.0,1.0,10.0,2.0,1.0,0.0,0.0,0.0,0.0,0.0,0.0,0.0,0.0,0.0,0.0,0.0,0.0,0.0,,,,,,,,,,,,,,,,,,,,,,,,,,,,,,,,,,,,,,,,,LV,DT,2025,0.0,0.0,0.0
4035245,Nnamdi Madubuike,2.0,0.0,0.0,0.0,,,,,,,,,,,,,,,,,,,,,,,,,,,,,,,,,,,,,5.0,2.0,7.0,2.0,12.0,2.0,0.0,0.0,0.0,0.0,0.0,,,,,,,,,,,,,,,,,,,,,,,,,,,,,,,,,,,,,,,,,,,,,,,,,,BAL,DT,2025,0.0,0.0,0.0
4035232,Tyrel Dodson,16.0,1.0,1.0,0.0,,,,,,,,,,,,,,,,,,,,,,,,,,,,,,,,,,,,,72.0,57.0,129.0,5.0,40.0,10.0,3.0,0.0,1.0,0.0,0.0,,,,,,,,,,,,,,,,,,,,,,,,,,,,,,,,,,,,,,,,,,,,,,,,,,MIA,LB,2025,0.0,0.0,0.0
4035048,Luke Fortner,17.0,0.0,0.0,0.0,,,,,,,,,,,,,,,,,,,,,,,,,,,,,,,,,,,,,0.0,0.0,0.0,0.0,0.0,0.0,0.0,0.0,0.0,0.0,0.0,0.0,0.0,0.0,0.0,0.0,0.0,0.0,0.0,0.0,,,,,,,,,,,,,,,,,,,,,,,,,,,,,,,,,,,,,,,,,CAR,C,2025,0.0,0.0,0.0
4034962,Stone Forsythe,17.0,0.0,0.0,0.0,,,,,,,,,,,,,,,,,,,,,,,,,,,,,,,,,,,,,2.0,0.0,2.0,0.0,0.0,0.0,0.0,0.0,0.0,0.0,0.0,0.0,0.0,0.0,0.0,0.0,0.0,0.0,0.0,0.0,,,,,,,,,,,,,,,,,,,,,,,,,,,,,,,,,,,,,,,,,CAR,OT,2025,0.0,0.0,0.0
4034959,Jeremiah Moon,3.0,0.0,0.0,0.0,,,,,,,,,,,,,,,,,,,,,,,,,,,,,,,,,,,,,0.0,2.0,2.0,0.0,0.0,0.0,0.0,0.0,0.0,0.0,0.0,0.0,0.0,0.0,0.0,0.0,0.0,0.0,0.0,0.0,,,,,,,,,,,,,,,,,,,,,,,,,,,,,,,,,,,,,,,,,,,2025,0.0,0.0,0.0
4034953,C.J. Gardner-Johnson,13.0,1.0,0.0,0.0,,,,,,,,,,,,,,,,,,,,,,,,,,,,,,,,,,,,,46.0,20.0,66.0,3.0,24.0,5.0,4.0,32.0,2.0,60.0,0.0,,,,,,,,,,,,,,,,,,,,,,,,,,,,,,,,,,,,,,,,,,,,,,,,,,BUF,S,2025,0.0,0.0,0.0
4034790,Antoine Winfield Jr.,17.0,1.0,1.0,0.0,,,,,,,,,,,,,,,,,,,,,,,,,,,,,,,,,,,,,53.0,40.0,93.0,1.0,8.0,4.0,8.0,5.0,2.0,5.0,0.0,,,,,,,,,,,,,,,,,,,,,,,,,,,,,,,,,,,,,,,,,,,,,,,,,,TB,S,2025,0.0,0.0,0.0
4034779,Ko Kieft,3.0,0.0,0.0,0.0,,,,,,,,,,,,,,,,,,,,,,,,,,,,,,,,,,,,,1.0,2.0,3.0,0.0,0.0,0.0,0.0,0.0,0.0,0.0,0.0,0.0,0.0,0.0,0.0,0.0,0.0,0.0,0.0,0.0,,,,,,,,,,,,,,,,,,,,,,,,,,,,,,,,,,,,,,,,,TB,TE,2025,0.0,0.0,0.0
4035463,K'Von Wallace,3.0,0.0,0.0,0.0,,,,,,,,,,,,,,,,,,,,,,,,,,,,,,,,,,,,,7.0,2.0,9.0,0.0,0.0,2.0,0.0,0.0,0.0,0.0,0.0,0.0,0.0,0.0,0.0,0.0,0.0,0.0,0.0,0.0,,,,,,,,,,,,,,,,,,,,,,,,,,,,,,,,,,,,,,,,,BAL,CB,2025,0.0,0.0,0.0
4038437,A.J. Green III,5.0,0.0,0.0,0.0,,,,,,,,,,,,,,,,,,,,,,,,,,,,,,,,,,,,,1.0,0.0,1.0,0.0,0.0,0.0,0.0,0.0,0.0,0.0,0.0,0.0,0.0,0.0,0.0,0.0,0.0,0.0,0.0,0.0,,,,,,,,,,,,,,,,,,,,,,,,,,,,,,,,,,,,,,,,,MIA,CB,2025,0.0,0.0,0.0
4038432,Amen Ogbongbemiga,8.0,0.0,0.0,0.0,,,,,,,,,,,,,,,,,,,,,,,,,,,,,,,,,,,,,5.0,12.0,17.0,0.0,0.0,0.0,1.0,0.0,0.0,0.0,0.0,0.0,0.0,0.0,0.0,0.0,0.0,0.0,0.0,0.0,,,,,,,,,,,,,,,,,,,,,,,,,,,,,,,,,,,,,,,,,,,2025,0.0,0.0,0.0
4037626,Divine Deablo,13.0,0.0,1.0,0.0,,,,,,,,,,,,,,,,,,,,,,,,,,,,,,,,,,,,,38.0,35.0,73.0,1.0,4.0,5.0,7.0,0.0,0.0,0.0,0.0,,,,,,,,,,,,,,,,,,,,,,,,,,,,,,,,,,,,,,,,,,,,,,,,,,ATL,LB,2025,0.0,0.0,0.0
4037559,Devon Key,17.0,1.0,0.0,0.0,,,,,,,,,,,,,,,,,,,,,,,,,,,,,,,,,,,,,19.0,9.0,28.0,0.0,0.0,0.0,1.0,0.0,0.0,0.0,0.0,0.0,0.0,0.0,0.0,0.0,0.0,0.0,0.0,0.0,,,,,,,,,,,,,,,,,,,,,,,,,,,,,,,,,,,,,,,,,DEN,S,2025,0.0,0.0,0.0
4037521,Chazz Surratt,11.0,0.0,0.0,0.0,,,,,,,,,,,,,,,,,,,,,,,,,,,,,,,,,,,,,4.0,7.0,11.0,0.0,0.0,0.0,0.0,0.0,0.0,0.0,0.0,0.0,0.0,0.0,0.0,0.0,0.0,0.0,0.0,0.0,,,,,,,,,,,,,,,,,,,,,,,,,,,,,,,,,,,,,,,,,SEA,LB,2025,0.0,0.0,0.0
4037520,Tomon Fox,9.0,0.0,0.0,0.0,,,,,,,,,,,,,,,,,,,,,,,,,,,,,,,,,,,,,4.0,2.0,6.0,0.0,0.0,0.0,0.0,0.0,0.0,0.0,0.0,0.0,0.0,0.0,0.0,0.0,0.0,0.0,0.0,0.0,,,,,,,,,,,,,,,,,,,,,,,,,,,,,,,,,,,,,,,,,LAR,LB,2025,0.0,0.0,0.0
4037361,Charvarius Ward,7.0,0.0,1.0,0.0,,,,,,,,,,,,,,,,,,,,,,,,,,,,,,,,,,,,,17.0,8.0,25.0,0.0,0.0,0.0,7.0,0.0,0.0,0.0,0.0,,,,,,,,,,,,,,,,,,,,,,,,,,,,,,,,,,,,,,,,,,,,,,,,,,IND,CB,2025,0.0,0.0,0.0
4037333,Alex Highsmith,13.0,1.0,0.0,0.0,,,,,,,,,,,,,,,,,,,,,,,,,,,,,,,,,,,,,36.0,14.0,50.0,9.5,44.0,15.0,3.0,0.0,0.0,0.0,0.0,,,,,,,,,,,,,,,,,,,,,,,,,,,,,,,,,,,,,,,,,,,,,,,,,,PIT,LB,2025,0.0,0.0,0.0
4037239,Boogie Basham,3.0,0.0,0.0,0.0,,,,,,,,,,,,,,,,,,,,,,,,,,,,,,,,,,,,,1.0,3.0,4.0,0.0,0.0,0.0,0.0,0.0,0.0,0.0,0.0,0.0,0.0,0.0,0.0,0.0,0.0,0.0,0.0,0.0,,,,,,,,,,,,,,,,,,,,,,,,,,,,,,,,,,,,,,,,,,,2025,0.0,0.0,0.0
4036959,Cole Christiansen,3.0,0.0,0.0,0.0,,,,,,,,,,,,,,,,,,,,,,,,,,,,,,,,,,,,,0.0,2.0,2.0,0.0,0.0,0.0,0.0,0.0,0.0,0.0,0.0,0.0,0.0,0.0,0.0,0.0,0.0,0.0,0.0,0.0,,,,,,,,,,,,,,,,,,,,,,,,,,,,,,,,,,,,,,,,,KC,LB,2025,0.0,0.0,0.0
4036660,Darrell Baker Jr.,17.0,0.0,0.0,0.0,,,,,,,,,,,,,,,,,,,,,,,,,,,,,,,,,,,,,39.0,16.0,55.0,0.0,0.0,0.0,7.0,0.0,0.0,0.0,0.0,0.0,0.0,0.0,0.0,0.0,0.0,0.0,0.0,0.0,,,,,,,,,,,,,,,,,,,,,,,,,,,,,,,,,,,,,,,,,MIA,CB,2025,0.0,0.0,0.0
4036651,Kindle Vildor,12.0,0.0,0.0,0.0,,,,,,,,,,,,,,,,,,,,,,,,,,,,,,,,,,,,,11.0,5.0,16.0,0.0,0.0,0.0,3.0,13.0,1.0,13.0,0.0,0.0,0.0,0.0,0.0,0.0,0.0,0.0,0.0,0.0,,,,,,,,,,,,,,,,,,,,,,,,,,,,,,,,,,,,,,,,,NE,CB,2025,0.0,0.0,0.0
4035824,Brandon Stephens,16.0,1.0,0.0,0.0,,,,,,,,,,,,,,,,,,,,,,,,,,,,,,,,,,,,,47.0,26.0,73.0,0.0,0.0,4.0,9.0,0.0,0.0,0.0,0.0,,,,,,,,,,,,,,,,,,,,,,,,,,,,,,,,,,,,,,,,,,,,,,,,,,NYJ,CB,2025,0.0,0.0,0.0
4036444,Ryan Neuzil,17.0,0.0,0.0,0.0,,,,,,,,,,,,,,,,,,,,,,,,,,,,,,,,,,,,,0.0,1.0,1.0,0.0,0.0,0.0,0.0,0.0,0.0,0.0,0.0,0.0,0.0,0.0,0.0,0.0,0.0,0.0,0.0,0.0,,,,,,,,,,,,,,,,,,,,,,,,,,,,,,,,,,,,,,,,,ATL,C,2025,0.0,0.0,0.0
4036261,Devin Bush,17.0,2.0,1.0,0.0,,,,,,,,,,,,,,,,,,,,,,,,,,,,,,,,,,,,,63.0,62.0,125.0,2.0,17.0,7.0,8.0,97.0,3.0,164.0,2.0,,,,,,,,,,,,,,,,,,,,,,,,,,,,,,,,,,,,,,,,,,,,,,,,,,CHI,LB,2025,0.0,0.0,0.0
4036169,Nick McCloud,15.0,0.0,0.0,0.0,,,,,,,,,,,,,,,,,,,,,,,,,,,,,,,,,,,,,18.0,9.0,27.0,0.0,0.0,0.0,2.0,0.0,0.0,0.0,0.0,0.0,0.0,0.0,0.0,0.0,0.0,0.0,0.0,0.0,,,,,,,,,,,,,,,,,,,,,,,,,,,,,,,,,,,,,,,,,,,2025,0.0,0.0,0.0
4036153,Kristian Welch,8.0,0.0,0.0,0.0,,,,,,,,,,,,,,,,,,,,,,,,,,,,,,,,,,,,,0.0,3.0,3.0,0.0,0.0,0.0,0.0,0.0,0.0,0.0,0.0,0.0,0.0,0.0,0.0,0.0,0.0,0.0,0.0,0.0,,,,,,,,,,,,,,,,,,,,,,,,,,,,,,,,,,,,,,,,,GB,LB,2025,0.0,0.0,0.0
4036141,Nick Niemann,7.0,0.0,0.0,0.0,,,,,,,,,,,,,,,,,,,,,,,,,,,,,,,,,,,,,6.0,5.0,11.0,0.0,0.0,0.0,0.0,0.0,0.0,0.0,0.0,0.0,0.0,0.0,0.0,0.0,0.0,0.0,0.0,0.0,,,,,,,,,,,,,,,,,,,,,,,,,,,,,,,,,,,,,,,,,GB,LB,2025,0.0,0.0,0.0
4036134,Amani Hooker,16.0,0.0,0.0,0.0,,,,,,,,,,,,,,,,,,,,,,,,,,,,,,,,,,,,,58.0,23.0,81.0,1.0,8.0,3.0,8.0,0.0,0.0,0.0,0.0,,,,,,,,,,,,,,,,,,,,,,,,,,,,,,,,,,,,,,,,,,,,,,,,,,TEN,S,2025,0.0,0.0,0.0
4036132,Chauncey Golston,10.0,0.0,0.0,0.0,,,,,,,,,,,,,,,,,,,,,,,,,,,,,,,,,,,,,13.0,7.0,20.0,1.0,9.0,5.0,0.0,0.0,0.0,0.0,0.0,0.0,0.0,0.0,0.0,0.0,0.0,0.0,0.0,0.0,,,,,,,,,,,,,,,,,,,,,,,,,,,,,,,,,,,,,,,,,NYG,DE,2025,0.0,0.0,0.0
4036063,Patrick Jones II,4.0,0.0,0.0,0.0,,,,,,,,,,,,,,,,,,,,,,,,,,,,,,,,,,,,,6.0,3.0,9.0,1.0,7.0,2.0,1.0,0.0,0.0,0.0,0.0,,,,,,,,,,,,,,,,,,,,,,,,,,,,,,,,,,,,,,,,,,,,,,,,,,CAR,LB,2025,0.0,0.0,0.0
4036060,Damar Hamlin,5.0,0.0,0.0,0.0,,,,,,,,,,,,,,,,,,,,,,,,,,,,,,,,,,,,,1.0,0.0,1.0,0.0,0.0,0.0,0.0,0.0,0.0,0.0,0.0,0.0,0.0,0.0,0.0,0.0,0.0,0.0,0.0,0.0,,,,,,,,,,,,,,,,,,,,,,,,,,,,,,,,,,,,,,,,,BUF,S,2025,0.0,0.0,0.0
4035861,Cam Bynum,17.0,1.0,1.0,0.0,,,,,,,,,,,,,,,,,,,,,,,,,,,,,,,,,,,,,50.0,31.0,81.0,1.0,15.0,3.0,8.0,14.0,4.0,22.0,0.0,,,,,,,,,,,,,,,,,,,,,,,,,,,,,,,,,,,,,,,,,,,,,,,,,,IND,S,2025,0.0,0.0,0.0
4035857,Cameron Goode,17.0,0.0,0.0,0.0,,,,,,,,,,,,,,,,,,,,,,,,,,,,,,,,,,,,,8.0,14.0,22.0,0.0,0.0,0.0,1.0,0.0,0.0,0.0,0.0,0.0,0.0,0.0,0.0,0.0,0.0,0.0,0.0,0.0,,,,,,,,,,,,,,,,,,,,,,,,,,,,,,,,,,,,,,,,,MIA,LB,2025,0.0,0.0,0.0
4035840,Osa Odighizuwa,17.0,0.0,0.0,0.0,,,,,,,,,,,,,,,,,,,,,,,,,,,,,,,,,,,,,16.0,28.0,44.0,3.5,36.0,6.0,0.0,0.0,0.0,0.0,0.0,,,,,,,,,,,,,,,,,,,,,,,,,,,,,,,,,,,,,,,,,,,,,,,,,,SF,DT,2025,0.0,0.0,0.0
4036507,Joe Bachie,15.0,0.0,0.0,0.0,,,,,,,,,,,,,,,,,,,,,,,,,,,,,,,,,,,,,12.0,17.0,29.0,0.0,0.0,0.0,1.0,0.0,0.0,0.0,0.0,0.0,0.0,0.0,0.0,0.0,0.0,0.0,0.0,0.0,,,,,,,,,,,,,,,,,,,,,,,,,,,,,,,,,,,,,,,,,DET,LB,2025,0.0,0.0,0.0
4242229,Austin Deculus,13.0,0.0,0.0,0.0,,,,,,,,,,,,,,,,,,,,,,,,,,,,,,,,,,,,,0.0,1.0,1.0,0.0,0.0,0.0,0.0,0.0,0.0,0.0,0.0,0.0,0.0,0.0,0.0,0.0,0.0,0.0,0.0,0.0,,,,,,,,,,,,,,,,,,,,,,,,,,,,,,,,,,,,,,,,,TEN,OT,2025,0.0,0.0,0.0
4242208,Grant Delpit,17.0,2.0,2.0,0.0,,,,,,,,,,,,,,,,,,,,,,,,,,,,,,,,,,,,,48.0,41.0,89.0,3.0,18.0,4.0,4.0,25.0,1.0,25.0,0.0,,,,,,,,,,,,,,,,,,,,,,,,,,,,,,,,,,,,,,,,,,,,,,,,,,CLE,S,2025,0.0,0.0,0.0
4242207,Patrick Queen,17.0,1.0,1.0,0.0,,,,,,,,,,,,,,,,,,,,,,,,,,,,,,,,,,,,,56.0,64.0,120.0,1.0,8.0,8.0,4.0,0.0,0.0,0.0,0.0,,,,,,,,,,,,,,,,,,,,,,,,,,,,,,,,,,,,,,,,,,,,,,,,,,PIT,LB,2025,0.0,0.0,0.0
4242205,K'Lavon Chaisson,16.0,2.0,1.0,1.0,,,,,,,,,,,,,,,,,,,,,,,,,,,,,,,,,,,,,18.0,13.0,31.0,7.5,43.0,10.0,2.0,0.0,0.0,0.0,0.0,0.0,0.0,0.0,0.0,0.0,0.0,0.0,0.0,0.0,,,,,,,,,,,,,,,,,,,,,,,,,,,,,,,,,,,,,,,,,WSH,LB,2025,0.0,0.0,0.0
4242154,Kam Curl,17.0,1.0,0.0,0.0,,,,,,,,,,,,,,,,,,,,,,,,,,,,,,,,,,,,,79.0,43.0,122.0,2.0,2.0,2.0,5.0,0.0,2.0,0.0,0.0,,,,,,,,,,,,,,,,,,,,,,,,,,,,,,,,,,,,,,,,,,,,,,,,,,LAR,S,2025,0.0,0.0,0.0
4242149,Montaric Brown,15.0,0.0,0.0,0.0,,,,,,,,,,,,,,,,,,,,,,,,,,,,,,,,,,,,,43.0,8.0,51.0,0.0,0.0,0.0,12.0,0.0,2.0,0.0,0.0,0.0,0.0,0.0,0.0,0.0,0.0,0.0,0.0,0.0,,,,,,,,,,,,,,,,,,,,,,,,,,,,,,,,,,,,,,,,,JAX,CB,2025,0.0,0.0,0.0
4241993,Pete Werner,17.0,0.0,3.0,0.0,,,,,,,,,,,,,,,,,,,,,,,,,,,,,,,,,,,,,50.0,31.0,81.0,2.0,1.0,4.0,5.0,0.0,0.0,0.0,0.0,,,,,,,,,,,,,,,,,,,,,,,,,,,,,,,,,,,,,,,,,,,,,,,,,,NO,LB,2025,0.0,0.0,0.0
4241987,Baron Browning,15.0,0.0,1.0,0.0,,,,,,,,,,,,,,,,,,,,,,,,,,,,,,,,,,,,,14.0,20.0,34.0,2.0,13.0,4.0,1.0,4.0,1.0,4.0,0.0,,,,,,,,,,,,,,,,,,,,,,,,,,,,,,,,,,,,,,,,,,,,,,,,,,ARI,LB,2025,0.0,0.0,0.0
4241986,Chase Young,12.0,2.0,3.0,1.0,,,,,,,,,,,,,,,,,,,,,,,,,,,,,,,,,,,,,22.0,16.0,38.0,10.0,86.0,11.0,4.0,0.0,0.0,0.0,0.0,,,,,,,,,,,,,,,,,,,,,,,,,,,,,,,,,,,,,,,,,,,,,,,,,,NO,DE,2025,0.0,0.0,0.0
4241984,Jeff Okudah,6.0,0.0,1.0,0.0,,,,,,,,,,,,,,,,,,,,,,,,,,,,,,,,,,,,,12.0,2.0,14.0,0.0,0.0,0.0,0.0,0.0,0.0,0.0,0.0,,,,,,,,,,,,,,,,,,,,,,,,,,,,,,,,,,,,,,,,,,,,,,,,,,,,2025,0.0,0.0,0.0
4241921,Markquese Bell,17.0,1.0,0.0,0.0,,,,,,,,,,,,,,,,,,,,,,,,,,,,,,,,,,,,,20.0,21.0,41.0,0.0,0.0,1.0,3.0,24.0,1.0,24.0,0.0,0.0,0.0,0.0,0.0,0.0,0.0,0.0,0.0,0.0,,,,,,,,,,,,,,,,,,,,,,,,,,,,,,,,,,,,,,,,,DAL,S,2025,0.0,0.0,0.0
4050971,Eric Johnson II,12.0,0.0,0.0,0.0,,,,,,,,,,,,,,,,,,,,,,,,,,,,,,,,,,,,,4.0,2.0,6.0,0.0,0.0,1.0,0.0,0.0,0.0,0.0,0.0,0.0,0.0,0.0,0.0,0.0,0.0,0.0,0.0,0.0,,,,,,,,,,,,,,,,,,,,,,,,,,,,,,,,,,,,,,,,,MIN,DT,2025,0.0,0.0,0.0
4241597,Daiyan Henley,16.0,0.0,0.0,0.0,,,,,,,,,,,,,,,,,,,,,,,,,,,,,,,,,,,,,54.0,49.0,103.0,3.5,31.5,5.0,5.0,8.0,2.0,8.0,0.0,,,,,,,,,,,,,,,,,,,,,,,,,,,,,,,,,,,,,,,,,,,,,,,,,,LAC,LB,2025,0.0,0.0,0.0
4241473,LaBryan Ray,13.0,0.0,0.0,0.0,,,,,,,,,,,,,,,,,,,,,,,,,,,,,,,,,,,,,7.0,6.0,13.0,0.0,0.0,0.0,0.0,0.0,0.0,0.0,0.0,0.0,0.0,0.0,0.0,0.0,0.0,0.0,0.0,0.0,,,,,,,,,,,,,,,,,,,,,,,,,,,,,,,,,,,,,,,,,CAR,DE,2025,0.0,0.0,0.0
4241470,Xavier McKinney,16.0,1.0,0.0,0.0,,,,,,,,,,,,,,,,,,,,,,,,,,,,,,,,,,,,,54.0,53.0,107.0,1.0,0.0,0.0,10.0,0.0,2.0,0.0,0.0,,,,,,,,,,,,,,,,,,,,,,,,,,,,,,,,,,,,,,,,,,,,,,,,,,GB,S,2025,0.0,0.0,0.0
4241468,Phidarian Mathis,6.0,0.0,0.0,0.0,,,,,,,,,,,,,,,,,,,,,,,,,,,,,,,,,,,,,4.0,9.0,13.0,0.0,0.0,0.0,0.0,0.0,0.0,0.0,0.0,0.0,0.0,0.0,0.0,0.0,0.0,0.0,0.0,0.0,,,,,,,,,,,,,,,,,,,,,,,,,,,,,,,,,,,,,,,,,BUF,DT,2025,0.0,0.0,0.0
4241411,Malcolm Rodriguez,7.0,0.0,0.0,0.0,,,,,,,,,,,,,,,,,,,,,,,,,,,,,,,,,,,,,9.0,3.0,12.0,0.0,0.0,1.0,0.0,0.0,0.0,0.0,0.0,0.0,0.0,0.0,0.0,0.0,0.0,0.0,0.0,0.0,,,,,,,,,,,,,,,,,,,,,,,,,,,,,,,,,,,,,,,,,DET,LB,2025,0.0,0.0,0.0
4241401,Trey Sermon,4.0,0.0,0.0,0.0,,,,,,,,,,,,,,,,,,,,,,,,,,,,,,,,,,,,,0.0,1.0,1.0,0.0,0.0,0.0,0.0,0.0,0.0,0.0,0.0,0.0,0.0,0.0,0.0,0.0,0.0,0.0,0.0,0.0,2.0,51.0,25.5,26.0,0.0,0.0,0.0,0.0,0.0,0.0,0.0,,,,,,,,,,,,,,,,,,,,,,,,,,,,,,,,2025,0.0,0.0,0.0
4241394,Kenneth Murray Jr.,17.0,0.0,1.0,0.0,,,,,,,,,,,,,,,,,,,,,,,,,,,,,,,,,,,,,38.0,43.0,81.0,1.0,1.0,4.0,2.0,0.0,0.0,0.0,0.0,,,,,,,,,,,,,,,,,,,,,,,,,,,,,,,,,,,,,,,,,,,,,,,,,,,,2025,0.0,0.0,0.0
4241373,Tre Brown,10.0,0.0,0.0,0.0,,,,,,,,,,,,,,,,,,,,,,,,,,,,,,,,,,,,,4.0,4.0,8.0,0.0,0.0,0.0,0.0,0.0,0.0,0.0,0.0,0.0,0.0,0.0,0.0,0.0,0.0,0.0,0.0,0.0,,,,,,,,,,,,,,,,,,,,,,,,,,,,,,,,,,,,,,,,,NYJ,CB,2025,0.0,0.0,0.0
4241250,Jake Hummel,17.0,0.0,0.0,0.0,,,,,,,,,,,,,,,,,,,,,,,,,,,,,,,,,,,,,9.0,9.0,18.0,0.0,0.0,1.0,0.0,0.0,0.0,0.0,0.0,0.0,0.0,0.0,0.0,0.0,0.0,0.0,0.0,0.0,,,,,,,,,,,,,,,,,,,,,,,,,,,,,,,,,,,,,,,,,HOU,LB,2025,0.0,0.0,0.0
4241223,Jalen Pitre,14.0,0.0,0.0,0.0,,,,,,,,,,,,,,,,,,,,,,,,,,,,,,,,,,,,,43.0,31.0,74.0,0.0,0.0,3.0,12.0,12.0,4.0,18.0,0.0,,,,,,,,,,,,,,,,,,,,,,,,,,,,,,,,,,,,,,,,,,,,,,,,,,HOU,S,2025,0.0,0.0,0.0
4241217,Larry Borom,16.0,0.0,0.0,0.0,,,,,,,,,,,,,,,,,,,,,,,,,,,,,,,,,,,,,0.0,0.0,0.0,0.0,0.0,0.0,0.0,0.0,0.0,0.0,0.0,0.0,0.0,0.0,0.0,0.0,0.0,0.0,0.0,0.0,,,,,,,,,,,,,,,,,,,,,,,,,,,,,,,,,,,,,,,,,DET,OT,2025,0.0,0.0,0.0
4241087,Brock Hoffman,17.0,0.0,0.0,0.0,,,,,,,,,,,,,,,,,,,,,,,,,,,,,,,,,,,,,0.0,0.0,0.0,0.0,0.0,0.0,0.0,0.0,0.0,0.0,0.0,0.0,0.0,0.0,0.0,0.0,0.0,0.0,0.0,0.0,,,,,,,,,,,,,,,,,,,,,,,,,,,,,,,,,,,,,,,,,PIT,C,2025,0.0,0.0,0.0
4241807,Garret Wallow,11.0,0.0,0.0,0.0,,,,,,,,,,,,,,,,,,,,,,,,,,,,,,,,,,,,,2.0,7.0,9.0,0.0,0.0,0.0,0.0,0.0,0.0,0.0,0.0,0.0,0.0,0.0,0.0,0.0,0.0,0.0,0.0,0.0,,,,,,,,,,,,,,,,,,,,,,,,,,,,,,,,,,,,,,,,,SF,LB,2025,0.0,0.0,0.0
4243457,DeAngelo Malone,9.0,0.0,0.0,0.0,,,,,,,,,,,,,,,,,,,,,,,,,,,,,,,,,,,,,2.0,6.0,8.0,0.0,0.0,0.0,1.0,6.0,1.0,6.0,0.0,0.0,0.0,0.0,0.0,0.0,0.0,0.0,0.0,0.0,,,,,,,,,,,,,,,,,,,,,,,,,,,,,,,,,,,,,,,,,ATL,LB,2025,0.0,0.0,0.0
4243333,Joe Tryon-Shoyinka,16.0,0.0,0.0,0.0,,,,,,,,,,,,,,,,,,,,,,,,,,,,,,,,,,,,,10.0,12.0,22.0,0.0,0.0,1.0,0.0,0.0,0.0,0.0,0.0,0.0,0.0,0.0,0.0,0.0,0.0,0.0,0.0,0.0,,,,,,,,,,,,,,,,,,,,,,,,,,,,,,,,,,,,,,,,,,,2025,0.0,0.0,0.0
4243332,Keith Taylor,2.0,0.0,0.0,0.0,,,,,,,,,,,,,,,,,,,,,,,,,,,,,,,,,,,,,4.0,2.0,6.0,0.0,0.0,0.0,0.0,0.0,0.0,0.0,0.0,0.0,0.0,0.0,0.0,0.0,0.0,0.0,0.0,0.0,,,,,,,,,,,,,,,,,,,,,,,,,,,,,,,,,,,,,,,,,,,2025,0.0,0.0,0.0
4243328,Elijah Molden,12.0,0.0,0.0,0.0,,,,,,,,,,,,,,,,,,,,,,,,,,,,,,,,,,,,,28.0,24.0,52.0,0.0,0.0,0.0,1.0,0.0,1.0,0.0,0.0,,,,,,,,,,,,,,,,,,,,,,,,,,,,,,,,,,,,,,,,,,,,,,,,,,LAC,CB,2025,0.0,0.0,0.0
4243321,Ali Gaye,3.0,0.0,0.0,0.0,,,,,,,,,,,,,,,,,,,,,,,,,,,,,,,,,,,,,1.0,0.0,1.0,0.0,0.0,0.0,0.0,0.0,0.0,0.0,0.0,0.0,0.0,0.0,0.0,0.0,0.0,0.0,0.0,0.0,,,,,,,,,,,,,,,,,,,,,,,,,,,,,,,,,,,,,,,,,HOU,DE,2025,0.0,0.0,0.0
4243256,Devin Lloyd,15.0,0.0,1.0,0.0,,,,,,,,,,,,,,,,,,,,,,,,,,,,,,,,,,,,,35.0,46.0,81.0,1.5,9.5,6.0,7.0,99.0,5.0,135.0,1.0,,,,,,,,,,,,,,,,,,,,,,,,,,,,,,,,,,,,,,,,,,,,,,,,,,CAR,LB,2025,0.0,0.0,0.0
4243253,Jaylon Johnson,7.0,0.0,0.0,0.0,,,,,,,,,,,,,,,,,,,,,,,,,,,,,,,,,,,,,15.0,2.0,17.0,0.0,0.0,0.0,2.0,0.0,1.0,0.0,0.0,,,,,,,,,,,,,,,,,,,,,,,,,,,,,,,,,,,,,,,,,,,,,,,,,,CHI,CB,2025,0.0,0.0,0.0
4243218,Marlon Tuipulotu,3.0,0.0,0.0,0.0,,,,,,,,,,,,,,,,,,,,,,,,,,,,,,,,,,,,,0.0,1.0,1.0,0.0,0.0,0.0,0.0,0.0,0.0,0.0,0.0,0.0,0.0,0.0,0.0,0.0,0.0,0.0,0.0,0.0,,,,,,,,,,,,,,,,,,,,,,,,,,,,,,,,,,,,,,,,,,,2025,0.0,0.0,0.0
4243181,Nate Landman,17.0,4.0,2.0,0.0,,,,,,,,,,,,,,,,,,,,,,,,,,,,,,,,,,,,,64.0,68.0,132.0,2.5,4.0,8.0,6.0,0.0,1.0,0.0,0.0,,,,,,,,,,,,,,,,,,,,,,,,,,,,,,,,,,,,,,,,,,,,,,,,,,LAR,LB,2025,0.0,0.0,0.0
4243009,Mykal Walker,14.0,0.0,0.0,0.0,,,,,,,,,,,,,,,,,,,,,,,,,,,,,,,,,,,,,9.0,22.0,31.0,0.0,0.0,1.0,1.0,0.0,0.0,0.0,0.0,0.0,0.0,0.0,0.0,0.0,0.0,0.0,0.0,0.0,,,,,,,,,,,,,,,,,,,,,,,,,,,,,,,,,,,,,,,,,NYJ,LB,2025,0.0,0.0,0.0
4243004,Jordan Mims,1.0,0.0,0.0,0.0,,,,,,,,,,,,,,,,,,,,,,,,,,,,,,,,,,,,,1.0,0.0,1.0,0.0,0.0,0.0,0.0,0.0,0.0,0.0,0.0,,,,,,,,,,,,,,,,,,,,,,,,,,,,,,,,,,,,,,,,,,,,,,,,,,,,2025,0.0,0.0,0.0
4242402,Elijah Hicks,17.0,0.0,0.0,0.0,,,,,,,,,,,,,,,,,,,,,,,,,,,,,,,,,,,,,9.0,10.0,19.0,0.0,0.0,0.0,0.0,0.0,0.0,0.0,0.0,0.0,0.0,0.0,0.0,0.0,0.0,0.0,0.0,0.0,,,,,,,,,,,,,,,,,,,,,,,,,,,,,,,,,,,,,,,,,CHI,S,2025,0.0,0.0,0.0
4242975,Jaelan Phillips,17.0,1.0,2.0,0.0,,,,,,,,,,,,,,,,,,,,,,,,,,,,,,,,,,,,,29.0,24.0,53.0,5.0,32.0,7.0,4.0,0.0,0.0,0.0,0.0,,,,,,,,,,,,,,,,,,,,,,,,,,,,,,,,,,,,,,,,,,,,,,,,,,CAR,LB,2025,0.0,0.0,0.0
4242973,Darnay Holmes,13.0,0.0,0.0,0.0,,,,,,,,,,,,,,,,,,,,,,,,,,,,,,,,,,,,,13.0,6.0,19.0,0.0,0.0,0.0,0.0,0.0,0.0,0.0,0.0,0.0,0.0,0.0,0.0,0.0,0.0,0.0,0.0,0.0,,,,,,,,,,,,,,,,,,,,,,,,,,,,,,,,,,,,,,,,,ATL,CB,2025,0.0,0.0,0.0
4242899,DJ Davidson,15.0,0.0,0.0,0.0,,,,,,,,,,,,,,,,,,,,,,,,,,,,,,,,,,,,,6.0,3.0,9.0,0.0,0.0,1.0,1.0,0.0,0.0,0.0,0.0,0.0,0.0,0.0,0.0,0.0,0.0,0.0,0.0,0.0,,,,,,,,,,,,,,,,,,,,,,,,,,,,,,,,,,,,,,,,,WSH,DT,2025,0.0,0.0,0.0
4242659,Dayo Odeyingbo,8.0,0.0,0.0,0.0,,,,,,,,,,,,,,,,,,,,,,,,,,,,,,,,,,,,,9.0,12.0,21.0,1.0,2.0,2.0,1.0,0.0,0.0,0.0,0.0,,,,,,,,,,,,,,,,,,,,,,,,,,,,,,,,,,,,,,,,,,,,,,,,,,CHI,DE,2025,0.0,0.0,0.0
4242547,Paulson Adebo,12.0,0.0,0.0,0.0,,,,,,,,,,,,,,,,,,,,,,,,,,,,,,,,,,,,,56.0,17.0,73.0,0.0,0.0,1.0,8.0,0.0,1.0,0.0,0.0,,,,,,,,,,,,,,,,,,,,,,,,,,,,,,,,,,,,,,,,,,,,,,,,,,NYG,CB,2025,0.0,0.0,0.0
4242521,K.J. Britt,17.0,0.0,0.0,0.0,,,,,,,,,,,,,,,,,,,,,,,,,,,,,,,,,,,,,12.0,23.0,35.0,0.0,0.0,0.0,0.0,0.0,0.0,0.0,0.0,0.0,0.0,0.0,0.0,0.0,0.0,0.0,0.0,0.0,,,,,,,,,,,,,,,,,,,,,,,,,,,,,,,,,,,,,,,,,NE,LB,2025,0.0,0.0,0.0
4242516,Noah Igbinoghene,15.0,0.0,0.0,0.0,,,,,,,,,,,,,,,,,,,,,,,,,,,,,,,,,,,,,22.0,13.0,35.0,1.0,0.0,1.0,5.0,0.0,0.0,0.0,0.0,0.0,0.0,0.0,0.0,0.0,0.0,0.0,0.0,0.0,7.0,191.0,27.285715103149414,46.0,0.0,0.0,0.0,0.0,0.0,0.0,0.0,,,,,,,,,,,,,,,,,,,,,,,,,,,,,,SEA,CB,2025,0.0,0.0,0.0
4242459,Trey Smith,12.0,0.0,0.0,0.0,,,,,,,,,,,,,,,,,,,,,,,,,,,,,,,,,,,,,0.0,0.0,0.0,0.0,0.0,0.0,0.0,0.0,0.0,0.0,0.0,0.0,0.0,0.0,0.0,0.0,0.0,0.0,0.0,0.0,,,,,,,,,,,,,,,,,,,,,,,,,,,,,,,,,,,,,,,,,KC,G,2025,0.0,0.0,0.0
4242457,Matthew Butler,12.0,0.0,0.0,0.0,,,,,,,,,,,,,,,,,,,,,,,,,,,,,,,,,,,,,7.0,5.0,12.0,0.0,0.0,0.0,0.0,0.0,0.0,0.0,0.0,0.0,0.0,0.0,0.0,0.0,0.0,0.0,0.0,0.0,,,,,,,,,,,,,,,,,,,,,,,,,,,,,,,,,,,,,,,,,MIA,DT,2025,0.0,0.0,0.0
4242442,Princeton Fant,1.0,0.0,0.0,0.0,,,,,,,,,,,,,,,,,,,,,,,,,,,,,,,,,,,,,0.0,1.0,1.0,0.0,0.0,0.0,0.0,0.0,0.0,0.0,0.0,,,,,,,,,,,,,,,,,,,,,,,,,,,,,,,,,,,,,,,,,,,,,,,,,,DAL,TE,2025,0.0,0.0,0.0
4242436,Theo Jackson,14.0,1.0,1.0,0.0,,,,,,,,,,,,,,,,,,,,,,,,,,,,,,,,,,,,,22.0,25.0,47.0,2.0,20.0,3.0,1.0,0.0,0.0,0.0,0.0,0.0,0.0,0.0,0.0,0.0,0.0,0.0,0.0,0.0,,,,,,,,,,,,,,,,,,,,,,,,,,,,,,,,,,,,,,,,,MIN,S,2025,0.0,0.0,0.0
4242415,Daniel Scott,4.0,0.0,0.0,0.0,,,,,,,,,,,,,,,,,,,,,,,,,,,,,,,,,,,,,2.0,0.0,2.0,0.0,0.0,0.0,0.0,0.0,0.0,0.0,0.0,0.0,0.0,0.0,0.0,0.0,0.0,0.0,0.0,0.0,,,,,,,,,,,,,,,,,,,,,,,,,,,,,,,,,,,,,,,,,IND,S,2025,0.0,0.0,0.0
4242996,Arron Mosby,12.0,0.0,0.0,0.0,,,,,,,,,,,,,,,,,,,,,,,,,,,,,,,,,,,,,5.0,3.0,8.0,0.0,0.0,0.0,0.0,0.0,0.0,0.0,0.0,0.0,0.0,0.0,0.0,0.0,0.0,0.0,0.0,0.0,,,,,,,,,,,,,,,,,,,,,,,,,,,,,,,,,,,,,,,,,GB,DE,2025,0.0,0.0,0.0
4240456,Michael Carter II,13.0,0.0,0.0,0.0,,,,,,,,,,,,,,,,,,,,,,,,,,,,,,,,,,,,,12.0,12.0,24.0,0.0,0.0,1.0,2.0,0.0,0.0,0.0,0.0,0.0,0.0,0.0,0.0,0.0,0.0,0.0,0.0,0.0,,,,,,,,,,,,,,,,,,,,,,,,,,,,,,,,,,,,,,,,,PHI,CB,2025,0.0,0.0,0.0
4240435,Zach Tom,12.0,0.0,0.0,0.0,,,,,,,,,,,,,,,,,,,,,,,,,,,,,,,,,,,,,1.0,0.0,1.0,0.0,0.0,0.0,0.0,0.0,0.0,0.0,0.0,0.0,0.0,0.0,0.0,0.0,0.0,0.0,0.0,0.0,,,,,,,,,,,,,,,,,,,,,,,,,,,,,,,,,,,,,,,,,GB,OT,2025,0.0,0.0,0.0
4240434,Ja'Sir Taylor,17.0,0.0,0.0,0.0,,,,,,,,,,,,,,,,,,,,,,,,,,,,,,,,,,,,,12.0,9.0,21.0,0.0,0.0,0.0,1.0,0.0,0.0,0.0,0.0,0.0,0.0,0.0,0.0,0.0,0.0,0.0,0.0,0.0,,,,,,,,,,,,,,,,,,,,,,,,,,,,,,,,,,,,,,,,,CIN,CB,2025,0.0,0.0,0.0
4240405,Kingsley Jonathan,1.0,0.0,0.0,0.0,,,,,,,,,,,,,,,,,,,,,,,,,,,,,,,,,,,,,0.0,1.0,1.0,0.0,0.0,0.0,0.0,0.0,0.0,0.0,0.0,,,,,,,,,,,,,,,,,,,,,,,,,,,,,,,,,,,,,,,,,,,,,,,,,,NYJ,DE,2025,0.0,0.0,0.0
4240401,Ifeatu Melifonwu,16.0,0.0,0.0,0.0,,,,,,,,,,,,,,,,,,,,,,,,,,,,,,,,,,,,,31.0,22.0,53.0,1.0,13.0,1.0,1.0,0.0,1.0,0.0,0.0,0.0,0.0,0.0,0.0,0.0,0.0,0.0,0.0,0.0,,,,,,,,,,,,,,,,,,,,,,,,,,,,,,,,,,,,,,,,,,,2025,0.0,0.0,0.0
4240123,Larrell Murchison,16.0,0.0,0.0,0.0,,,,,,,,,,,,,,,,,,,,,,,,,,,,,,,,,,,,,2.0,6.0,8.0,2.0,15.0,2.0,0.0,0.0,0.0,0.0,0.0,0.0,0.0,0.0,0.0,0.0,0.0,0.0,0.0,0.0,,,,,,,,,,,,,,,,,,,,,,,,,,,,,,,,,,,,,,,,,LAR,DE,2025,0.0,0.0,0.0
4240059,Ja'Marcus Ingram,11.0,0.0,0.0,0.0,,,,,,,,,,,,,,,,,,,,,,,,,,,,,,,,,,,,,7.0,5.0,12.0,0.0,0.0,0.0,2.0,0.0,0.0,0.0,0.0,0.0,0.0,0.0,0.0,0.0,0.0,0.0,0.0,0.0,,,,,,,,,,,,,,,,,,,,,,,,,,,,,,,,,,,,,,,,,HOU,CB,2025,0.0,0.0,0.0
4240042,Cory Durden,17.0,0.0,0.0,0.0,,,,,,,,,,,,,,,,,,,,,,,,,,,,,,,,,,,,,10.0,20.0,30.0,0.0,0.0,5.0,0.0,0.0,0.0,0.0,0.0,0.0,0.0,0.0,0.0,0.0,0.0,0.0,0.0,0.0,,,,,,,,,,,,,,,,,,,,,,,,,,,,,,,,,,,,,,,,,NE,DT,2025,0.0,0.0,0.0
4239997,Baylon Spector,3.0,0.0,0.0,0.0,,,,,,,,,,,,,,,,,,,,,,,,,,,,,,,,,,,,,2.0,1.0,3.0,0.0,0.0,0.0,0.0,0.0,0.0,0.0,0.0,,,,,,,,,,,,,,,,,,,,,,,,,,,,,,,,,,,,,,,,,,,,,,,,,,,,2025,0.0,0.0,0.0
4239995,A.J. Terrell Jr.,15.0,2.0,0.0,0.0,,,,,,,,,,,,,,,,,,,,,,,,,,,,,,,,,,,,,49.0,19.0,68.0,0.0,0.0,1.0,12.0,0.0,0.0,0.0,0.0,,,,,,,,,,,,,,,,,,,,,,,,,,,,,,,,,,,,,,,,,,,,,,,,,,ATL,CB,2025,0.0,0.0,0.0
4239947,Isaiah McDuffie,17.0,0.0,0.0,0.0,,,,,,,,,,,,,,,,,,,,,,,,,,,,,,,,,,,,,47.0,45.0,92.0,1.0,7.0,3.0,1.0,0.0,1.0,0.0,0.0,0.0,0.0,0.0,0.0,0.0,0.0,0.0,0.0,0.0,,,,,,,,,,,,,,,,,,,,,,,,,,,,,,,,,,,,,,,,,GB,LB,2025,0.0,0.0,0.0
4241007,D'Marco Jackson,16.0,0.0,0.0,0.0,,,,,,,,,,,,,,,,,,,,,,,,,,,,,,,,,,,,,18.0,25.0,43.0,1.0,8.0,2.0,3.0,0.0,1.0,0.0,0.0,0.0,0.0,0.0,0.0,0.0,0.0,0.0,0.0,0.0,,,,,,,,,,,,,,,,,,,,,,,,,,,,,,,,,,,,,,,,,CHI,LB,2025,0.0,0.0,0.0
4239719,Malcolm Koonce,17.0,1.0,0.0,0.0,,,,,,,,,,,,,,,,,,,,,,,,,,,,,,,,,,,,,14.0,16.0,30.0,4.5,20.5,6.0,0.0,0.0,0.0,0.0,0.0,0.0,0.0,0.0,0.0,0.0,0.0,0.0,0.0,0.0,,,,,,,,,,,,,,,,,,,,,,,,,,,,,,,,,,,,,,,,,LV,DE,2025,0.0,0.0,0.0
4239699,Milton Williams,12.0,0.0,0.0,0.0,,,,,,,,,,,,,,,,,,,,,,,,,,,,,,,,,,,,,15.0,14.0,29.0,3.5,24.0,8.0,1.0,0.0,0.0,0.0,0.0,0.0,0.0,0.0,0.0,0.0,0.0,0.0,0.0,0.0,,,,,,,,,,,,,,,,,,,,,,,,,,,,,,,,,,,,,,,,,NE,DE,2025,0.0,0.0,0.0
4239694,Amik Robertson,17.0,2.0,0.0,0.0,,,,,,,,,,,,,,,,,,,,,,,,,,,,,,,,,,,,,43.0,9.0,52.0,0.0,0.0,2.0,12.0,2.0,1.0,2.0,0.0,,,,,,,,,,,,,,,,,,,,,,,,,,,,,,,,,,,,,,,,,,,,,,,,,,WSH,CB,2025,0.0,0.0,0.0
4218312,Kenny Moore II,14.0,2.0,0.0,0.0,,,,,,,,,,,,,,,,,,,,,,,,,,,,,,,,,,,,,34.0,21.0,55.0,1.5,3.0,3.0,6.0,32.0,1.0,32.0,1.0,,,,,,,,,,,,,,,,,,,,,,,,,,,,,,,,,,,,,,,,,,,,,,,,,,,,2025,0.0,0.0,0.0
4077786,Sam Roberts,5.0,0.0,0.0,0.0,,,,,,,,,,,,,,,,,,,,,,,,,,,,,,,,,,,,,6.0,12.0,18.0,1.0,0.0,1.0,0.0,0.0,0.0,0.0,0.0,,,,,,,,,,,,,,,,,,,,,,,,,,,,,,,,,,,,,,,,,,,,,,,,,,NYG,DT,2025,0.0,0.0,0.0
4076951,Nathan Shepherd,16.0,1.0,0.0,0.0,,,,,,,,,,,,,,,,,,,,,,,,,,,,,,,,,,,,,23.0,24.0,47.0,3.0,28.0,4.0,0.0,0.0,0.0,0.0,0.0,,,,,,,,,,,,,,,,,,,,,,,,,,,,,,,,,,,,,,,,,,,,,,,,,,NO,DT,2025,0.0,0.0,0.0
4066109,Eyioma Uwazurike,17.0,0.0,0.0,0.0,,,,,,,,,,,,,,,,,,,,,,,,,,,,,,,,,,,,,16.0,23.0,39.0,3.5,16.5,5.0,0.0,0.0,0.0,0.0,0.0,0.0,0.0,0.0,0.0,0.0,0.0,0.0,0.0,0.0,,,,,,,,,,,,,,,,,,,,,,,,,,,,,,,,,,,,,,,,,DEN,DE,2025,0.0,0.0,0.0
4058925,Tershawn Wharton,9.0,0.0,0.0,0.0,,,,,,,,,,,,,,,,,,,,,,,,,,,,,,,,,,,,,11.0,25.0,36.0,2.0,8.0,2.0,1.0,0.0,0.0,0.0,0.0,,,,,,,,,,,,,,,,,,,,,,,,,,,,,,,,,,,,,,,,,,,,,,,,,,CAR,DT,2025,0.0,0.0,0.0
4058825,Grover Stewart,17.0,1.0,0.0,0.0,,,,,,,,,,,,,,,,,,,,,,,,,,,,,,,,,,,,,23.0,32.0,55.0,0.5,0.0,5.0,4.0,3.0,1.0,3.0,0.0,,,,,,,,,,,,,,,,,,,,,,,,,,,,,,,,,,,,,,,,,,,,,,,,,,IND,DT,2025,0.0,0.0,0.0
4052017,C.J. Brewer,5.0,0.0,0.0,0.0,,,,,,,,,,,,,,,,,,,,,,,,,,,,,,,,,,,,,2.0,2.0,4.0,0.5,3.5,0.0,0.0,0.0,0.0,0.0,0.0,0.0,0.0,0.0,0.0,0.0,0.0,0.0,0.0,0.0,,,,,,,,,,,,,,,,,,,,,,,,,,,,,,,,,,,,,,,,,,,2025,0.0,0.0,0.0
4051069,Caleb Johnson,2.0,0.0,0.0,0.0,,,,,,,,,,,,,,,,,,,,,,,,,,,,,,,,,,,,,1.0,1.0,2.0,0.0,0.0,0.0,0.0,0.0,0.0,0.0,0.0,,,,,,,,,,,,,,,,,,,,,,,,,,,,,,,,,,,,,,,,,,,,,,,,,,,,2025,0.0,0.0,0.0
4051001,Cole Strange,14.0,0.0,0.0,0.0,,,,,,,,,,,,,,,,,,,,,,,,,,,,,,,,,,,,,1.0,0.0,1.0,0.0,0.0,0.0,0.0,0.0,0.0,0.0,0.0,0.0,0.0,0.0,0.0,0.0,0.0,0.0,0.0,0.0,,,,,,,,,,,,,,,,,,,,,,,,,,,,,,,,,,,,,,,,,LAC,G,2025,0.0,0.0,0.0
4239833,Darious Williams,12.0,0.0,0.0,0.0,,,,,,,,,,,,,,,,,,,,,,,,,,,,,,,,,,,,,18.0,7.0,25.0,0.0,0.0,1.0,8.0,18.0,1.0,18.0,0.0,0.0,0.0,0.0,0.0,0.0,0.0,0.0,0.0,0.0,,,,,,,,,,,,,,,,,,,,,,,,,,,,,,,,,,,,,,,,,,,2025,0.0,0.0,0.0
4240920,Dan Moore Jr.,16.0,0.0,0.0,0.0,,,,,,,,,,,,,,,,,,,,,,,,,,,,,,,,,,,,,1.0,0.0,1.0,0.0,0.0,0.0,0.0,0.0,0.0,0.0,0.0,0.0,0.0,0.0,0.0,0.0,0.0,0.0,0.0,0.0,,,,,,,,,,,,,,,,,,,,,,,,,,,,,,,,,,,,,,,,,TEN,OT,2025,0.0,0.0,0.0
4240900,Buddy Johnson,13.0,0.0,0.0,0.0,,,,,,,,,,,,,,,,,,,,,,,,,,,,,,,,,,,,,8.0,6.0,14.0,0.0,0.0,1.0,0.0,0.0,0.0,0.0,0.0,0.0,0.0,0.0,0.0,0.0,0.0,0.0,0.0,0.0,,,,,,,,,,,,,,,,,,,,,,,,,,,,,,,,,,,,,,,,,,,2025,0.0,0.0,0.0
4240896,Micheal Clemons,16.0,0.0,0.0,0.0,,,,,,,,,,,,,,,,,,,,,,,,,,,,,,,,,,,,,9.0,13.0,22.0,1.0,4.0,3.0,2.0,0.0,0.0,0.0,0.0,0.0,0.0,0.0,0.0,0.0,0.0,0.0,0.0,0.0,,,,,,,,,,,,,,,,,,,,,,,,,,,,,,,,,,,,,,,,,IND,DE,2025,0.0,0.0,0.0
4240849,Charles Snowden,15.0,0.0,0.0,0.0,,,,,,,,,,,,,,,,,,,,,,,,,,,,,,,,,,,,,17.0,11.0,28.0,3.0,15.0,5.0,2.0,18.0,1.0,18.0,0.0,0.0,0.0,0.0,0.0,0.0,0.0,0.0,0.0,0.0,,,,,,,,,,,,,,,,,,,,,,,,,,,,,,,,,,,,,,,,,DAL,LB,2025,0.0,0.0,0.0
4240780,Lonnie Johnson Jr.,9.0,0.0,0.0,0.0,,,,,,,,,,,,,,,,,,,,,,,,,,,,,,,,,,,,,14.0,11.0,25.0,0.0,0.0,0.0,2.0,0.0,0.0,0.0,0.0,0.0,0.0,0.0,0.0,0.0,0.0,0.0,0.0,0.0,,,,,,,,,,,,,,,,,,,,,,,,,,,,,,,,,,,,,,,,,MIA,S,2025,0.0,0.0,0.0
4240778,Jamin Davis,2.0,0.0,0.0,0.0,,,,,,,,,,,,,,,,,,,,,,,,,,,,,,,,,,,,,1.0,2.0,3.0,0.0,0.0,0.0,0.0,0.0,0.0,0.0,0.0,0.0,0.0,0.0,0.0,0.0,0.0,0.0,0.0,0.0,,,,,,,,,,,,,,,,,,,,,,,,,,,,,,,,,,,,,,,,,PIT,LB,2025,0.0,0.0,0.0
4240759,Esezi Otomewo,12.0,0.0,0.0,0.0,,,,,,,,,,,,,,,,,,,,,,,,,,,,,,,,,,,,,5.0,4.0,9.0,1.0,1.0,1.0,0.0,0.0,0.0,0.0,0.0,0.0,0.0,0.0,0.0,0.0,0.0,0.0,0.0,0.0,,,,,,,,,,,,,,,,,,,,,,,,,,,,,,,,,,,,,,,,,PIT,DT,2025,0.0,0.0,0.0
4240754,Boye Mafe,17.0,1.0,0.0,0.0,,,,,,,,,,,,,,,,,,,,,,,,,,,,,,,,,,,,,11.0,20.0,31.0,2.0,18.0,4.0,5.0,0.0,0.0,0.0,0.0,0.0,0.0,0.0,0.0,0.0,0.0,0.0,0.0,0.0,,,,,,,,,,,,,,,,,,,,,,,,,,,,,,,,,,,,,,,,,CIN,DE,2025,0.0,0.0,0.0
4240719,Cal Adomitis,9.0,0.0,0.0,0.0,,,,,,,,,,,,,,,,,,,,,,,,,,,,,,,,,,,,,1.0,1.0,2.0,0.0,0.0,0.0,0.0,0.0,0.0,0.0,0.0,0.0,0.0,0.0,0.0,0.0,0.0,0.0,0.0,0.0,,,,,,,,,,,,,,,,,,,,,,,,,,,,,,,,,,,,,,,,,,,2025,0.0,0.0,0.0
4240706,Jason Pinnock,17.0,0.0,0.0,0.0,,,,,,,,,,,,,,,,,,,,,,,,,,,,,,,,,,,,,27.0,14.0,41.0,0.0,0.0,1.0,0.0,0.0,0.0,0.0,0.0,0.0,0.0,0.0,0.0,0.0,0.0,0.0,0.0,0.0,,,,,,,,,,,,,,,,,,,,,,,,,,,,,,,,,,,,,,,,,NYG,S,2025,0.0,0.0,0.0
4240692,Monty Rice,1.0,0.0,0.0,0.0,,,,,,,,,,,,,,,,,,,,,,,,,,,,,,,,,,,,,0.0,2.0,2.0,0.0,0.0,0.0,0.0,0.0,0.0,0.0,0.0,,,,,,,,,,,,,,,,,,,,,,,,,,,,,,,,,,,,,,,,,,,,,,,,,,,,2025,0.0,0.0,0.0
4240677,Jordon Riley,4.0,0.0,0.0,0.0,,,,,,,,,,,,,,,,,,,,,,,,,,,,,,,,,,,,,2.0,0.0,2.0,0.0,0.0,0.0,0.0,0.0,0.0,0.0,0.0,0.0,0.0,0.0,0.0,0.0,0.0,0.0,0.0,0.0,,,,,,,,,,,,,,,,,,,,,,,,,,,,,,,,,,,,,,,,,GB,DT,2025,0.0,0.0,0.0
4240464,Victor Dimukeje,5.0,0.0,0.0,0.0,,,,,,,,,,,,,,,,,,,,,,,,,,,,,,,,,,,,,1.0,2.0,3.0,0.0,0.0,0.0,1.0,0.0,0.0,0.0,0.0,0.0,0.0,0.0,0.0,0.0,0.0,0.0,0.0,0.0,,,,,,,,,,,,,,,,,,,,,,,,,,,,,,,,,,,,,,,,,,,2025,0.0,0.0,0.0
4240619,Zachary Carter,4.0,1.0,0.0,0.0,,,,,,,,,,,,,,,,,,,,,,,,,,,,,,,,,,,,,5.0,8.0,13.0,0.0,0.0,0.0,0.0,0.0,0.0,0.0,0.0,,,,,,,,,,,,,,,,,,,,,,,,,,,,,,,,,,,,,,,,,,,,,,,,,,ARI,DT,2025,0.0,0.0,0.0
4240612,T.J. Slaton Jr.,17.0,0.0,0.0,0.0,,,,,,,,,,,,,,,,,,,,,,,,,,,,,,,,,,,,,19.0,33.0,52.0,3.0,19.0,4.0,0.0,0.0,0.0,0.0,0.0,0.0,0.0,0.0,0.0,0.0,0.0,0.0,0.0,0.0,,,,,,,,,,,,,,,,,,,,,,,,,,,,,,,,,,,,,,,,,CIN,DT,2025,0.0,0.0,0.0
4240610,Ventrell Miller,17.0,2.0,0.0,0.0,,,,,,,,,,,,,,,,,,,,,,,,,,,,,,,,,,,,,17.0,21.0,38.0,0.0,0.0,0.0,4.0,0.0,1.0,0.0,0.0,0.0,0.0,0.0,0.0,0.0,0.0,0.0,0.0,0.0,,,,,,,,,,,,,,,,,,,,,,,,,,,,,,,,,,,,,,,,,JAX,LB,2025,0.0,0.0,0.0
4240608,James Houston,17.0,1.0,1.0,0.0,,,,,,,,,,,,,,,,,,,,,,,,,,,,,,,,,,,,,18.0,17.0,35.0,5.5,46.5,6.0,0.0,0.0,0.0,0.0,0.0,0.0,0.0,0.0,0.0,0.0,0.0,0.0,0.0,0.0,,,,,,,,,,,,,,,,,,,,,,,,,,,,,,,,,,,,,,,,,DAL,LB,2025,0.0,0.0,0.0
4240596,C.J. Henderson,4.0,0.0,0.0,0.0,,,,,,,,,,,,,,,,,,,,,,,,,,,,,,,,,,,,,8.0,5.0,13.0,0.0,0.0,0.0,3.0,0.0,1.0,0.0,0.0,0.0,0.0,0.0,0.0,0.0,0.0,0.0,0.0,0.0,,,,,,,,,,,,,,,,,,,,,,,,,,,,,,,,,,,,,,,,,ATL,CB,2025,0.0,0.0,0.0
4240595,Marco Wilson,4.0,0.0,0.0,0.0,,,,,,,,,,,,,,,,,,,,,,,,,,,,,,,,,,,,,3.0,0.0,3.0,0.0,0.0,0.0,0.0,0.0,0.0,0.0,0.0,0.0,0.0,0.0,0.0,0.0,0.0,0.0,0.0,0.0,,,,,,,,,,,,,,,,,,,,,,,,,,,,,,,,,,,,,,,,,MIA,CB,2025,0.0,0.0,0.0
4240585,AJ Epenesa,16.0,0.0,1.0,0.0,,,,,,,,,,,,,,,,,,,,,,,,,,,,,,,,,,,,,17.0,15.0,32.0,2.5,16.0,2.0,4.0,24.0,2.0,25.0,0.0,0.0,0.0,0.0,0.0,0.0,0.0,0.0,0.0,0.0,,,,,,,,,,,,,,,,,,,,,,,,,,,,,,,,,,,,,,,,,PHI,DE,2025,0.0,0.0,0.0
4240575,Geno Stone,17.0,0.0,0.0,0.0,,,,,,,,,,,,,,,,,,,,,,,,,,,,,,,,,,,,,65.0,39.0,104.0,2.0,11.0,4.0,4.0,32.0,2.0,57.0,1.0,0.0,0.0,0.0,0.0,0.0,0.0,0.0,0.0,0.0,,,,,,,,,,,,,,,,,,,,,,,,,,,,,,,,,,,,,,,,,BUF,S,2025,0.0,0.0,0.0
4240542,Nate Hobbs,11.0,0.0,0.0,0.0,,,,,,,,,,,,,,,,,,,,,,,,,,,,,,,,,,,,,14.0,13.0,27.0,0.0,0.0,2.0,2.0,0.0,0.0,0.0,0.0,0.0,0.0,0.0,0.0,0.0,0.0,0.0,0.0,0.0,2.0,45.0,22.5,23.0,0.0,0.0,0.0,0.0,0.0,0.0,0.0,,,,,,,,,,,,,,,,,,,,,,,,,,,,,,SF,CB,2025,0.0,0.0,0.0
4240532,Tony Adams,12.0,0.0,0.0,0.0,,,,,,,,,,,,,,,,,,,,,,,,,,,,,,,,,,,,,31.0,18.0,49.0,1.0,8.0,3.0,5.0,0.0,0.0,0.0,0.0,0.0,0.0,0.0,0.0,0.0,0.0,0.0,0.0,0.0,,,,,,,,,,,,,,,,,,,,,,,,,,,,,,,,,,,,,,,,,TEN,S,2025,0.0,0.0,0.0
4240528,Del'Shawn Phillips,17.0,0.0,1.0,0.0,,,,,,,,,,,,,,,,,,,,,,,,,,,,,,,,,,,,,16.0,21.0,37.0,1.0,5.0,1.0,0.0,0.0,0.0,0.0,0.0,0.0,0.0,0.0,0.0,0.0,0.0,0.0,0.0,0.0,,,,,,,,,,,,,,,,,,,,,,,,,,,,,,,,,,,,,,,,,LAC,LB,2025,0.0,0.0,0.0
4240475,Chris Rumph II,17.0,1.0,0.0,0.0,,,,,,,,,,,,,,,,,,,,,,,,,,,,,,,,,,,,,24.0,23.0,47.0,2.0,12.0,3.0,1.0,0.0,0.0,0.0,0.0,,,,,,,,,,,,,,,,,,,,,,,,,,,,,,,,,,,,,,,,,,,,,,,,,,NO,DE,2025,0.0,0.0,0.0
4240623,DJ Johnson,4.0,0.0,0.0,0.0,,,,,,,,,,,,,,,,,,,,,,,,,,,,,,,,,,,,,2.0,0.0,2.0,0.0,0.0,0.0,0.0,0.0,0.0,0.0,0.0,0.0,0.0,0.0,0.0,0.0,0.0,0.0,0.0,0.0,,,,,,,,,,,,,,,,,,,,,,,,,,,,,,,,,,,,,,,,,WSH,DE,2025,0.0,0.0,0.0
3059989,Nick Mullens,5.0,0.0,0.0,0.0,3.0,3.0,100.0,19.0,6.333000183105469,3.799999952316284,8.0,0.0,0.0,0.0,0.0,89.57,93.05599975585938,85.81,12.0,-8.0,-0.6669999957084656,0.0,0.0,0.0,-1.600000023841858,0.0,0.0,0.0,0.0,0.0,0.0,0.0,0.0,0.0,0.0,0.0,0.0,0.0,0.0,0.0,0.0,1.0,1.0,0.0,0.0,0.0,0.0,0.0,0.0,0.0,0.0,0.0,0.0,0.0,0.0,0.0,0.0,0.0,0.0,0.0,,,,,,,,,,,,,,,,,,,,,,,,,,,,,,,,,,,,,,,,,JAX,QB,2025,-0.040000000000000036,-0.040000000000000036,-0.040000000000000036
4428512,Kedon Slovis,2.0,,,0.0,1.0,2.0,50.0,-2.0,-1.0,-1.0,0.0,0.0,0.0,0.0,0.0,0.29,56.25,0.29,0.0,0.0,0.0,0.0,0.0,0.0,0.0,0.0,0.0,0.0,0.0,0.0,0.0,0.0,0.0,0.0,0.0,0.0,0.0,0.0,0.0,0.0,,,,,,,,,,,,,,,,,,,,,,,,,,,,,,,,,,,,,,,,,,,,,,,,,,,,,,,,,,,,,ARI,QB,2025,-0.08,-0.08,-0.08
3892775,Jarrett Stidham,1.0,,,0.0,0.0,0.0,0.0,0.0,0.0,0.0,0.0,0.0,0.0,0.0,0.0,,39.58300018310547,,1.0,-1.0,-1.0,-1.0,0.0,0.0,-1.0,0.0,0.0,0.0,0.0,0.0,0.0,0.0,0.0,0.0,0.0,0.0,0.0,0.0,0.0,0.0,,,,,,,,,,,,,,,,,,,,,,,,,,,,,,,,,,,,,,,,,,,,,,,,,,,,,,,,,,,,,DEN,QB,2025,-0.1,-0.1,-0.1
4361182,Adrian Martinez,1.0,,,0.0,0.0,0.0,0.0,0.0,0.0,0.0,0.0,0.0,0.0,0.0,0.0,,39.58300018310547,,1.0,-1.0,-1.0,-1.0,0.0,0.0,-1.0,0.0,0.0,0.0,0.0,0.0,0.0,0.0,0.0,0.0,0.0,0.0,0.0,0.0,0.0,0.0,,,,,,,,,,,,,,,,,,,,,,,,,,,,,,,,,,,,,,,,,,,,,,,,,,,,,,,,,,,,,SF,QB,2025,-0.1,-0.1,-0.1
4037457,Travis Homer,10.0,0.0,0.0,0.0,0.0,0.0,0.0,0.0,0.0,0.0,0.0,0.0,0.0,0.0,0.0,,39.58300018310547,,1.0,-2.0,-2.0,-2.0,0.0,0.0,-0.20000000298023224,0.0,0.0,0.0,0.0,0.0,0.0,0.0,0.0,0.0,0.0,0.0,0.0,0.0,0.0,0.0,5.0,5.0,10.0,0.0,0.0,0.0,0.0,0.0,0.0,0.0,0.0,0.0,0.0,0.0,0.0,0.0,0.0,0.0,0.0,0.0,,,,,,,,,,,,,,,,,,,,,,,,,,,,,,,,,,,,,,,,,PIT,RB,2025,-0.2,-0.2,-0.2
3916430,Nyheim Hines,4.0,,,0.0,0.0,0.0,0.0,0.0,0.0,0.0,0.0,0.0,0.0,0.0,0.0,,39.58300018310547,,2.0,-2.0,-1.0,1.0,0.0,0.0,-0.5,0.0,0.0,0.0,0.0,0.0,0.0,0.0,0.0,0.0,0.0,0.0,0.0,0.0,0.0,0.0,,,,,,,,,,,,,,,,,,,,,7.0,195.0,27.85714340209961,40.0,0.0,1.0,11.0,11.0,11.0,0.0,0.0,,,,,,,,,,,,,,,,,,,,,,,,,,,,,,,,2025,-0.2,-0.2,-0.2
3115293,Kyle Allen,3.0,,,0.0,0.0,2.0,0.0,0.0,0.0,0.0,0.0,0.0,0.0,0.0,0.0,4.86,39.58300018310547,4.78,3.0,-3.0,-1.0,-1.0,0.0,0.0,-1.0,0.0,0.0,0.0,0.0,0.0,0.0,0.0,0.0,0.0,0.0,0.0,0.0,0.0,0.0,0.0,,,,,,,,,,,,0.0,0.0,0.0,0.0,0.0,0.0,0.0,0.0,0.0,,,,,,,,,,,,,,,,,,,,,,,,,,,,,,,,,,,,,,,,,BUF,QB,2025,-0.3,-0.3,-0.3
4038524,Gardner Minshew II,4.0,,,0.0,6.0,13.0,46.15399932861328,37.0,2.8459999561309814,9.25,12.0,0.0,1.0,0.0,0.0,11.98,20.993999481201172,12.16,6.0,2.0,0.3330000042915344,8.0,0.0,0.0,0.5,0.0,0.0,0.0,0.0,0.0,0.0,0.0,0.0,0.0,0.0,0.0,0.0,0.0,0.0,0.0,,,,,,,,,,,,,,,,,,,,,,,,,,,,,,,,,,,,,,,,,,,,,,,,,,,,,,,,,,,,,ARI,QB,2025,-0.32,-0.32,-0.32
16760,Jimmy Garoppolo,3.0,,,0.0,0.0,0.0,0.0,0.0,0.0,0.0,0.0,0.0,0.0,0.0,0.0,0.87,39.58300018310547,0.82,9.0,-10.0,-1.1109999418258667,-1.0,0.0,0.0,-3.3333332538604736,0.0,0.0,0.0,0.0,0.0,0.0,0.0,0.0,0.0,0.0,0.0,0.0,0.0,0.0,0.0,,,,,,,,,,,,,,,,,,,,,,,,,,,,,,,,,,,,,,,,,,,,,,,,,,,,,,,,,,,,,,,2025,-1.0,-1.0,-1.0
3936185,Jamie Gillan,16.0,0.0,0.0,0.0,0.0,0.0,0.0,0.0,0.0,0.0,0.0,0.0,0.0,0.0,0.0,0.0,39.58300018310547,0.0,1.0,-13.0,-13.0,-13.0,0.0,0.0,-0.8125,0.0,0.0,0.0,0.0,0.0,0.0,0.0,0.0,0.0,0.0,0.0,0.0,0.0,0.0,0.0,1.0,0.0,1.0,0.0,0.0,0.0,0.0,0.0,0.0,0.0,0.0,,,,,,,,,,,,,,,,,,,,,0.0,0.0,0.0,0.0,0.0,0.0,0.0,0.0,0.0,0.0,0.0,0.0,0.0,0.0,0.0,1.0,0.0,55.0,2445.0,69.0,44.45500183105469,37.9640007019043,0.0,17.0,4.0,17.0,24.0,277.0,11.541999816894531,,,2025,-1.3,-1.3,-1.3
4432734,Jalen Milroe,3.0,,,-3.0,0.0,0.0,0.0,0.0,0.0,0.0,0.0,0.0,0.0,0.0,0.0,0.0,39.58300018310547,0.0,3.0,4.0,1.3329999446868896,3.0,0.0,0.0,1.3333333730697632,1.0,1.0,0.0,0.0,0.0,0.0,0.0,0.0,0.0,0.0,0.0,0.0,0.0,0.0,0.0,,,,,,,,,,,,,,,,,,,,,,,,,,,,,,,,,,,,,,,,,,,,,,,,,,,,,,,,,,,,,SEA,QB,2025,-1.6,-1.6,-1.6
4035239,Braden Mann,17.0,,,0.0,0.0,0.0,0.0,0.0,0.0,0.0,0.0,0.0,0.0,0.0,0.0,,39.58300018310547,,1.0,-34.0,-34.0,-34.0,0.0,0.0,-2.0,0.0,0.0,0.0,0.0,0.0,0.0,0.0,0.0,0.0,0.0,0.0,0.0,0.0,0.0,0.0,,,,,,,,,,,,,,,,,,,,,,,,,,,,,,,,,,,,,,,,,,,,,,,,,72.0,3591.0,70.0,49.875,42.79199981689453,0.0,20.0,8.0,11.0,34.0,350.0,10.293999671936035,PHI,P,2025,-3.4,-3.4,-3.4
